{
  "checks": [
    {
      "name": "fifth-class-coverage",
      "passed": true
    },
    {
      "name": "anchored-fifth-count",
      "passed": true
    },
    {
      "detail": {
        "digest_sha256": "bdc2120ed6099e3dc909c5aa7f69444ad006bc7de2b209a5602c86ccd3639c9a",
        "transports": 124864
      },
      "name": "all-original-transport-inverse-laws",
      "passed": true
    },
    {
      "detail": {
        "(1, 1, 1, 1, 1)": 93872,
        "(2, 1, 1, 1)": 27676,
        "(2, 2, 1)": 1572,
        "(3, 1, 1)": 1572,
        "(3, 2)": 84,
        "(4, 1)": 84,
        "(5,)": 4
      },
      "name": "all-multiplicity-pattern-counts",
      "passed": true
    },
    {
      "name": "anchored-class-multiplicities",
      "passed": true
    },
    {
      "name": "original-source-row-0",
      "passed": true
    },
    {
      "name": "full-polynomial-record-0",
      "passed": true
    },
    {
      "name": "all-signed-source-directions-0",
      "passed": true
    },
    {
      "name": "raw-signed-columns-0",
      "passed": true
    },
    {
      "name": "original-cycle-count-0",
      "passed": true
    },
    {
      "name": "original-source-row-1",
      "passed": true
    },
    {
      "name": "full-polynomial-record-1",
      "passed": true
    },
    {
      "name": "all-signed-source-directions-1",
      "passed": true
    },
    {
      "name": "raw-signed-columns-1",
      "passed": true
    },
    {
      "name": "original-cycle-count-1",
      "passed": true
    },
    {
      "name": "original-source-row-2",
      "passed": true
    },
    {
      "name": "full-polynomial-record-2",
      "passed": true
    },
    {
      "name": "all-signed-source-directions-2",
      "passed": true
    },
    {
      "name": "raw-signed-columns-2",
      "passed": true
    },
    {
      "name": "original-cycle-count-2",
      "passed": true
    },
    {
      "name": "original-source-row-3",
      "passed": true
    },
    {
      "name": "full-polynomial-record-3",
      "passed": true
    },
    {
      "name": "all-signed-source-directions-3",
      "passed": true
    },
    {
      "name": "raw-signed-columns-3",
      "passed": true
    },
    {
      "name": "original-cycle-count-3",
      "passed": true
    },
    {
      "name": "original-source-row-4",
      "passed": true
    },
    {
      "name": "full-polynomial-record-4",
      "passed": true
    },
    {
      "name": "all-signed-source-directions-4",
      "passed": true
    },
    {
      "name": "raw-signed-columns-4",
      "passed": true
    },
    {
      "name": "original-cycle-count-4",
      "passed": true
    },
    {
      "name": "original-source-row-5",
      "passed": true
    },
    {
      "name": "full-polynomial-record-5",
      "passed": true
    },
    {
      "name": "all-signed-source-directions-5",
      "passed": true
    },
    {
      "name": "raw-signed-columns-5",
      "passed": true
    },
    {
      "name": "original-cycle-count-5",
      "passed": true
    },
    {
      "name": "original-source-row-6",
      "passed": true
    },
    {
      "name": "full-polynomial-record-6",
      "passed": true
    },
    {
      "name": "all-signed-source-directions-6",
      "passed": true
    },
    {
      "name": "raw-signed-columns-6",
      "passed": true
    },
    {
      "name": "original-cycle-count-6",
      "passed": true
    },
    {
      "name": "original-source-row-7",
      "passed": true
    },
    {
      "name": "full-polynomial-record-7",
      "passed": true
    },
    {
      "name": "all-signed-source-directions-7",
      "passed": true
    },
    {
      "name": "raw-signed-columns-7",
      "passed": true
    },
    {
      "name": "original-cycle-count-7",
      "passed": true
    },
    {
      "name": "original-source-row-8",
      "passed": true
    },
    {
      "name": "full-polynomial-record-8",
      "passed": true
    },
    {
      "name": "all-signed-source-directions-8",
      "passed": true
    },
    {
      "name": "raw-signed-columns-8",
      "passed": true
    },
    {
      "name": "original-cycle-count-8",
      "passed": true
    },
    {
      "name": "original-source-row-9",
      "passed": true
    },
    {
      "name": "full-polynomial-record-9",
      "passed": true
    },
    {
      "name": "all-signed-source-directions-9",
      "passed": true
    },
    {
      "name": "raw-signed-columns-9",
      "passed": true
    },
    {
      "name": "original-cycle-count-9",
      "passed": true
    },
    {
      "name": "original-source-row-10",
      "passed": true
    },
    {
      "name": "full-polynomial-record-10",
      "passed": true
    },
    {
      "name": "all-signed-source-directions-10",
      "passed": true
    },
    {
      "name": "raw-signed-columns-10",
      "passed": true
    },
    {
      "name": "original-cycle-count-10",
      "passed": true
    },
    {
      "name": "original-source-row-11",
      "passed": true
    },
    {
      "name": "full-polynomial-record-11",
      "passed": true
    },
    {
      "name": "all-signed-source-directions-11",
      "passed": true
    },
    {
      "name": "raw-signed-columns-11",
      "passed": true
    },
    {
      "name": "original-cycle-count-11",
      "passed": true
    },
    {
      "name": "original-source-row-12",
      "passed": true
    },
    {
      "name": "full-polynomial-record-12",
      "passed": true
    },
    {
      "name": "all-signed-source-directions-12",
      "passed": true
    },
    {
      "name": "raw-signed-columns-12",
      "passed": true
    },
    {
      "name": "original-cycle-count-12",
      "passed": true
    },
    {
      "name": "original-source-row-13",
      "passed": true
    },
    {
      "name": "full-polynomial-record-13",
      "passed": true
    },
    {
      "name": "all-signed-source-directions-13",
      "passed": true
    },
    {
      "name": "raw-signed-columns-13",
      "passed": true
    },
    {
      "name": "original-cycle-count-13",
      "passed": true
    },
    {
      "name": "original-source-row-14",
      "passed": true
    },
    {
      "name": "full-polynomial-record-14",
      "passed": true
    },
    {
      "name": "all-signed-source-directions-14",
      "passed": true
    },
    {
      "name": "raw-signed-columns-14",
      "passed": true
    },
    {
      "name": "original-cycle-count-14",
      "passed": true
    },
    {
      "name": "original-source-row-15",
      "passed": true
    },
    {
      "name": "full-polynomial-record-15",
      "passed": true
    },
    {
      "name": "all-signed-source-directions-15",
      "passed": true
    },
    {
      "name": "raw-signed-columns-15",
      "passed": true
    },
    {
      "name": "original-cycle-count-15",
      "passed": true
    },
    {
      "name": "original-source-row-16",
      "passed": true
    },
    {
      "name": "full-polynomial-record-16",
      "passed": true
    },
    {
      "name": "all-signed-source-directions-16",
      "passed": true
    },
    {
      "name": "raw-signed-columns-16",
      "passed": true
    },
    {
      "name": "original-cycle-count-16",
      "passed": true
    },
    {
      "name": "original-source-row-17",
      "passed": true
    },
    {
      "name": "full-polynomial-record-17",
      "passed": true
    },
    {
      "name": "all-signed-source-directions-17",
      "passed": true
    },
    {
      "name": "raw-signed-columns-17",
      "passed": true
    },
    {
      "name": "original-cycle-count-17",
      "passed": true
    },
    {
      "name": "original-source-row-18",
      "passed": true
    },
    {
      "name": "full-polynomial-record-18",
      "passed": true
    },
    {
      "name": "all-signed-source-directions-18",
      "passed": true
    },
    {
      "name": "raw-signed-columns-18",
      "passed": true
    },
    {
      "name": "original-cycle-count-18",
      "passed": true
    },
    {
      "name": "original-source-row-19",
      "passed": true
    },
    {
      "name": "full-polynomial-record-19",
      "passed": true
    },
    {
      "name": "all-signed-source-directions-19",
      "passed": true
    },
    {
      "name": "raw-signed-columns-19",
      "passed": true
    },
    {
      "name": "original-cycle-count-19",
      "passed": true
    },
    {
      "name": "original-source-row-20",
      "passed": true
    },
    {
      "name": "full-polynomial-record-20",
      "passed": true
    },
    {
      "name": "all-signed-source-directions-20",
      "passed": true
    },
    {
      "name": "raw-signed-columns-20",
      "passed": true
    },
    {
      "name": "original-cycle-count-20",
      "passed": true
    },
    {
      "name": "original-source-row-21",
      "passed": true
    },
    {
      "name": "full-polynomial-record-21",
      "passed": true
    },
    {
      "name": "all-signed-source-directions-21",
      "passed": true
    },
    {
      "name": "raw-signed-columns-21",
      "passed": true
    },
    {
      "name": "original-cycle-count-21",
      "passed": true
    },
    {
      "name": "original-source-row-22",
      "passed": true
    },
    {
      "name": "full-polynomial-record-22",
      "passed": true
    },
    {
      "name": "all-signed-source-directions-22",
      "passed": true
    },
    {
      "name": "raw-signed-columns-22",
      "passed": true
    },
    {
      "name": "original-cycle-count-22",
      "passed": true
    },
    {
      "name": "original-source-row-23",
      "passed": true
    },
    {
      "name": "full-polynomial-record-23",
      "passed": true
    },
    {
      "name": "all-signed-source-directions-23",
      "passed": true
    },
    {
      "name": "raw-signed-columns-23",
      "passed": true
    },
    {
      "name": "original-cycle-count-23",
      "passed": true
    },
    {
      "name": "original-source-row-24",
      "passed": true
    },
    {
      "name": "full-polynomial-record-24",
      "passed": true
    },
    {
      "name": "all-signed-source-directions-24",
      "passed": true
    },
    {
      "name": "raw-signed-columns-24",
      "passed": true
    },
    {
      "name": "original-cycle-count-24",
      "passed": true
    },
    {
      "name": "original-source-row-25",
      "passed": true
    },
    {
      "name": "full-polynomial-record-25",
      "passed": true
    },
    {
      "name": "all-signed-source-directions-25",
      "passed": true
    },
    {
      "name": "raw-signed-columns-25",
      "passed": true
    },
    {
      "name": "original-cycle-count-25",
      "passed": true
    },
    {
      "name": "original-source-row-26",
      "passed": true
    },
    {
      "name": "full-polynomial-record-26",
      "passed": true
    },
    {
      "name": "all-signed-source-directions-26",
      "passed": true
    },
    {
      "name": "raw-signed-columns-26",
      "passed": true
    },
    {
      "name": "original-cycle-count-26",
      "passed": true
    },
    {
      "name": "original-source-row-27",
      "passed": true
    },
    {
      "name": "full-polynomial-record-27",
      "passed": true
    },
    {
      "name": "all-signed-source-directions-27",
      "passed": true
    },
    {
      "name": "raw-signed-columns-27",
      "passed": true
    },
    {
      "name": "original-cycle-count-27",
      "passed": true
    },
    {
      "name": "original-source-row-28",
      "passed": true
    },
    {
      "name": "full-polynomial-record-28",
      "passed": true
    },
    {
      "name": "all-signed-source-directions-28",
      "passed": true
    },
    {
      "name": "raw-signed-columns-28",
      "passed": true
    },
    {
      "name": "original-cycle-count-28",
      "passed": true
    },
    {
      "name": "original-source-row-29",
      "passed": true
    },
    {
      "name": "full-polynomial-record-29",
      "passed": true
    },
    {
      "name": "all-signed-source-directions-29",
      "passed": true
    },
    {
      "name": "raw-signed-columns-29",
      "passed": true
    },
    {
      "name": "original-cycle-count-29",
      "passed": true
    },
    {
      "name": "original-source-row-30",
      "passed": true
    },
    {
      "name": "full-polynomial-record-30",
      "passed": true
    },
    {
      "name": "all-signed-source-directions-30",
      "passed": true
    },
    {
      "name": "raw-signed-columns-30",
      "passed": true
    },
    {
      "name": "original-cycle-count-30",
      "passed": true
    },
    {
      "name": "original-source-row-31",
      "passed": true
    },
    {
      "name": "full-polynomial-record-31",
      "passed": true
    },
    {
      "name": "all-signed-source-directions-31",
      "passed": true
    },
    {
      "name": "raw-signed-columns-31",
      "passed": true
    },
    {
      "name": "original-cycle-count-31",
      "passed": true
    },
    {
      "name": "original-source-row-32",
      "passed": true
    },
    {
      "name": "full-polynomial-record-32",
      "passed": true
    },
    {
      "name": "all-signed-source-directions-32",
      "passed": true
    },
    {
      "name": "raw-signed-columns-32",
      "passed": true
    },
    {
      "name": "original-cycle-count-32",
      "passed": true
    },
    {
      "name": "original-source-row-33",
      "passed": true
    },
    {
      "name": "full-polynomial-record-33",
      "passed": true
    },
    {
      "name": "all-signed-source-directions-33",
      "passed": true
    },
    {
      "name": "raw-signed-columns-33",
      "passed": true
    },
    {
      "name": "original-cycle-count-33",
      "passed": true
    },
    {
      "name": "original-source-row-34",
      "passed": true
    },
    {
      "name": "full-polynomial-record-34",
      "passed": true
    },
    {
      "name": "all-signed-source-directions-34",
      "passed": true
    },
    {
      "name": "raw-signed-columns-34",
      "passed": true
    },
    {
      "name": "original-cycle-count-34",
      "passed": true
    },
    {
      "name": "original-source-row-35",
      "passed": true
    },
    {
      "name": "full-polynomial-record-35",
      "passed": true
    },
    {
      "name": "all-signed-source-directions-35",
      "passed": true
    },
    {
      "name": "raw-signed-columns-35",
      "passed": true
    },
    {
      "name": "original-cycle-count-35",
      "passed": true
    },
    {
      "name": "original-source-row-36",
      "passed": true
    },
    {
      "name": "full-polynomial-record-36",
      "passed": true
    },
    {
      "name": "all-signed-source-directions-36",
      "passed": true
    },
    {
      "name": "raw-signed-columns-36",
      "passed": true
    },
    {
      "name": "original-cycle-count-36",
      "passed": true
    },
    {
      "name": "original-source-row-37",
      "passed": true
    },
    {
      "name": "full-polynomial-record-37",
      "passed": true
    },
    {
      "name": "all-signed-source-directions-37",
      "passed": true
    },
    {
      "name": "raw-signed-columns-37",
      "passed": true
    },
    {
      "name": "original-cycle-count-37",
      "passed": true
    },
    {
      "name": "original-source-row-38",
      "passed": true
    },
    {
      "name": "full-polynomial-record-38",
      "passed": true
    },
    {
      "name": "all-signed-source-directions-38",
      "passed": true
    },
    {
      "name": "raw-signed-columns-38",
      "passed": true
    },
    {
      "name": "original-cycle-count-38",
      "passed": true
    },
    {
      "name": "original-source-row-39",
      "passed": true
    },
    {
      "name": "full-polynomial-record-39",
      "passed": true
    },
    {
      "name": "all-signed-source-directions-39",
      "passed": true
    },
    {
      "name": "raw-signed-columns-39",
      "passed": true
    },
    {
      "name": "original-cycle-count-39",
      "passed": true
    },
    {
      "name": "original-source-row-40",
      "passed": true
    },
    {
      "name": "full-polynomial-record-40",
      "passed": true
    },
    {
      "name": "all-signed-source-directions-40",
      "passed": true
    },
    {
      "name": "raw-signed-columns-40",
      "passed": true
    },
    {
      "name": "original-cycle-count-40",
      "passed": true
    },
    {
      "name": "original-source-row-41",
      "passed": true
    },
    {
      "name": "full-polynomial-record-41",
      "passed": true
    },
    {
      "name": "all-signed-source-directions-41",
      "passed": true
    },
    {
      "name": "raw-signed-columns-41",
      "passed": true
    },
    {
      "name": "original-cycle-count-41",
      "passed": true
    },
    {
      "name": "original-source-row-42",
      "passed": true
    },
    {
      "name": "full-polynomial-record-42",
      "passed": true
    },
    {
      "name": "all-signed-source-directions-42",
      "passed": true
    },
    {
      "name": "raw-signed-columns-42",
      "passed": true
    },
    {
      "name": "original-cycle-count-42",
      "passed": true
    },
    {
      "name": "original-source-row-43",
      "passed": true
    },
    {
      "name": "full-polynomial-record-43",
      "passed": true
    },
    {
      "name": "all-signed-source-directions-43",
      "passed": true
    },
    {
      "name": "raw-signed-columns-43",
      "passed": true
    },
    {
      "name": "original-cycle-count-43",
      "passed": true
    },
    {
      "name": "original-source-row-44",
      "passed": true
    },
    {
      "name": "full-polynomial-record-44",
      "passed": true
    },
    {
      "name": "all-signed-source-directions-44",
      "passed": true
    },
    {
      "name": "raw-signed-columns-44",
      "passed": true
    },
    {
      "name": "original-cycle-count-44",
      "passed": true
    },
    {
      "name": "original-source-row-45",
      "passed": true
    },
    {
      "name": "full-polynomial-record-45",
      "passed": true
    },
    {
      "name": "all-signed-source-directions-45",
      "passed": true
    },
    {
      "name": "raw-signed-columns-45",
      "passed": true
    },
    {
      "name": "original-cycle-count-45",
      "passed": true
    },
    {
      "name": "original-source-row-46",
      "passed": true
    },
    {
      "name": "full-polynomial-record-46",
      "passed": true
    },
    {
      "name": "all-signed-source-directions-46",
      "passed": true
    },
    {
      "name": "raw-signed-columns-46",
      "passed": true
    },
    {
      "name": "original-cycle-count-46",
      "passed": true
    },
    {
      "name": "original-source-row-47",
      "passed": true
    },
    {
      "name": "full-polynomial-record-47",
      "passed": true
    },
    {
      "name": "all-signed-source-directions-47",
      "passed": true
    },
    {
      "name": "raw-signed-columns-47",
      "passed": true
    },
    {
      "name": "original-cycle-count-47",
      "passed": true
    },
    {
      "name": "original-source-row-48",
      "passed": true
    },
    {
      "name": "full-polynomial-record-48",
      "passed": true
    },
    {
      "name": "all-signed-source-directions-48",
      "passed": true
    },
    {
      "name": "raw-signed-columns-48",
      "passed": true
    },
    {
      "name": "original-cycle-count-48",
      "passed": true
    },
    {
      "name": "original-source-row-49",
      "passed": true
    },
    {
      "name": "full-polynomial-record-49",
      "passed": true
    },
    {
      "name": "all-signed-source-directions-49",
      "passed": true
    },
    {
      "name": "raw-signed-columns-49",
      "passed": true
    },
    {
      "name": "original-cycle-count-49",
      "passed": true
    },
    {
      "name": "original-source-row-50",
      "passed": true
    },
    {
      "name": "full-polynomial-record-50",
      "passed": true
    },
    {
      "name": "all-signed-source-directions-50",
      "passed": true
    },
    {
      "name": "raw-signed-columns-50",
      "passed": true
    },
    {
      "name": "original-cycle-count-50",
      "passed": true
    },
    {
      "name": "original-source-row-51",
      "passed": true
    },
    {
      "name": "full-polynomial-record-51",
      "passed": true
    },
    {
      "name": "all-signed-source-directions-51",
      "passed": true
    },
    {
      "name": "raw-signed-columns-51",
      "passed": true
    },
    {
      "name": "original-cycle-count-51",
      "passed": true
    },
    {
      "name": "original-source-row-52",
      "passed": true
    },
    {
      "name": "full-polynomial-record-52",
      "passed": true
    },
    {
      "name": "all-signed-source-directions-52",
      "passed": true
    },
    {
      "name": "raw-signed-columns-52",
      "passed": true
    },
    {
      "name": "original-cycle-count-52",
      "passed": true
    },
    {
      "name": "original-source-row-53",
      "passed": true
    },
    {
      "name": "full-polynomial-record-53",
      "passed": true
    },
    {
      "name": "all-signed-source-directions-53",
      "passed": true
    },
    {
      "name": "raw-signed-columns-53",
      "passed": true
    },
    {
      "name": "original-cycle-count-53",
      "passed": true
    },
    {
      "name": "original-source-row-54",
      "passed": true
    },
    {
      "name": "full-polynomial-record-54",
      "passed": true
    },
    {
      "name": "all-signed-source-directions-54",
      "passed": true
    },
    {
      "name": "raw-signed-columns-54",
      "passed": true
    },
    {
      "name": "original-cycle-count-54",
      "passed": true
    },
    {
      "name": "original-source-row-55",
      "passed": true
    },
    {
      "name": "full-polynomial-record-55",
      "passed": true
    },
    {
      "name": "all-signed-source-directions-55",
      "passed": true
    },
    {
      "name": "raw-signed-columns-55",
      "passed": true
    },
    {
      "name": "original-cycle-count-55",
      "passed": true
    },
    {
      "name": "original-source-row-56",
      "passed": true
    },
    {
      "name": "full-polynomial-record-56",
      "passed": true
    },
    {
      "name": "all-signed-source-directions-56",
      "passed": true
    },
    {
      "name": "raw-signed-columns-56",
      "passed": true
    },
    {
      "name": "original-cycle-count-56",
      "passed": true
    },
    {
      "name": "original-source-row-57",
      "passed": true
    },
    {
      "name": "full-polynomial-record-57",
      "passed": true
    },
    {
      "name": "all-signed-source-directions-57",
      "passed": true
    },
    {
      "name": "raw-signed-columns-57",
      "passed": true
    },
    {
      "name": "original-cycle-count-57",
      "passed": true
    },
    {
      "name": "original-source-row-58",
      "passed": true
    },
    {
      "name": "full-polynomial-record-58",
      "passed": true
    },
    {
      "name": "all-signed-source-directions-58",
      "passed": true
    },
    {
      "name": "raw-signed-columns-58",
      "passed": true
    },
    {
      "name": "original-cycle-count-58",
      "passed": true
    },
    {
      "name": "original-source-row-59",
      "passed": true
    },
    {
      "name": "full-polynomial-record-59",
      "passed": true
    },
    {
      "name": "all-signed-source-directions-59",
      "passed": true
    },
    {
      "name": "raw-signed-columns-59",
      "passed": true
    },
    {
      "name": "original-cycle-count-59",
      "passed": true
    },
    {
      "name": "original-source-row-60",
      "passed": true
    },
    {
      "name": "full-polynomial-record-60",
      "passed": true
    },
    {
      "name": "all-signed-source-directions-60",
      "passed": true
    },
    {
      "name": "raw-signed-columns-60",
      "passed": true
    },
    {
      "name": "original-cycle-count-60",
      "passed": true
    },
    {
      "name": "original-source-row-61",
      "passed": true
    },
    {
      "name": "full-polynomial-record-61",
      "passed": true
    },
    {
      "name": "all-signed-source-directions-61",
      "passed": true
    },
    {
      "name": "raw-signed-columns-61",
      "passed": true
    },
    {
      "name": "original-cycle-count-61",
      "passed": true
    },
    {
      "name": "original-source-row-62",
      "passed": true
    },
    {
      "name": "full-polynomial-record-62",
      "passed": true
    },
    {
      "name": "all-signed-source-directions-62",
      "passed": true
    },
    {
      "name": "raw-signed-columns-62",
      "passed": true
    },
    {
      "name": "original-cycle-count-62",
      "passed": true
    },
    {
      "name": "original-source-row-63",
      "passed": true
    },
    {
      "name": "full-polynomial-record-63",
      "passed": true
    },
    {
      "name": "all-signed-source-directions-63",
      "passed": true
    },
    {
      "name": "raw-signed-columns-63",
      "passed": true
    },
    {
      "name": "original-cycle-count-63",
      "passed": true
    },
    {
      "name": "original-source-row-64",
      "passed": true
    },
    {
      "name": "full-polynomial-record-64",
      "passed": true
    },
    {
      "name": "all-signed-source-directions-64",
      "passed": true
    },
    {
      "name": "raw-signed-columns-64",
      "passed": true
    },
    {
      "name": "original-cycle-count-64",
      "passed": true
    },
    {
      "name": "original-source-row-65",
      "passed": true
    },
    {
      "name": "full-polynomial-record-65",
      "passed": true
    },
    {
      "name": "all-signed-source-directions-65",
      "passed": true
    },
    {
      "name": "raw-signed-columns-65",
      "passed": true
    },
    {
      "name": "original-cycle-count-65",
      "passed": true
    },
    {
      "name": "original-source-row-66",
      "passed": true
    },
    {
      "name": "full-polynomial-record-66",
      "passed": true
    },
    {
      "name": "all-signed-source-directions-66",
      "passed": true
    },
    {
      "name": "raw-signed-columns-66",
      "passed": true
    },
    {
      "name": "original-cycle-count-66",
      "passed": true
    },
    {
      "name": "original-source-row-67",
      "passed": true
    },
    {
      "name": "full-polynomial-record-67",
      "passed": true
    },
    {
      "name": "all-signed-source-directions-67",
      "passed": true
    },
    {
      "name": "raw-signed-columns-67",
      "passed": true
    },
    {
      "name": "original-cycle-count-67",
      "passed": true
    },
    {
      "name": "original-source-row-68",
      "passed": true
    },
    {
      "name": "full-polynomial-record-68",
      "passed": true
    },
    {
      "name": "all-signed-source-directions-68",
      "passed": true
    },
    {
      "name": "raw-signed-columns-68",
      "passed": true
    },
    {
      "name": "original-cycle-count-68",
      "passed": true
    },
    {
      "name": "original-source-row-69",
      "passed": true
    },
    {
      "name": "full-polynomial-record-69",
      "passed": true
    },
    {
      "name": "all-signed-source-directions-69",
      "passed": true
    },
    {
      "name": "raw-signed-columns-69",
      "passed": true
    },
    {
      "name": "original-cycle-count-69",
      "passed": true
    },
    {
      "name": "original-source-row-70",
      "passed": true
    },
    {
      "name": "full-polynomial-record-70",
      "passed": true
    },
    {
      "name": "all-signed-source-directions-70",
      "passed": true
    },
    {
      "name": "raw-signed-columns-70",
      "passed": true
    },
    {
      "name": "original-cycle-count-70",
      "passed": true
    },
    {
      "name": "original-source-row-71",
      "passed": true
    },
    {
      "name": "full-polynomial-record-71",
      "passed": true
    },
    {
      "name": "all-signed-source-directions-71",
      "passed": true
    },
    {
      "name": "raw-signed-columns-71",
      "passed": true
    },
    {
      "name": "original-cycle-count-71",
      "passed": true
    },
    {
      "name": "original-source-row-72",
      "passed": true
    },
    {
      "name": "full-polynomial-record-72",
      "passed": true
    },
    {
      "name": "all-signed-source-directions-72",
      "passed": true
    },
    {
      "name": "raw-signed-columns-72",
      "passed": true
    },
    {
      "name": "original-cycle-count-72",
      "passed": true
    },
    {
      "name": "original-source-row-73",
      "passed": true
    },
    {
      "name": "full-polynomial-record-73",
      "passed": true
    },
    {
      "name": "all-signed-source-directions-73",
      "passed": true
    },
    {
      "name": "raw-signed-columns-73",
      "passed": true
    },
    {
      "name": "original-cycle-count-73",
      "passed": true
    },
    {
      "name": "original-source-row-74",
      "passed": true
    },
    {
      "name": "full-polynomial-record-74",
      "passed": true
    },
    {
      "name": "all-signed-source-directions-74",
      "passed": true
    },
    {
      "name": "raw-signed-columns-74",
      "passed": true
    },
    {
      "name": "original-cycle-count-74",
      "passed": true
    },
    {
      "name": "original-source-row-75",
      "passed": true
    },
    {
      "name": "full-polynomial-record-75",
      "passed": true
    },
    {
      "name": "all-signed-source-directions-75",
      "passed": true
    },
    {
      "name": "raw-signed-columns-75",
      "passed": true
    },
    {
      "name": "original-cycle-count-75",
      "passed": true
    },
    {
      "name": "original-source-row-76",
      "passed": true
    },
    {
      "name": "full-polynomial-record-76",
      "passed": true
    },
    {
      "name": "all-signed-source-directions-76",
      "passed": true
    },
    {
      "name": "raw-signed-columns-76",
      "passed": true
    },
    {
      "name": "original-cycle-count-76",
      "passed": true
    },
    {
      "name": "original-source-row-77",
      "passed": true
    },
    {
      "name": "full-polynomial-record-77",
      "passed": true
    },
    {
      "name": "all-signed-source-directions-77",
      "passed": true
    },
    {
      "name": "raw-signed-columns-77",
      "passed": true
    },
    {
      "name": "original-cycle-count-77",
      "passed": true
    },
    {
      "name": "original-source-row-78",
      "passed": true
    },
    {
      "name": "full-polynomial-record-78",
      "passed": true
    },
    {
      "name": "all-signed-source-directions-78",
      "passed": true
    },
    {
      "name": "raw-signed-columns-78",
      "passed": true
    },
    {
      "name": "original-cycle-count-78",
      "passed": true
    },
    {
      "name": "original-source-row-79",
      "passed": true
    },
    {
      "name": "full-polynomial-record-79",
      "passed": true
    },
    {
      "name": "all-signed-source-directions-79",
      "passed": true
    },
    {
      "name": "raw-signed-columns-79",
      "passed": true
    },
    {
      "name": "original-cycle-count-79",
      "passed": true
    },
    {
      "name": "original-source-row-80",
      "passed": true
    },
    {
      "name": "full-polynomial-record-80",
      "passed": true
    },
    {
      "name": "all-signed-source-directions-80",
      "passed": true
    },
    {
      "name": "raw-signed-columns-80",
      "passed": true
    },
    {
      "name": "original-cycle-count-80",
      "passed": true
    },
    {
      "name": "original-source-row-81",
      "passed": true
    },
    {
      "name": "full-polynomial-record-81",
      "passed": true
    },
    {
      "name": "all-signed-source-directions-81",
      "passed": true
    },
    {
      "name": "raw-signed-columns-81",
      "passed": true
    },
    {
      "name": "original-cycle-count-81",
      "passed": true
    },
    {
      "name": "original-source-row-82",
      "passed": true
    },
    {
      "name": "full-polynomial-record-82",
      "passed": true
    },
    {
      "name": "all-signed-source-directions-82",
      "passed": true
    },
    {
      "name": "raw-signed-columns-82",
      "passed": true
    },
    {
      "name": "original-cycle-count-82",
      "passed": true
    },
    {
      "name": "original-source-row-83",
      "passed": true
    },
    {
      "name": "full-polynomial-record-83",
      "passed": true
    },
    {
      "name": "all-signed-source-directions-83",
      "passed": true
    },
    {
      "name": "raw-signed-columns-83",
      "passed": true
    },
    {
      "name": "original-cycle-count-83",
      "passed": true
    },
    {
      "name": "original-source-row-84",
      "passed": true
    },
    {
      "name": "full-polynomial-record-84",
      "passed": true
    },
    {
      "name": "all-signed-source-directions-84",
      "passed": true
    },
    {
      "name": "raw-signed-columns-84",
      "passed": true
    },
    {
      "name": "original-cycle-count-84",
      "passed": true
    },
    {
      "name": "original-source-row-85",
      "passed": true
    },
    {
      "name": "full-polynomial-record-85",
      "passed": true
    },
    {
      "name": "all-signed-source-directions-85",
      "passed": true
    },
    {
      "name": "raw-signed-columns-85",
      "passed": true
    },
    {
      "name": "original-cycle-count-85",
      "passed": true
    },
    {
      "name": "original-source-row-86",
      "passed": true
    },
    {
      "name": "full-polynomial-record-86",
      "passed": true
    },
    {
      "name": "all-signed-source-directions-86",
      "passed": true
    },
    {
      "name": "raw-signed-columns-86",
      "passed": true
    },
    {
      "name": "original-cycle-count-86",
      "passed": true
    },
    {
      "name": "original-source-row-87",
      "passed": true
    },
    {
      "name": "full-polynomial-record-87",
      "passed": true
    },
    {
      "name": "all-signed-source-directions-87",
      "passed": true
    },
    {
      "name": "raw-signed-columns-87",
      "passed": true
    },
    {
      "name": "original-cycle-count-87",
      "passed": true
    },
    {
      "name": "original-source-row-88",
      "passed": true
    },
    {
      "name": "full-polynomial-record-88",
      "passed": true
    },
    {
      "name": "all-signed-source-directions-88",
      "passed": true
    },
    {
      "name": "raw-signed-columns-88",
      "passed": true
    },
    {
      "name": "original-cycle-count-88",
      "passed": true
    },
    {
      "name": "original-source-row-89",
      "passed": true
    },
    {
      "name": "full-polynomial-record-89",
      "passed": true
    },
    {
      "name": "all-signed-source-directions-89",
      "passed": true
    },
    {
      "name": "raw-signed-columns-89",
      "passed": true
    },
    {
      "name": "original-cycle-count-89",
      "passed": true
    },
    {
      "name": "original-source-row-90",
      "passed": true
    },
    {
      "name": "full-polynomial-record-90",
      "passed": true
    },
    {
      "name": "all-signed-source-directions-90",
      "passed": true
    },
    {
      "name": "raw-signed-columns-90",
      "passed": true
    },
    {
      "name": "original-cycle-count-90",
      "passed": true
    },
    {
      "name": "original-source-row-91",
      "passed": true
    },
    {
      "name": "full-polynomial-record-91",
      "passed": true
    },
    {
      "name": "all-signed-source-directions-91",
      "passed": true
    },
    {
      "name": "raw-signed-columns-91",
      "passed": true
    },
    {
      "name": "original-cycle-count-91",
      "passed": true
    },
    {
      "name": "original-source-row-92",
      "passed": true
    },
    {
      "name": "full-polynomial-record-92",
      "passed": true
    },
    {
      "name": "all-signed-source-directions-92",
      "passed": true
    },
    {
      "name": "raw-signed-columns-92",
      "passed": true
    },
    {
      "name": "original-cycle-count-92",
      "passed": true
    },
    {
      "name": "original-source-row-93",
      "passed": true
    },
    {
      "name": "full-polynomial-record-93",
      "passed": true
    },
    {
      "name": "all-signed-source-directions-93",
      "passed": true
    },
    {
      "name": "raw-signed-columns-93",
      "passed": true
    },
    {
      "name": "original-cycle-count-93",
      "passed": true
    },
    {
      "name": "original-source-row-94",
      "passed": true
    },
    {
      "name": "full-polynomial-record-94",
      "passed": true
    },
    {
      "name": "all-signed-source-directions-94",
      "passed": true
    },
    {
      "name": "raw-signed-columns-94",
      "passed": true
    },
    {
      "name": "original-cycle-count-94",
      "passed": true
    },
    {
      "name": "original-source-row-95",
      "passed": true
    },
    {
      "name": "full-polynomial-record-95",
      "passed": true
    },
    {
      "name": "all-signed-source-directions-95",
      "passed": true
    },
    {
      "name": "raw-signed-columns-95",
      "passed": true
    },
    {
      "name": "original-cycle-count-95",
      "passed": true
    },
    {
      "name": "original-source-row-96",
      "passed": true
    },
    {
      "name": "full-polynomial-record-96",
      "passed": true
    },
    {
      "name": "all-signed-source-directions-96",
      "passed": true
    },
    {
      "name": "raw-signed-columns-96",
      "passed": true
    },
    {
      "name": "original-cycle-count-96",
      "passed": true
    },
    {
      "name": "original-source-row-97",
      "passed": true
    },
    {
      "name": "full-polynomial-record-97",
      "passed": true
    },
    {
      "name": "all-signed-source-directions-97",
      "passed": true
    },
    {
      "name": "raw-signed-columns-97",
      "passed": true
    },
    {
      "name": "original-cycle-count-97",
      "passed": true
    },
    {
      "name": "original-source-row-98",
      "passed": true
    },
    {
      "name": "full-polynomial-record-98",
      "passed": true
    },
    {
      "name": "all-signed-source-directions-98",
      "passed": true
    },
    {
      "name": "raw-signed-columns-98",
      "passed": true
    },
    {
      "name": "original-cycle-count-98",
      "passed": true
    },
    {
      "name": "original-source-row-99",
      "passed": true
    },
    {
      "name": "full-polynomial-record-99",
      "passed": true
    },
    {
      "name": "all-signed-source-directions-99",
      "passed": true
    },
    {
      "name": "raw-signed-columns-99",
      "passed": true
    },
    {
      "name": "original-cycle-count-99",
      "passed": true
    },
    {
      "name": "original-source-row-100",
      "passed": true
    },
    {
      "name": "full-polynomial-record-100",
      "passed": true
    },
    {
      "name": "all-signed-source-directions-100",
      "passed": true
    },
    {
      "name": "raw-signed-columns-100",
      "passed": true
    },
    {
      "name": "original-cycle-count-100",
      "passed": true
    },
    {
      "name": "original-source-row-101",
      "passed": true
    },
    {
      "name": "full-polynomial-record-101",
      "passed": true
    },
    {
      "name": "all-signed-source-directions-101",
      "passed": true
    },
    {
      "name": "raw-signed-columns-101",
      "passed": true
    },
    {
      "name": "original-cycle-count-101",
      "passed": true
    },
    {
      "name": "original-source-row-102",
      "passed": true
    },
    {
      "name": "full-polynomial-record-102",
      "passed": true
    },
    {
      "name": "all-signed-source-directions-102",
      "passed": true
    },
    {
      "name": "raw-signed-columns-102",
      "passed": true
    },
    {
      "name": "original-cycle-count-102",
      "passed": true
    },
    {
      "name": "original-source-row-103",
      "passed": true
    },
    {
      "name": "full-polynomial-record-103",
      "passed": true
    },
    {
      "name": "all-signed-source-directions-103",
      "passed": true
    },
    {
      "name": "raw-signed-columns-103",
      "passed": true
    },
    {
      "name": "original-cycle-count-103",
      "passed": true
    },
    {
      "name": "original-source-row-104",
      "passed": true
    },
    {
      "name": "full-polynomial-record-104",
      "passed": true
    },
    {
      "name": "all-signed-source-directions-104",
      "passed": true
    },
    {
      "name": "raw-signed-columns-104",
      "passed": true
    },
    {
      "name": "original-cycle-count-104",
      "passed": true
    },
    {
      "name": "original-source-row-105",
      "passed": true
    },
    {
      "name": "full-polynomial-record-105",
      "passed": true
    },
    {
      "name": "all-signed-source-directions-105",
      "passed": true
    },
    {
      "name": "raw-signed-columns-105",
      "passed": true
    },
    {
      "name": "original-cycle-count-105",
      "passed": true
    },
    {
      "name": "original-source-row-106",
      "passed": true
    },
    {
      "name": "full-polynomial-record-106",
      "passed": true
    },
    {
      "name": "all-signed-source-directions-106",
      "passed": true
    },
    {
      "name": "raw-signed-columns-106",
      "passed": true
    },
    {
      "name": "original-cycle-count-106",
      "passed": true
    },
    {
      "name": "original-source-row-107",
      "passed": true
    },
    {
      "name": "full-polynomial-record-107",
      "passed": true
    },
    {
      "name": "all-signed-source-directions-107",
      "passed": true
    },
    {
      "name": "raw-signed-columns-107",
      "passed": true
    },
    {
      "name": "original-cycle-count-107",
      "passed": true
    },
    {
      "name": "original-source-row-108",
      "passed": true
    },
    {
      "name": "full-polynomial-record-108",
      "passed": true
    },
    {
      "name": "all-signed-source-directions-108",
      "passed": true
    },
    {
      "name": "raw-signed-columns-108",
      "passed": true
    },
    {
      "name": "original-cycle-count-108",
      "passed": true
    },
    {
      "name": "original-source-row-109",
      "passed": true
    },
    {
      "name": "full-polynomial-record-109",
      "passed": true
    },
    {
      "name": "all-signed-source-directions-109",
      "passed": true
    },
    {
      "name": "raw-signed-columns-109",
      "passed": true
    },
    {
      "name": "original-cycle-count-109",
      "passed": true
    },
    {
      "name": "original-source-row-110",
      "passed": true
    },
    {
      "name": "full-polynomial-record-110",
      "passed": true
    },
    {
      "name": "all-signed-source-directions-110",
      "passed": true
    },
    {
      "name": "raw-signed-columns-110",
      "passed": true
    },
    {
      "name": "original-cycle-count-110",
      "passed": true
    },
    {
      "name": "original-source-row-111",
      "passed": true
    },
    {
      "name": "full-polynomial-record-111",
      "passed": true
    },
    {
      "name": "all-signed-source-directions-111",
      "passed": true
    },
    {
      "name": "raw-signed-columns-111",
      "passed": true
    },
    {
      "name": "original-cycle-count-111",
      "passed": true
    },
    {
      "name": "original-source-row-112",
      "passed": true
    },
    {
      "name": "full-polynomial-record-112",
      "passed": true
    },
    {
      "name": "all-signed-source-directions-112",
      "passed": true
    },
    {
      "name": "raw-signed-columns-112",
      "passed": true
    },
    {
      "name": "original-cycle-count-112",
      "passed": true
    },
    {
      "name": "original-source-row-113",
      "passed": true
    },
    {
      "name": "full-polynomial-record-113",
      "passed": true
    },
    {
      "name": "all-signed-source-directions-113",
      "passed": true
    },
    {
      "name": "raw-signed-columns-113",
      "passed": true
    },
    {
      "name": "original-cycle-count-113",
      "passed": true
    },
    {
      "name": "original-source-row-114",
      "passed": true
    },
    {
      "name": "full-polynomial-record-114",
      "passed": true
    },
    {
      "name": "all-signed-source-directions-114",
      "passed": true
    },
    {
      "name": "raw-signed-columns-114",
      "passed": true
    },
    {
      "name": "original-cycle-count-114",
      "passed": true
    },
    {
      "name": "original-source-row-115",
      "passed": true
    },
    {
      "name": "full-polynomial-record-115",
      "passed": true
    },
    {
      "name": "all-signed-source-directions-115",
      "passed": true
    },
    {
      "name": "raw-signed-columns-115",
      "passed": true
    },
    {
      "name": "original-cycle-count-115",
      "passed": true
    },
    {
      "name": "original-source-row-116",
      "passed": true
    },
    {
      "name": "full-polynomial-record-116",
      "passed": true
    },
    {
      "name": "all-signed-source-directions-116",
      "passed": true
    },
    {
      "name": "raw-signed-columns-116",
      "passed": true
    },
    {
      "name": "original-cycle-count-116",
      "passed": true
    },
    {
      "name": "original-source-row-117",
      "passed": true
    },
    {
      "name": "full-polynomial-record-117",
      "passed": true
    },
    {
      "name": "all-signed-source-directions-117",
      "passed": true
    },
    {
      "name": "raw-signed-columns-117",
      "passed": true
    },
    {
      "name": "original-cycle-count-117",
      "passed": true
    },
    {
      "name": "original-source-row-118",
      "passed": true
    },
    {
      "name": "full-polynomial-record-118",
      "passed": true
    },
    {
      "name": "all-signed-source-directions-118",
      "passed": true
    },
    {
      "name": "raw-signed-columns-118",
      "passed": true
    },
    {
      "name": "original-cycle-count-118",
      "passed": true
    },
    {
      "name": "original-source-row-119",
      "passed": true
    },
    {
      "name": "full-polynomial-record-119",
      "passed": true
    },
    {
      "name": "all-signed-source-directions-119",
      "passed": true
    },
    {
      "name": "raw-signed-columns-119",
      "passed": true
    },
    {
      "name": "original-cycle-count-119",
      "passed": true
    },
    {
      "name": "original-source-row-120",
      "passed": true
    },
    {
      "name": "full-polynomial-record-120",
      "passed": true
    },
    {
      "name": "all-signed-source-directions-120",
      "passed": true
    },
    {
      "name": "raw-signed-columns-120",
      "passed": true
    },
    {
      "name": "original-cycle-count-120",
      "passed": true
    },
    {
      "name": "original-source-row-121",
      "passed": true
    },
    {
      "name": "full-polynomial-record-121",
      "passed": true
    },
    {
      "name": "all-signed-source-directions-121",
      "passed": true
    },
    {
      "name": "raw-signed-columns-121",
      "passed": true
    },
    {
      "name": "original-cycle-count-121",
      "passed": true
    },
    {
      "name": "original-source-row-122",
      "passed": true
    },
    {
      "name": "full-polynomial-record-122",
      "passed": true
    },
    {
      "name": "all-signed-source-directions-122",
      "passed": true
    },
    {
      "name": "raw-signed-columns-122",
      "passed": true
    },
    {
      "name": "original-cycle-count-122",
      "passed": true
    },
    {
      "name": "original-source-row-123",
      "passed": true
    },
    {
      "name": "full-polynomial-record-123",
      "passed": true
    },
    {
      "name": "all-signed-source-directions-123",
      "passed": true
    },
    {
      "name": "raw-signed-columns-123",
      "passed": true
    },
    {
      "name": "original-cycle-count-123",
      "passed": true
    },
    {
      "name": "original-source-row-124",
      "passed": true
    },
    {
      "name": "full-polynomial-record-124",
      "passed": true
    },
    {
      "name": "all-signed-source-directions-124",
      "passed": true
    },
    {
      "name": "raw-signed-columns-124",
      "passed": true
    },
    {
      "name": "original-cycle-count-124",
      "passed": true
    },
    {
      "name": "original-source-row-125",
      "passed": true
    },
    {
      "name": "full-polynomial-record-125",
      "passed": true
    },
    {
      "name": "all-signed-source-directions-125",
      "passed": true
    },
    {
      "name": "raw-signed-columns-125",
      "passed": true
    },
    {
      "name": "original-cycle-count-125",
      "passed": true
    },
    {
      "name": "original-source-row-126",
      "passed": true
    },
    {
      "name": "full-polynomial-record-126",
      "passed": true
    },
    {
      "name": "all-signed-source-directions-126",
      "passed": true
    },
    {
      "name": "raw-signed-columns-126",
      "passed": true
    },
    {
      "name": "original-cycle-count-126",
      "passed": true
    },
    {
      "name": "original-source-row-127",
      "passed": true
    },
    {
      "name": "full-polynomial-record-127",
      "passed": true
    },
    {
      "name": "all-signed-source-directions-127",
      "passed": true
    },
    {
      "name": "raw-signed-columns-127",
      "passed": true
    },
    {
      "name": "original-cycle-count-127",
      "passed": true
    },
    {
      "name": "original-source-row-128",
      "passed": true
    },
    {
      "name": "full-polynomial-record-128",
      "passed": true
    },
    {
      "name": "all-signed-source-directions-128",
      "passed": true
    },
    {
      "name": "raw-signed-columns-128",
      "passed": true
    },
    {
      "name": "original-cycle-count-128",
      "passed": true
    },
    {
      "name": "original-source-row-129",
      "passed": true
    },
    {
      "name": "full-polynomial-record-129",
      "passed": true
    },
    {
      "name": "all-signed-source-directions-129",
      "passed": true
    },
    {
      "name": "raw-signed-columns-129",
      "passed": true
    },
    {
      "name": "original-cycle-count-129",
      "passed": true
    },
    {
      "name": "original-source-row-130",
      "passed": true
    },
    {
      "name": "full-polynomial-record-130",
      "passed": true
    },
    {
      "name": "all-signed-source-directions-130",
      "passed": true
    },
    {
      "name": "raw-signed-columns-130",
      "passed": true
    },
    {
      "name": "original-cycle-count-130",
      "passed": true
    },
    {
      "name": "original-source-row-131",
      "passed": true
    },
    {
      "name": "full-polynomial-record-131",
      "passed": true
    },
    {
      "name": "all-signed-source-directions-131",
      "passed": true
    },
    {
      "name": "raw-signed-columns-131",
      "passed": true
    },
    {
      "name": "original-cycle-count-131",
      "passed": true
    },
    {
      "name": "original-source-row-132",
      "passed": true
    },
    {
      "name": "full-polynomial-record-132",
      "passed": true
    },
    {
      "name": "all-signed-source-directions-132",
      "passed": true
    },
    {
      "name": "raw-signed-columns-132",
      "passed": true
    },
    {
      "name": "original-cycle-count-132",
      "passed": true
    },
    {
      "name": "original-source-row-133",
      "passed": true
    },
    {
      "name": "full-polynomial-record-133",
      "passed": true
    },
    {
      "name": "all-signed-source-directions-133",
      "passed": true
    },
    {
      "name": "raw-signed-columns-133",
      "passed": true
    },
    {
      "name": "original-cycle-count-133",
      "passed": true
    },
    {
      "name": "original-source-row-134",
      "passed": true
    },
    {
      "name": "full-polynomial-record-134",
      "passed": true
    },
    {
      "name": "all-signed-source-directions-134",
      "passed": true
    },
    {
      "name": "raw-signed-columns-134",
      "passed": true
    },
    {
      "name": "original-cycle-count-134",
      "passed": true
    },
    {
      "name": "original-source-row-135",
      "passed": true
    },
    {
      "name": "full-polynomial-record-135",
      "passed": true
    },
    {
      "name": "all-signed-source-directions-135",
      "passed": true
    },
    {
      "name": "raw-signed-columns-135",
      "passed": true
    },
    {
      "name": "original-cycle-count-135",
      "passed": true
    },
    {
      "name": "original-source-row-136",
      "passed": true
    },
    {
      "name": "full-polynomial-record-136",
      "passed": true
    },
    {
      "name": "all-signed-source-directions-136",
      "passed": true
    },
    {
      "name": "raw-signed-columns-136",
      "passed": true
    },
    {
      "name": "original-cycle-count-136",
      "passed": true
    },
    {
      "name": "original-source-row-137",
      "passed": true
    },
    {
      "name": "full-polynomial-record-137",
      "passed": true
    },
    {
      "name": "all-signed-source-directions-137",
      "passed": true
    },
    {
      "name": "raw-signed-columns-137",
      "passed": true
    },
    {
      "name": "original-cycle-count-137",
      "passed": true
    },
    {
      "name": "original-source-row-138",
      "passed": true
    },
    {
      "name": "full-polynomial-record-138",
      "passed": true
    },
    {
      "name": "all-signed-source-directions-138",
      "passed": true
    },
    {
      "name": "raw-signed-columns-138",
      "passed": true
    },
    {
      "name": "original-cycle-count-138",
      "passed": true
    },
    {
      "name": "original-source-row-139",
      "passed": true
    },
    {
      "name": "full-polynomial-record-139",
      "passed": true
    },
    {
      "name": "all-signed-source-directions-139",
      "passed": true
    },
    {
      "name": "raw-signed-columns-139",
      "passed": true
    },
    {
      "name": "original-cycle-count-139",
      "passed": true
    },
    {
      "name": "original-source-row-140",
      "passed": true
    },
    {
      "name": "full-polynomial-record-140",
      "passed": true
    },
    {
      "name": "all-signed-source-directions-140",
      "passed": true
    },
    {
      "name": "raw-signed-columns-140",
      "passed": true
    },
    {
      "name": "original-cycle-count-140",
      "passed": true
    },
    {
      "name": "original-source-row-141",
      "passed": true
    },
    {
      "name": "full-polynomial-record-141",
      "passed": true
    },
    {
      "name": "all-signed-source-directions-141",
      "passed": true
    },
    {
      "name": "raw-signed-columns-141",
      "passed": true
    },
    {
      "name": "original-cycle-count-141",
      "passed": true
    },
    {
      "name": "original-source-row-142",
      "passed": true
    },
    {
      "name": "full-polynomial-record-142",
      "passed": true
    },
    {
      "name": "all-signed-source-directions-142",
      "passed": true
    },
    {
      "name": "raw-signed-columns-142",
      "passed": true
    },
    {
      "name": "original-cycle-count-142",
      "passed": true
    },
    {
      "name": "original-source-row-143",
      "passed": true
    },
    {
      "name": "full-polynomial-record-143",
      "passed": true
    },
    {
      "name": "all-signed-source-directions-143",
      "passed": true
    },
    {
      "name": "raw-signed-columns-143",
      "passed": true
    },
    {
      "name": "original-cycle-count-143",
      "passed": true
    },
    {
      "name": "original-source-row-144",
      "passed": true
    },
    {
      "name": "full-polynomial-record-144",
      "passed": true
    },
    {
      "name": "all-signed-source-directions-144",
      "passed": true
    },
    {
      "name": "raw-signed-columns-144",
      "passed": true
    },
    {
      "name": "original-cycle-count-144",
      "passed": true
    },
    {
      "name": "original-source-row-145",
      "passed": true
    },
    {
      "name": "full-polynomial-record-145",
      "passed": true
    },
    {
      "name": "all-signed-source-directions-145",
      "passed": true
    },
    {
      "name": "raw-signed-columns-145",
      "passed": true
    },
    {
      "name": "original-cycle-count-145",
      "passed": true
    },
    {
      "name": "original-source-row-146",
      "passed": true
    },
    {
      "name": "full-polynomial-record-146",
      "passed": true
    },
    {
      "name": "all-signed-source-directions-146",
      "passed": true
    },
    {
      "name": "raw-signed-columns-146",
      "passed": true
    },
    {
      "name": "original-cycle-count-146",
      "passed": true
    },
    {
      "name": "original-source-row-147",
      "passed": true
    },
    {
      "name": "full-polynomial-record-147",
      "passed": true
    },
    {
      "name": "all-signed-source-directions-147",
      "passed": true
    },
    {
      "name": "raw-signed-columns-147",
      "passed": true
    },
    {
      "name": "original-cycle-count-147",
      "passed": true
    },
    {
      "name": "original-source-row-148",
      "passed": true
    },
    {
      "name": "full-polynomial-record-148",
      "passed": true
    },
    {
      "name": "all-signed-source-directions-148",
      "passed": true
    },
    {
      "name": "raw-signed-columns-148",
      "passed": true
    },
    {
      "name": "original-cycle-count-148",
      "passed": true
    },
    {
      "name": "original-source-row-149",
      "passed": true
    },
    {
      "name": "full-polynomial-record-149",
      "passed": true
    },
    {
      "name": "all-signed-source-directions-149",
      "passed": true
    },
    {
      "name": "raw-signed-columns-149",
      "passed": true
    },
    {
      "name": "original-cycle-count-149",
      "passed": true
    },
    {
      "name": "original-source-row-150",
      "passed": true
    },
    {
      "name": "full-polynomial-record-150",
      "passed": true
    },
    {
      "name": "all-signed-source-directions-150",
      "passed": true
    },
    {
      "name": "raw-signed-columns-150",
      "passed": true
    },
    {
      "name": "original-cycle-count-150",
      "passed": true
    },
    {
      "name": "original-source-row-151",
      "passed": true
    },
    {
      "name": "full-polynomial-record-151",
      "passed": true
    },
    {
      "name": "all-signed-source-directions-151",
      "passed": true
    },
    {
      "name": "raw-signed-columns-151",
      "passed": true
    },
    {
      "name": "original-cycle-count-151",
      "passed": true
    },
    {
      "name": "original-source-row-152",
      "passed": true
    },
    {
      "name": "full-polynomial-record-152",
      "passed": true
    },
    {
      "name": "all-signed-source-directions-152",
      "passed": true
    },
    {
      "name": "raw-signed-columns-152",
      "passed": true
    },
    {
      "name": "original-cycle-count-152",
      "passed": true
    },
    {
      "name": "original-source-row-153",
      "passed": true
    },
    {
      "name": "full-polynomial-record-153",
      "passed": true
    },
    {
      "name": "all-signed-source-directions-153",
      "passed": true
    },
    {
      "name": "raw-signed-columns-153",
      "passed": true
    },
    {
      "name": "original-cycle-count-153",
      "passed": true
    },
    {
      "name": "original-source-row-154",
      "passed": true
    },
    {
      "name": "full-polynomial-record-154",
      "passed": true
    },
    {
      "name": "all-signed-source-directions-154",
      "passed": true
    },
    {
      "name": "raw-signed-columns-154",
      "passed": true
    },
    {
      "name": "original-cycle-count-154",
      "passed": true
    },
    {
      "name": "original-source-row-155",
      "passed": true
    },
    {
      "name": "full-polynomial-record-155",
      "passed": true
    },
    {
      "name": "all-signed-source-directions-155",
      "passed": true
    },
    {
      "name": "raw-signed-columns-155",
      "passed": true
    },
    {
      "name": "original-cycle-count-155",
      "passed": true
    },
    {
      "name": "original-source-row-156",
      "passed": true
    },
    {
      "name": "full-polynomial-record-156",
      "passed": true
    },
    {
      "name": "all-signed-source-directions-156",
      "passed": true
    },
    {
      "name": "raw-signed-columns-156",
      "passed": true
    },
    {
      "name": "original-cycle-count-156",
      "passed": true
    },
    {
      "name": "original-source-row-157",
      "passed": true
    },
    {
      "name": "full-polynomial-record-157",
      "passed": true
    },
    {
      "name": "all-signed-source-directions-157",
      "passed": true
    },
    {
      "name": "raw-signed-columns-157",
      "passed": true
    },
    {
      "name": "original-cycle-count-157",
      "passed": true
    },
    {
      "name": "original-source-row-158",
      "passed": true
    },
    {
      "name": "full-polynomial-record-158",
      "passed": true
    },
    {
      "name": "all-signed-source-directions-158",
      "passed": true
    },
    {
      "name": "raw-signed-columns-158",
      "passed": true
    },
    {
      "name": "original-cycle-count-158",
      "passed": true
    },
    {
      "name": "original-source-row-159",
      "passed": true
    },
    {
      "name": "full-polynomial-record-159",
      "passed": true
    },
    {
      "name": "all-signed-source-directions-159",
      "passed": true
    },
    {
      "name": "raw-signed-columns-159",
      "passed": true
    },
    {
      "name": "original-cycle-count-159",
      "passed": true
    },
    {
      "name": "original-source-row-160",
      "passed": true
    },
    {
      "name": "full-polynomial-record-160",
      "passed": true
    },
    {
      "name": "all-signed-source-directions-160",
      "passed": true
    },
    {
      "name": "raw-signed-columns-160",
      "passed": true
    },
    {
      "name": "original-cycle-count-160",
      "passed": true
    },
    {
      "name": "original-source-row-161",
      "passed": true
    },
    {
      "name": "full-polynomial-record-161",
      "passed": true
    },
    {
      "name": "all-signed-source-directions-161",
      "passed": true
    },
    {
      "name": "raw-signed-columns-161",
      "passed": true
    },
    {
      "name": "original-cycle-count-161",
      "passed": true
    },
    {
      "name": "original-source-row-162",
      "passed": true
    },
    {
      "name": "full-polynomial-record-162",
      "passed": true
    },
    {
      "name": "all-signed-source-directions-162",
      "passed": true
    },
    {
      "name": "raw-signed-columns-162",
      "passed": true
    },
    {
      "name": "original-cycle-count-162",
      "passed": true
    },
    {
      "name": "original-source-row-163",
      "passed": true
    },
    {
      "name": "full-polynomial-record-163",
      "passed": true
    },
    {
      "name": "all-signed-source-directions-163",
      "passed": true
    },
    {
      "name": "raw-signed-columns-163",
      "passed": true
    },
    {
      "name": "original-cycle-count-163",
      "passed": true
    },
    {
      "name": "original-source-row-164",
      "passed": true
    },
    {
      "name": "full-polynomial-record-164",
      "passed": true
    },
    {
      "name": "all-signed-source-directions-164",
      "passed": true
    },
    {
      "name": "raw-signed-columns-164",
      "passed": true
    },
    {
      "name": "original-cycle-count-164",
      "passed": true
    },
    {
      "name": "original-source-row-165",
      "passed": true
    },
    {
      "name": "full-polynomial-record-165",
      "passed": true
    },
    {
      "name": "all-signed-source-directions-165",
      "passed": true
    },
    {
      "name": "raw-signed-columns-165",
      "passed": true
    },
    {
      "name": "original-cycle-count-165",
      "passed": true
    },
    {
      "name": "original-source-row-166",
      "passed": true
    },
    {
      "name": "full-polynomial-record-166",
      "passed": true
    },
    {
      "name": "all-signed-source-directions-166",
      "passed": true
    },
    {
      "name": "raw-signed-columns-166",
      "passed": true
    },
    {
      "name": "original-cycle-count-166",
      "passed": true
    },
    {
      "name": "original-source-row-167",
      "passed": true
    },
    {
      "name": "full-polynomial-record-167",
      "passed": true
    },
    {
      "name": "all-signed-source-directions-167",
      "passed": true
    },
    {
      "name": "raw-signed-columns-167",
      "passed": true
    },
    {
      "name": "original-cycle-count-167",
      "passed": true
    },
    {
      "name": "original-source-row-168",
      "passed": true
    },
    {
      "name": "full-polynomial-record-168",
      "passed": true
    },
    {
      "name": "all-signed-source-directions-168",
      "passed": true
    },
    {
      "name": "raw-signed-columns-168",
      "passed": true
    },
    {
      "name": "original-cycle-count-168",
      "passed": true
    },
    {
      "name": "original-source-row-169",
      "passed": true
    },
    {
      "name": "full-polynomial-record-169",
      "passed": true
    },
    {
      "name": "all-signed-source-directions-169",
      "passed": true
    },
    {
      "name": "raw-signed-columns-169",
      "passed": true
    },
    {
      "name": "original-cycle-count-169",
      "passed": true
    },
    {
      "name": "original-source-row-170",
      "passed": true
    },
    {
      "name": "full-polynomial-record-170",
      "passed": true
    },
    {
      "name": "all-signed-source-directions-170",
      "passed": true
    },
    {
      "name": "raw-signed-columns-170",
      "passed": true
    },
    {
      "name": "original-cycle-count-170",
      "passed": true
    },
    {
      "name": "original-source-row-171",
      "passed": true
    },
    {
      "name": "full-polynomial-record-171",
      "passed": true
    },
    {
      "name": "all-signed-source-directions-171",
      "passed": true
    },
    {
      "name": "raw-signed-columns-171",
      "passed": true
    },
    {
      "name": "original-cycle-count-171",
      "passed": true
    },
    {
      "name": "original-source-row-172",
      "passed": true
    },
    {
      "name": "full-polynomial-record-172",
      "passed": true
    },
    {
      "name": "all-signed-source-directions-172",
      "passed": true
    },
    {
      "name": "raw-signed-columns-172",
      "passed": true
    },
    {
      "name": "original-cycle-count-172",
      "passed": true
    },
    {
      "name": "original-source-row-173",
      "passed": true
    },
    {
      "name": "full-polynomial-record-173",
      "passed": true
    },
    {
      "name": "all-signed-source-directions-173",
      "passed": true
    },
    {
      "name": "raw-signed-columns-173",
      "passed": true
    },
    {
      "name": "original-cycle-count-173",
      "passed": true
    },
    {
      "name": "original-source-row-174",
      "passed": true
    },
    {
      "name": "full-polynomial-record-174",
      "passed": true
    },
    {
      "name": "all-signed-source-directions-174",
      "passed": true
    },
    {
      "name": "raw-signed-columns-174",
      "passed": true
    },
    {
      "name": "original-cycle-count-174",
      "passed": true
    },
    {
      "name": "original-source-row-175",
      "passed": true
    },
    {
      "name": "full-polynomial-record-175",
      "passed": true
    },
    {
      "name": "all-signed-source-directions-175",
      "passed": true
    },
    {
      "name": "raw-signed-columns-175",
      "passed": true
    },
    {
      "name": "original-cycle-count-175",
      "passed": true
    },
    {
      "name": "original-source-row-176",
      "passed": true
    },
    {
      "name": "full-polynomial-record-176",
      "passed": true
    },
    {
      "name": "all-signed-source-directions-176",
      "passed": true
    },
    {
      "name": "raw-signed-columns-176",
      "passed": true
    },
    {
      "name": "original-cycle-count-176",
      "passed": true
    },
    {
      "name": "original-source-row-177",
      "passed": true
    },
    {
      "name": "full-polynomial-record-177",
      "passed": true
    },
    {
      "name": "all-signed-source-directions-177",
      "passed": true
    },
    {
      "name": "raw-signed-columns-177",
      "passed": true
    },
    {
      "name": "original-cycle-count-177",
      "passed": true
    },
    {
      "name": "original-source-row-178",
      "passed": true
    },
    {
      "name": "full-polynomial-record-178",
      "passed": true
    },
    {
      "name": "all-signed-source-directions-178",
      "passed": true
    },
    {
      "name": "raw-signed-columns-178",
      "passed": true
    },
    {
      "name": "original-cycle-count-178",
      "passed": true
    },
    {
      "name": "original-source-row-179",
      "passed": true
    },
    {
      "name": "full-polynomial-record-179",
      "passed": true
    },
    {
      "name": "all-signed-source-directions-179",
      "passed": true
    },
    {
      "name": "raw-signed-columns-179",
      "passed": true
    },
    {
      "name": "original-cycle-count-179",
      "passed": true
    },
    {
      "name": "original-source-row-180",
      "passed": true
    },
    {
      "name": "full-polynomial-record-180",
      "passed": true
    },
    {
      "name": "all-signed-source-directions-180",
      "passed": true
    },
    {
      "name": "raw-signed-columns-180",
      "passed": true
    },
    {
      "name": "original-cycle-count-180",
      "passed": true
    },
    {
      "name": "original-source-row-181",
      "passed": true
    },
    {
      "name": "full-polynomial-record-181",
      "passed": true
    },
    {
      "name": "all-signed-source-directions-181",
      "passed": true
    },
    {
      "name": "raw-signed-columns-181",
      "passed": true
    },
    {
      "name": "original-cycle-count-181",
      "passed": true
    },
    {
      "name": "original-source-row-182",
      "passed": true
    },
    {
      "name": "full-polynomial-record-182",
      "passed": true
    },
    {
      "name": "all-signed-source-directions-182",
      "passed": true
    },
    {
      "name": "raw-signed-columns-182",
      "passed": true
    },
    {
      "name": "original-cycle-count-182",
      "passed": true
    },
    {
      "name": "original-source-row-183",
      "passed": true
    },
    {
      "name": "full-polynomial-record-183",
      "passed": true
    },
    {
      "name": "all-signed-source-directions-183",
      "passed": true
    },
    {
      "name": "raw-signed-columns-183",
      "passed": true
    },
    {
      "name": "original-cycle-count-183",
      "passed": true
    },
    {
      "name": "original-source-row-184",
      "passed": true
    },
    {
      "name": "full-polynomial-record-184",
      "passed": true
    },
    {
      "name": "all-signed-source-directions-184",
      "passed": true
    },
    {
      "name": "raw-signed-columns-184",
      "passed": true
    },
    {
      "name": "original-cycle-count-184",
      "passed": true
    },
    {
      "name": "original-source-row-185",
      "passed": true
    },
    {
      "name": "full-polynomial-record-185",
      "passed": true
    },
    {
      "name": "all-signed-source-directions-185",
      "passed": true
    },
    {
      "name": "raw-signed-columns-185",
      "passed": true
    },
    {
      "name": "original-cycle-count-185",
      "passed": true
    },
    {
      "name": "original-source-row-186",
      "passed": true
    },
    {
      "name": "full-polynomial-record-186",
      "passed": true
    },
    {
      "name": "all-signed-source-directions-186",
      "passed": true
    },
    {
      "name": "raw-signed-columns-186",
      "passed": true
    },
    {
      "name": "original-cycle-count-186",
      "passed": true
    },
    {
      "name": "original-source-row-187",
      "passed": true
    },
    {
      "name": "full-polynomial-record-187",
      "passed": true
    },
    {
      "name": "all-signed-source-directions-187",
      "passed": true
    },
    {
      "name": "raw-signed-columns-187",
      "passed": true
    },
    {
      "name": "original-cycle-count-187",
      "passed": true
    },
    {
      "name": "original-source-row-188",
      "passed": true
    },
    {
      "name": "full-polynomial-record-188",
      "passed": true
    },
    {
      "name": "all-signed-source-directions-188",
      "passed": true
    },
    {
      "name": "raw-signed-columns-188",
      "passed": true
    },
    {
      "name": "original-cycle-count-188",
      "passed": true
    },
    {
      "name": "original-source-row-189",
      "passed": true
    },
    {
      "name": "full-polynomial-record-189",
      "passed": true
    },
    {
      "name": "all-signed-source-directions-189",
      "passed": true
    },
    {
      "name": "raw-signed-columns-189",
      "passed": true
    },
    {
      "name": "original-cycle-count-189",
      "passed": true
    },
    {
      "name": "original-source-row-190",
      "passed": true
    },
    {
      "name": "full-polynomial-record-190",
      "passed": true
    },
    {
      "name": "all-signed-source-directions-190",
      "passed": true
    },
    {
      "name": "raw-signed-columns-190",
      "passed": true
    },
    {
      "name": "original-cycle-count-190",
      "passed": true
    },
    {
      "name": "original-source-row-191",
      "passed": true
    },
    {
      "name": "full-polynomial-record-191",
      "passed": true
    },
    {
      "name": "all-signed-source-directions-191",
      "passed": true
    },
    {
      "name": "raw-signed-columns-191",
      "passed": true
    },
    {
      "name": "original-cycle-count-191",
      "passed": true
    },
    {
      "name": "original-source-row-192",
      "passed": true
    },
    {
      "name": "full-polynomial-record-192",
      "passed": true
    },
    {
      "name": "all-signed-source-directions-192",
      "passed": true
    },
    {
      "name": "raw-signed-columns-192",
      "passed": true
    },
    {
      "name": "original-cycle-count-192",
      "passed": true
    },
    {
      "name": "original-source-row-193",
      "passed": true
    },
    {
      "name": "full-polynomial-record-193",
      "passed": true
    },
    {
      "name": "all-signed-source-directions-193",
      "passed": true
    },
    {
      "name": "raw-signed-columns-193",
      "passed": true
    },
    {
      "name": "original-cycle-count-193",
      "passed": true
    },
    {
      "name": "original-source-row-194",
      "passed": true
    },
    {
      "name": "full-polynomial-record-194",
      "passed": true
    },
    {
      "name": "all-signed-source-directions-194",
      "passed": true
    },
    {
      "name": "raw-signed-columns-194",
      "passed": true
    },
    {
      "name": "original-cycle-count-194",
      "passed": true
    },
    {
      "name": "original-source-row-195",
      "passed": true
    },
    {
      "name": "full-polynomial-record-195",
      "passed": true
    },
    {
      "name": "all-signed-source-directions-195",
      "passed": true
    },
    {
      "name": "raw-signed-columns-195",
      "passed": true
    },
    {
      "name": "original-cycle-count-195",
      "passed": true
    },
    {
      "name": "original-source-row-196",
      "passed": true
    },
    {
      "name": "full-polynomial-record-196",
      "passed": true
    },
    {
      "name": "all-signed-source-directions-196",
      "passed": true
    },
    {
      "name": "raw-signed-columns-196",
      "passed": true
    },
    {
      "name": "original-cycle-count-196",
      "passed": true
    },
    {
      "name": "original-source-row-197",
      "passed": true
    },
    {
      "name": "full-polynomial-record-197",
      "passed": true
    },
    {
      "name": "all-signed-source-directions-197",
      "passed": true
    },
    {
      "name": "raw-signed-columns-197",
      "passed": true
    },
    {
      "name": "original-cycle-count-197",
      "passed": true
    },
    {
      "name": "original-source-row-198",
      "passed": true
    },
    {
      "name": "full-polynomial-record-198",
      "passed": true
    },
    {
      "name": "all-signed-source-directions-198",
      "passed": true
    },
    {
      "name": "raw-signed-columns-198",
      "passed": true
    },
    {
      "name": "original-cycle-count-198",
      "passed": true
    },
    {
      "name": "original-source-row-199",
      "passed": true
    },
    {
      "name": "full-polynomial-record-199",
      "passed": true
    },
    {
      "name": "all-signed-source-directions-199",
      "passed": true
    },
    {
      "name": "raw-signed-columns-199",
      "passed": true
    },
    {
      "name": "original-cycle-count-199",
      "passed": true
    },
    {
      "name": "original-source-row-200",
      "passed": true
    },
    {
      "name": "full-polynomial-record-200",
      "passed": true
    },
    {
      "name": "all-signed-source-directions-200",
      "passed": true
    },
    {
      "name": "raw-signed-columns-200",
      "passed": true
    },
    {
      "name": "original-cycle-count-200",
      "passed": true
    },
    {
      "name": "original-source-row-201",
      "passed": true
    },
    {
      "name": "full-polynomial-record-201",
      "passed": true
    },
    {
      "name": "all-signed-source-directions-201",
      "passed": true
    },
    {
      "name": "raw-signed-columns-201",
      "passed": true
    },
    {
      "name": "original-cycle-count-201",
      "passed": true
    },
    {
      "name": "original-source-row-202",
      "passed": true
    },
    {
      "name": "full-polynomial-record-202",
      "passed": true
    },
    {
      "name": "all-signed-source-directions-202",
      "passed": true
    },
    {
      "name": "raw-signed-columns-202",
      "passed": true
    },
    {
      "name": "original-cycle-count-202",
      "passed": true
    },
    {
      "name": "original-source-row-203",
      "passed": true
    },
    {
      "name": "full-polynomial-record-203",
      "passed": true
    },
    {
      "name": "all-signed-source-directions-203",
      "passed": true
    },
    {
      "name": "raw-signed-columns-203",
      "passed": true
    },
    {
      "name": "original-cycle-count-203",
      "passed": true
    },
    {
      "name": "original-source-row-204",
      "passed": true
    },
    {
      "name": "full-polynomial-record-204",
      "passed": true
    },
    {
      "name": "all-signed-source-directions-204",
      "passed": true
    },
    {
      "name": "raw-signed-columns-204",
      "passed": true
    },
    {
      "name": "original-cycle-count-204",
      "passed": true
    },
    {
      "name": "original-source-row-205",
      "passed": true
    },
    {
      "name": "full-polynomial-record-205",
      "passed": true
    },
    {
      "name": "all-signed-source-directions-205",
      "passed": true
    },
    {
      "name": "raw-signed-columns-205",
      "passed": true
    },
    {
      "name": "original-cycle-count-205",
      "passed": true
    },
    {
      "name": "original-source-row-206",
      "passed": true
    },
    {
      "name": "full-polynomial-record-206",
      "passed": true
    },
    {
      "name": "all-signed-source-directions-206",
      "passed": true
    },
    {
      "name": "raw-signed-columns-206",
      "passed": true
    },
    {
      "name": "original-cycle-count-206",
      "passed": true
    },
    {
      "name": "original-source-row-207",
      "passed": true
    },
    {
      "name": "full-polynomial-record-207",
      "passed": true
    },
    {
      "name": "all-signed-source-directions-207",
      "passed": true
    },
    {
      "name": "raw-signed-columns-207",
      "passed": true
    },
    {
      "name": "original-cycle-count-207",
      "passed": true
    },
    {
      "name": "original-source-row-208",
      "passed": true
    },
    {
      "name": "full-polynomial-record-208",
      "passed": true
    },
    {
      "name": "all-signed-source-directions-208",
      "passed": true
    },
    {
      "name": "raw-signed-columns-208",
      "passed": true
    },
    {
      "name": "original-cycle-count-208",
      "passed": true
    },
    {
      "name": "original-source-row-209",
      "passed": true
    },
    {
      "name": "full-polynomial-record-209",
      "passed": true
    },
    {
      "name": "all-signed-source-directions-209",
      "passed": true
    },
    {
      "name": "raw-signed-columns-209",
      "passed": true
    },
    {
      "name": "original-cycle-count-209",
      "passed": true
    },
    {
      "name": "original-source-row-210",
      "passed": true
    },
    {
      "name": "full-polynomial-record-210",
      "passed": true
    },
    {
      "name": "all-signed-source-directions-210",
      "passed": true
    },
    {
      "name": "raw-signed-columns-210",
      "passed": true
    },
    {
      "name": "original-cycle-count-210",
      "passed": true
    },
    {
      "name": "original-source-row-211",
      "passed": true
    },
    {
      "name": "full-polynomial-record-211",
      "passed": true
    },
    {
      "name": "all-signed-source-directions-211",
      "passed": true
    },
    {
      "name": "raw-signed-columns-211",
      "passed": true
    },
    {
      "name": "original-cycle-count-211",
      "passed": true
    },
    {
      "name": "original-source-row-212",
      "passed": true
    },
    {
      "name": "full-polynomial-record-212",
      "passed": true
    },
    {
      "name": "all-signed-source-directions-212",
      "passed": true
    },
    {
      "name": "raw-signed-columns-212",
      "passed": true
    },
    {
      "name": "original-cycle-count-212",
      "passed": true
    },
    {
      "name": "original-source-row-213",
      "passed": true
    },
    {
      "name": "full-polynomial-record-213",
      "passed": true
    },
    {
      "name": "all-signed-source-directions-213",
      "passed": true
    },
    {
      "name": "raw-signed-columns-213",
      "passed": true
    },
    {
      "name": "original-cycle-count-213",
      "passed": true
    },
    {
      "name": "original-source-row-214",
      "passed": true
    },
    {
      "name": "full-polynomial-record-214",
      "passed": true
    },
    {
      "name": "all-signed-source-directions-214",
      "passed": true
    },
    {
      "name": "raw-signed-columns-214",
      "passed": true
    },
    {
      "name": "original-cycle-count-214",
      "passed": true
    },
    {
      "name": "original-source-row-215",
      "passed": true
    },
    {
      "name": "full-polynomial-record-215",
      "passed": true
    },
    {
      "name": "all-signed-source-directions-215",
      "passed": true
    },
    {
      "name": "raw-signed-columns-215",
      "passed": true
    },
    {
      "name": "original-cycle-count-215",
      "passed": true
    },
    {
      "name": "original-source-row-216",
      "passed": true
    },
    {
      "name": "full-polynomial-record-216",
      "passed": true
    },
    {
      "name": "all-signed-source-directions-216",
      "passed": true
    },
    {
      "name": "raw-signed-columns-216",
      "passed": true
    },
    {
      "name": "original-cycle-count-216",
      "passed": true
    },
    {
      "name": "original-source-row-217",
      "passed": true
    },
    {
      "name": "full-polynomial-record-217",
      "passed": true
    },
    {
      "name": "all-signed-source-directions-217",
      "passed": true
    },
    {
      "name": "raw-signed-columns-217",
      "passed": true
    },
    {
      "name": "original-cycle-count-217",
      "passed": true
    },
    {
      "name": "original-source-row-218",
      "passed": true
    },
    {
      "name": "full-polynomial-record-218",
      "passed": true
    },
    {
      "name": "all-signed-source-directions-218",
      "passed": true
    },
    {
      "name": "raw-signed-columns-218",
      "passed": true
    },
    {
      "name": "original-cycle-count-218",
      "passed": true
    },
    {
      "name": "original-source-row-219",
      "passed": true
    },
    {
      "name": "full-polynomial-record-219",
      "passed": true
    },
    {
      "name": "all-signed-source-directions-219",
      "passed": true
    },
    {
      "name": "raw-signed-columns-219",
      "passed": true
    },
    {
      "name": "original-cycle-count-219",
      "passed": true
    },
    {
      "name": "original-source-row-220",
      "passed": true
    },
    {
      "name": "full-polynomial-record-220",
      "passed": true
    },
    {
      "name": "all-signed-source-directions-220",
      "passed": true
    },
    {
      "name": "raw-signed-columns-220",
      "passed": true
    },
    {
      "name": "original-cycle-count-220",
      "passed": true
    },
    {
      "name": "original-source-row-221",
      "passed": true
    },
    {
      "name": "full-polynomial-record-221",
      "passed": true
    },
    {
      "name": "all-signed-source-directions-221",
      "passed": true
    },
    {
      "name": "raw-signed-columns-221",
      "passed": true
    },
    {
      "name": "original-cycle-count-221",
      "passed": true
    },
    {
      "name": "original-source-row-222",
      "passed": true
    },
    {
      "name": "full-polynomial-record-222",
      "passed": true
    },
    {
      "name": "all-signed-source-directions-222",
      "passed": true
    },
    {
      "name": "raw-signed-columns-222",
      "passed": true
    },
    {
      "name": "original-cycle-count-222",
      "passed": true
    },
    {
      "name": "original-source-row-223",
      "passed": true
    },
    {
      "name": "full-polynomial-record-223",
      "passed": true
    },
    {
      "name": "all-signed-source-directions-223",
      "passed": true
    },
    {
      "name": "raw-signed-columns-223",
      "passed": true
    },
    {
      "name": "original-cycle-count-223",
      "passed": true
    },
    {
      "name": "original-source-row-224",
      "passed": true
    },
    {
      "name": "full-polynomial-record-224",
      "passed": true
    },
    {
      "name": "all-signed-source-directions-224",
      "passed": true
    },
    {
      "name": "raw-signed-columns-224",
      "passed": true
    },
    {
      "name": "original-cycle-count-224",
      "passed": true
    },
    {
      "name": "original-source-row-225",
      "passed": true
    },
    {
      "name": "full-polynomial-record-225",
      "passed": true
    },
    {
      "name": "all-signed-source-directions-225",
      "passed": true
    },
    {
      "name": "raw-signed-columns-225",
      "passed": true
    },
    {
      "name": "original-cycle-count-225",
      "passed": true
    },
    {
      "name": "original-source-row-226",
      "passed": true
    },
    {
      "name": "full-polynomial-record-226",
      "passed": true
    },
    {
      "name": "all-signed-source-directions-226",
      "passed": true
    },
    {
      "name": "raw-signed-columns-226",
      "passed": true
    },
    {
      "name": "original-cycle-count-226",
      "passed": true
    },
    {
      "name": "original-source-row-227",
      "passed": true
    },
    {
      "name": "full-polynomial-record-227",
      "passed": true
    },
    {
      "name": "all-signed-source-directions-227",
      "passed": true
    },
    {
      "name": "raw-signed-columns-227",
      "passed": true
    },
    {
      "name": "original-cycle-count-227",
      "passed": true
    },
    {
      "name": "original-source-row-228",
      "passed": true
    },
    {
      "name": "full-polynomial-record-228",
      "passed": true
    },
    {
      "name": "all-signed-source-directions-228",
      "passed": true
    },
    {
      "name": "raw-signed-columns-228",
      "passed": true
    },
    {
      "name": "original-cycle-count-228",
      "passed": true
    },
    {
      "name": "original-source-row-229",
      "passed": true
    },
    {
      "name": "full-polynomial-record-229",
      "passed": true
    },
    {
      "name": "all-signed-source-directions-229",
      "passed": true
    },
    {
      "name": "raw-signed-columns-229",
      "passed": true
    },
    {
      "name": "original-cycle-count-229",
      "passed": true
    },
    {
      "name": "original-source-row-230",
      "passed": true
    },
    {
      "name": "full-polynomial-record-230",
      "passed": true
    },
    {
      "name": "all-signed-source-directions-230",
      "passed": true
    },
    {
      "name": "raw-signed-columns-230",
      "passed": true
    },
    {
      "name": "original-cycle-count-230",
      "passed": true
    },
    {
      "name": "original-source-row-231",
      "passed": true
    },
    {
      "name": "full-polynomial-record-231",
      "passed": true
    },
    {
      "name": "all-signed-source-directions-231",
      "passed": true
    },
    {
      "name": "raw-signed-columns-231",
      "passed": true
    },
    {
      "name": "original-cycle-count-231",
      "passed": true
    },
    {
      "name": "original-source-row-232",
      "passed": true
    },
    {
      "name": "full-polynomial-record-232",
      "passed": true
    },
    {
      "name": "all-signed-source-directions-232",
      "passed": true
    },
    {
      "name": "raw-signed-columns-232",
      "passed": true
    },
    {
      "name": "original-cycle-count-232",
      "passed": true
    },
    {
      "name": "original-source-row-233",
      "passed": true
    },
    {
      "name": "full-polynomial-record-233",
      "passed": true
    },
    {
      "name": "all-signed-source-directions-233",
      "passed": true
    },
    {
      "name": "raw-signed-columns-233",
      "passed": true
    },
    {
      "name": "original-cycle-count-233",
      "passed": true
    },
    {
      "name": "original-source-row-234",
      "passed": true
    },
    {
      "name": "full-polynomial-record-234",
      "passed": true
    },
    {
      "name": "all-signed-source-directions-234",
      "passed": true
    },
    {
      "name": "raw-signed-columns-234",
      "passed": true
    },
    {
      "name": "original-cycle-count-234",
      "passed": true
    },
    {
      "name": "original-source-row-235",
      "passed": true
    },
    {
      "name": "full-polynomial-record-235",
      "passed": true
    },
    {
      "name": "all-signed-source-directions-235",
      "passed": true
    },
    {
      "name": "raw-signed-columns-235",
      "passed": true
    },
    {
      "name": "original-cycle-count-235",
      "passed": true
    },
    {
      "name": "original-source-row-236",
      "passed": true
    },
    {
      "name": "full-polynomial-record-236",
      "passed": true
    },
    {
      "name": "all-signed-source-directions-236",
      "passed": true
    },
    {
      "name": "raw-signed-columns-236",
      "passed": true
    },
    {
      "name": "original-cycle-count-236",
      "passed": true
    },
    {
      "name": "original-source-row-237",
      "passed": true
    },
    {
      "name": "full-polynomial-record-237",
      "passed": true
    },
    {
      "name": "all-signed-source-directions-237",
      "passed": true
    },
    {
      "name": "raw-signed-columns-237",
      "passed": true
    },
    {
      "name": "original-cycle-count-237",
      "passed": true
    },
    {
      "name": "original-source-row-238",
      "passed": true
    },
    {
      "name": "full-polynomial-record-238",
      "passed": true
    },
    {
      "name": "all-signed-source-directions-238",
      "passed": true
    },
    {
      "name": "raw-signed-columns-238",
      "passed": true
    },
    {
      "name": "original-cycle-count-238",
      "passed": true
    },
    {
      "name": "original-source-row-239",
      "passed": true
    },
    {
      "name": "full-polynomial-record-239",
      "passed": true
    },
    {
      "name": "all-signed-source-directions-239",
      "passed": true
    },
    {
      "name": "raw-signed-columns-239",
      "passed": true
    },
    {
      "name": "original-cycle-count-239",
      "passed": true
    },
    {
      "name": "original-source-row-240",
      "passed": true
    },
    {
      "name": "full-polynomial-record-240",
      "passed": true
    },
    {
      "name": "all-signed-source-directions-240",
      "passed": true
    },
    {
      "name": "raw-signed-columns-240",
      "passed": true
    },
    {
      "name": "original-cycle-count-240",
      "passed": true
    },
    {
      "name": "original-source-row-241",
      "passed": true
    },
    {
      "name": "full-polynomial-record-241",
      "passed": true
    },
    {
      "name": "all-signed-source-directions-241",
      "passed": true
    },
    {
      "name": "raw-signed-columns-241",
      "passed": true
    },
    {
      "name": "original-cycle-count-241",
      "passed": true
    },
    {
      "name": "original-source-row-242",
      "passed": true
    },
    {
      "name": "full-polynomial-record-242",
      "passed": true
    },
    {
      "name": "all-signed-source-directions-242",
      "passed": true
    },
    {
      "name": "raw-signed-columns-242",
      "passed": true
    },
    {
      "name": "original-cycle-count-242",
      "passed": true
    },
    {
      "name": "original-source-row-243",
      "passed": true
    },
    {
      "name": "full-polynomial-record-243",
      "passed": true
    },
    {
      "name": "all-signed-source-directions-243",
      "passed": true
    },
    {
      "name": "raw-signed-columns-243",
      "passed": true
    },
    {
      "name": "original-cycle-count-243",
      "passed": true
    },
    {
      "name": "original-source-row-244",
      "passed": true
    },
    {
      "name": "full-polynomial-record-244",
      "passed": true
    },
    {
      "name": "all-signed-source-directions-244",
      "passed": true
    },
    {
      "name": "raw-signed-columns-244",
      "passed": true
    },
    {
      "name": "original-cycle-count-244",
      "passed": true
    },
    {
      "name": "original-source-row-245",
      "passed": true
    },
    {
      "name": "full-polynomial-record-245",
      "passed": true
    },
    {
      "name": "all-signed-source-directions-245",
      "passed": true
    },
    {
      "name": "raw-signed-columns-245",
      "passed": true
    },
    {
      "name": "original-cycle-count-245",
      "passed": true
    },
    {
      "name": "original-source-row-246",
      "passed": true
    },
    {
      "name": "full-polynomial-record-246",
      "passed": true
    },
    {
      "name": "all-signed-source-directions-246",
      "passed": true
    },
    {
      "name": "raw-signed-columns-246",
      "passed": true
    },
    {
      "name": "original-cycle-count-246",
      "passed": true
    },
    {
      "name": "original-source-row-247",
      "passed": true
    },
    {
      "name": "full-polynomial-record-247",
      "passed": true
    },
    {
      "name": "all-signed-source-directions-247",
      "passed": true
    },
    {
      "name": "raw-signed-columns-247",
      "passed": true
    },
    {
      "name": "original-cycle-count-247",
      "passed": true
    },
    {
      "name": "original-source-row-248",
      "passed": true
    },
    {
      "name": "full-polynomial-record-248",
      "passed": true
    },
    {
      "name": "all-signed-source-directions-248",
      "passed": true
    },
    {
      "name": "raw-signed-columns-248",
      "passed": true
    },
    {
      "name": "original-cycle-count-248",
      "passed": true
    },
    {
      "name": "original-source-row-249",
      "passed": true
    },
    {
      "name": "full-polynomial-record-249",
      "passed": true
    },
    {
      "name": "all-signed-source-directions-249",
      "passed": true
    },
    {
      "name": "raw-signed-columns-249",
      "passed": true
    },
    {
      "name": "original-cycle-count-249",
      "passed": true
    },
    {
      "name": "original-source-row-250",
      "passed": true
    },
    {
      "name": "full-polynomial-record-250",
      "passed": true
    },
    {
      "name": "all-signed-source-directions-250",
      "passed": true
    },
    {
      "name": "raw-signed-columns-250",
      "passed": true
    },
    {
      "name": "original-cycle-count-250",
      "passed": true
    },
    {
      "name": "original-source-row-251",
      "passed": true
    },
    {
      "name": "full-polynomial-record-251",
      "passed": true
    },
    {
      "name": "all-signed-source-directions-251",
      "passed": true
    },
    {
      "name": "raw-signed-columns-251",
      "passed": true
    },
    {
      "name": "original-cycle-count-251",
      "passed": true
    },
    {
      "name": "original-source-row-252",
      "passed": true
    },
    {
      "name": "full-polynomial-record-252",
      "passed": true
    },
    {
      "name": "all-signed-source-directions-252",
      "passed": true
    },
    {
      "name": "raw-signed-columns-252",
      "passed": true
    },
    {
      "name": "original-cycle-count-252",
      "passed": true
    },
    {
      "name": "original-source-row-253",
      "passed": true
    },
    {
      "name": "full-polynomial-record-253",
      "passed": true
    },
    {
      "name": "all-signed-source-directions-253",
      "passed": true
    },
    {
      "name": "raw-signed-columns-253",
      "passed": true
    },
    {
      "name": "original-cycle-count-253",
      "passed": true
    },
    {
      "name": "original-source-row-254",
      "passed": true
    },
    {
      "name": "full-polynomial-record-254",
      "passed": true
    },
    {
      "name": "all-signed-source-directions-254",
      "passed": true
    },
    {
      "name": "raw-signed-columns-254",
      "passed": true
    },
    {
      "name": "original-cycle-count-254",
      "passed": true
    },
    {
      "name": "original-source-row-255",
      "passed": true
    },
    {
      "name": "full-polynomial-record-255",
      "passed": true
    },
    {
      "name": "all-signed-source-directions-255",
      "passed": true
    },
    {
      "name": "raw-signed-columns-255",
      "passed": true
    },
    {
      "name": "original-cycle-count-255",
      "passed": true
    },
    {
      "name": "original-source-row-256",
      "passed": true
    },
    {
      "name": "full-polynomial-record-256",
      "passed": true
    },
    {
      "name": "all-signed-source-directions-256",
      "passed": true
    },
    {
      "name": "raw-signed-columns-256",
      "passed": true
    },
    {
      "name": "original-cycle-count-256",
      "passed": true
    },
    {
      "name": "original-source-row-257",
      "passed": true
    },
    {
      "name": "full-polynomial-record-257",
      "passed": true
    },
    {
      "name": "all-signed-source-directions-257",
      "passed": true
    },
    {
      "name": "raw-signed-columns-257",
      "passed": true
    },
    {
      "name": "original-cycle-count-257",
      "passed": true
    },
    {
      "name": "original-source-row-258",
      "passed": true
    },
    {
      "name": "full-polynomial-record-258",
      "passed": true
    },
    {
      "name": "all-signed-source-directions-258",
      "passed": true
    },
    {
      "name": "raw-signed-columns-258",
      "passed": true
    },
    {
      "name": "original-cycle-count-258",
      "passed": true
    },
    {
      "name": "original-source-row-259",
      "passed": true
    },
    {
      "name": "full-polynomial-record-259",
      "passed": true
    },
    {
      "name": "all-signed-source-directions-259",
      "passed": true
    },
    {
      "name": "raw-signed-columns-259",
      "passed": true
    },
    {
      "name": "original-cycle-count-259",
      "passed": true
    },
    {
      "name": "original-source-row-260",
      "passed": true
    },
    {
      "name": "full-polynomial-record-260",
      "passed": true
    },
    {
      "name": "all-signed-source-directions-260",
      "passed": true
    },
    {
      "name": "raw-signed-columns-260",
      "passed": true
    },
    {
      "name": "original-cycle-count-260",
      "passed": true
    },
    {
      "name": "original-source-row-261",
      "passed": true
    },
    {
      "name": "full-polynomial-record-261",
      "passed": true
    },
    {
      "name": "all-signed-source-directions-261",
      "passed": true
    },
    {
      "name": "raw-signed-columns-261",
      "passed": true
    },
    {
      "name": "original-cycle-count-261",
      "passed": true
    },
    {
      "name": "original-source-row-262",
      "passed": true
    },
    {
      "name": "full-polynomial-record-262",
      "passed": true
    },
    {
      "name": "all-signed-source-directions-262",
      "passed": true
    },
    {
      "name": "raw-signed-columns-262",
      "passed": true
    },
    {
      "name": "original-cycle-count-262",
      "passed": true
    },
    {
      "name": "original-source-row-263",
      "passed": true
    },
    {
      "name": "full-polynomial-record-263",
      "passed": true
    },
    {
      "name": "all-signed-source-directions-263",
      "passed": true
    },
    {
      "name": "raw-signed-columns-263",
      "passed": true
    },
    {
      "name": "original-cycle-count-263",
      "passed": true
    },
    {
      "name": "original-source-row-264",
      "passed": true
    },
    {
      "name": "full-polynomial-record-264",
      "passed": true
    },
    {
      "name": "all-signed-source-directions-264",
      "passed": true
    },
    {
      "name": "raw-signed-columns-264",
      "passed": true
    },
    {
      "name": "original-cycle-count-264",
      "passed": true
    },
    {
      "name": "original-source-row-265",
      "passed": true
    },
    {
      "name": "full-polynomial-record-265",
      "passed": true
    },
    {
      "name": "all-signed-source-directions-265",
      "passed": true
    },
    {
      "name": "raw-signed-columns-265",
      "passed": true
    },
    {
      "name": "original-cycle-count-265",
      "passed": true
    },
    {
      "name": "original-source-row-266",
      "passed": true
    },
    {
      "name": "full-polynomial-record-266",
      "passed": true
    },
    {
      "name": "all-signed-source-directions-266",
      "passed": true
    },
    {
      "name": "raw-signed-columns-266",
      "passed": true
    },
    {
      "name": "original-cycle-count-266",
      "passed": true
    },
    {
      "name": "original-source-row-267",
      "passed": true
    },
    {
      "name": "full-polynomial-record-267",
      "passed": true
    },
    {
      "name": "all-signed-source-directions-267",
      "passed": true
    },
    {
      "name": "raw-signed-columns-267",
      "passed": true
    },
    {
      "name": "original-cycle-count-267",
      "passed": true
    },
    {
      "name": "original-source-row-268",
      "passed": true
    },
    {
      "name": "full-polynomial-record-268",
      "passed": true
    },
    {
      "name": "all-signed-source-directions-268",
      "passed": true
    },
    {
      "name": "raw-signed-columns-268",
      "passed": true
    },
    {
      "name": "original-cycle-count-268",
      "passed": true
    },
    {
      "name": "original-source-row-269",
      "passed": true
    },
    {
      "name": "full-polynomial-record-269",
      "passed": true
    },
    {
      "name": "all-signed-source-directions-269",
      "passed": true
    },
    {
      "name": "raw-signed-columns-269",
      "passed": true
    },
    {
      "name": "original-cycle-count-269",
      "passed": true
    },
    {
      "name": "original-source-row-270",
      "passed": true
    },
    {
      "name": "full-polynomial-record-270",
      "passed": true
    },
    {
      "name": "all-signed-source-directions-270",
      "passed": true
    },
    {
      "name": "raw-signed-columns-270",
      "passed": true
    },
    {
      "name": "original-cycle-count-270",
      "passed": true
    },
    {
      "name": "original-source-row-271",
      "passed": true
    },
    {
      "name": "full-polynomial-record-271",
      "passed": true
    },
    {
      "name": "all-signed-source-directions-271",
      "passed": true
    },
    {
      "name": "raw-signed-columns-271",
      "passed": true
    },
    {
      "name": "original-cycle-count-271",
      "passed": true
    },
    {
      "name": "original-source-row-272",
      "passed": true
    },
    {
      "name": "full-polynomial-record-272",
      "passed": true
    },
    {
      "name": "all-signed-source-directions-272",
      "passed": true
    },
    {
      "name": "raw-signed-columns-272",
      "passed": true
    },
    {
      "name": "original-cycle-count-272",
      "passed": true
    },
    {
      "name": "original-source-row-273",
      "passed": true
    },
    {
      "name": "full-polynomial-record-273",
      "passed": true
    },
    {
      "name": "all-signed-source-directions-273",
      "passed": true
    },
    {
      "name": "raw-signed-columns-273",
      "passed": true
    },
    {
      "name": "original-cycle-count-273",
      "passed": true
    },
    {
      "name": "original-source-row-274",
      "passed": true
    },
    {
      "name": "full-polynomial-record-274",
      "passed": true
    },
    {
      "name": "all-signed-source-directions-274",
      "passed": true
    },
    {
      "name": "raw-signed-columns-274",
      "passed": true
    },
    {
      "name": "original-cycle-count-274",
      "passed": true
    },
    {
      "name": "original-source-row-275",
      "passed": true
    },
    {
      "name": "full-polynomial-record-275",
      "passed": true
    },
    {
      "name": "all-signed-source-directions-275",
      "passed": true
    },
    {
      "name": "raw-signed-columns-275",
      "passed": true
    },
    {
      "name": "original-cycle-count-275",
      "passed": true
    },
    {
      "name": "original-source-row-276",
      "passed": true
    },
    {
      "name": "full-polynomial-record-276",
      "passed": true
    },
    {
      "name": "all-signed-source-directions-276",
      "passed": true
    },
    {
      "name": "raw-signed-columns-276",
      "passed": true
    },
    {
      "name": "original-cycle-count-276",
      "passed": true
    },
    {
      "name": "original-source-row-277",
      "passed": true
    },
    {
      "name": "full-polynomial-record-277",
      "passed": true
    },
    {
      "name": "all-signed-source-directions-277",
      "passed": true
    },
    {
      "name": "raw-signed-columns-277",
      "passed": true
    },
    {
      "name": "original-cycle-count-277",
      "passed": true
    },
    {
      "name": "original-source-row-278",
      "passed": true
    },
    {
      "name": "full-polynomial-record-278",
      "passed": true
    },
    {
      "name": "all-signed-source-directions-278",
      "passed": true
    },
    {
      "name": "raw-signed-columns-278",
      "passed": true
    },
    {
      "name": "original-cycle-count-278",
      "passed": true
    },
    {
      "name": "original-source-row-279",
      "passed": true
    },
    {
      "name": "full-polynomial-record-279",
      "passed": true
    },
    {
      "name": "all-signed-source-directions-279",
      "passed": true
    },
    {
      "name": "raw-signed-columns-279",
      "passed": true
    },
    {
      "name": "original-cycle-count-279",
      "passed": true
    },
    {
      "name": "original-source-row-280",
      "passed": true
    },
    {
      "name": "full-polynomial-record-280",
      "passed": true
    },
    {
      "name": "all-signed-source-directions-280",
      "passed": true
    },
    {
      "name": "raw-signed-columns-280",
      "passed": true
    },
    {
      "name": "original-cycle-count-280",
      "passed": true
    },
    {
      "name": "original-source-row-281",
      "passed": true
    },
    {
      "name": "full-polynomial-record-281",
      "passed": true
    },
    {
      "name": "all-signed-source-directions-281",
      "passed": true
    },
    {
      "name": "raw-signed-columns-281",
      "passed": true
    },
    {
      "name": "original-cycle-count-281",
      "passed": true
    },
    {
      "name": "original-source-row-282",
      "passed": true
    },
    {
      "name": "full-polynomial-record-282",
      "passed": true
    },
    {
      "name": "all-signed-source-directions-282",
      "passed": true
    },
    {
      "name": "raw-signed-columns-282",
      "passed": true
    },
    {
      "name": "original-cycle-count-282",
      "passed": true
    },
    {
      "name": "original-source-row-283",
      "passed": true
    },
    {
      "name": "full-polynomial-record-283",
      "passed": true
    },
    {
      "name": "all-signed-source-directions-283",
      "passed": true
    },
    {
      "name": "raw-signed-columns-283",
      "passed": true
    },
    {
      "name": "original-cycle-count-283",
      "passed": true
    },
    {
      "name": "original-source-row-284",
      "passed": true
    },
    {
      "name": "full-polynomial-record-284",
      "passed": true
    },
    {
      "name": "all-signed-source-directions-284",
      "passed": true
    },
    {
      "name": "raw-signed-columns-284",
      "passed": true
    },
    {
      "name": "original-cycle-count-284",
      "passed": true
    },
    {
      "name": "original-source-row-285",
      "passed": true
    },
    {
      "name": "full-polynomial-record-285",
      "passed": true
    },
    {
      "name": "all-signed-source-directions-285",
      "passed": true
    },
    {
      "name": "raw-signed-columns-285",
      "passed": true
    },
    {
      "name": "original-cycle-count-285",
      "passed": true
    },
    {
      "name": "original-source-row-286",
      "passed": true
    },
    {
      "name": "full-polynomial-record-286",
      "passed": true
    },
    {
      "name": "all-signed-source-directions-286",
      "passed": true
    },
    {
      "name": "raw-signed-columns-286",
      "passed": true
    },
    {
      "name": "original-cycle-count-286",
      "passed": true
    },
    {
      "name": "original-source-row-287",
      "passed": true
    },
    {
      "name": "full-polynomial-record-287",
      "passed": true
    },
    {
      "name": "all-signed-source-directions-287",
      "passed": true
    },
    {
      "name": "raw-signed-columns-287",
      "passed": true
    },
    {
      "name": "original-cycle-count-287",
      "passed": true
    },
    {
      "name": "original-source-row-288",
      "passed": true
    },
    {
      "name": "full-polynomial-record-288",
      "passed": true
    },
    {
      "name": "all-signed-source-directions-288",
      "passed": true
    },
    {
      "name": "raw-signed-columns-288",
      "passed": true
    },
    {
      "name": "original-cycle-count-288",
      "passed": true
    },
    {
      "name": "original-source-row-289",
      "passed": true
    },
    {
      "name": "full-polynomial-record-289",
      "passed": true
    },
    {
      "name": "all-signed-source-directions-289",
      "passed": true
    },
    {
      "name": "raw-signed-columns-289",
      "passed": true
    },
    {
      "name": "original-cycle-count-289",
      "passed": true
    },
    {
      "name": "original-source-row-290",
      "passed": true
    },
    {
      "name": "full-polynomial-record-290",
      "passed": true
    },
    {
      "name": "all-signed-source-directions-290",
      "passed": true
    },
    {
      "name": "raw-signed-columns-290",
      "passed": true
    },
    {
      "name": "original-cycle-count-290",
      "passed": true
    },
    {
      "name": "original-source-row-291",
      "passed": true
    },
    {
      "name": "full-polynomial-record-291",
      "passed": true
    },
    {
      "name": "all-signed-source-directions-291",
      "passed": true
    },
    {
      "name": "raw-signed-columns-291",
      "passed": true
    },
    {
      "name": "original-cycle-count-291",
      "passed": true
    },
    {
      "name": "original-source-row-292",
      "passed": true
    },
    {
      "name": "full-polynomial-record-292",
      "passed": true
    },
    {
      "name": "all-signed-source-directions-292",
      "passed": true
    },
    {
      "name": "raw-signed-columns-292",
      "passed": true
    },
    {
      "name": "original-cycle-count-292",
      "passed": true
    },
    {
      "name": "original-source-row-293",
      "passed": true
    },
    {
      "name": "full-polynomial-record-293",
      "passed": true
    },
    {
      "name": "all-signed-source-directions-293",
      "passed": true
    },
    {
      "name": "raw-signed-columns-293",
      "passed": true
    },
    {
      "name": "original-cycle-count-293",
      "passed": true
    },
    {
      "name": "original-source-row-294",
      "passed": true
    },
    {
      "name": "full-polynomial-record-294",
      "passed": true
    },
    {
      "name": "all-signed-source-directions-294",
      "passed": true
    },
    {
      "name": "raw-signed-columns-294",
      "passed": true
    },
    {
      "name": "original-cycle-count-294",
      "passed": true
    },
    {
      "name": "original-source-row-295",
      "passed": true
    },
    {
      "name": "full-polynomial-record-295",
      "passed": true
    },
    {
      "name": "all-signed-source-directions-295",
      "passed": true
    },
    {
      "name": "raw-signed-columns-295",
      "passed": true
    },
    {
      "name": "original-cycle-count-295",
      "passed": true
    },
    {
      "name": "original-source-row-296",
      "passed": true
    },
    {
      "name": "full-polynomial-record-296",
      "passed": true
    },
    {
      "name": "all-signed-source-directions-296",
      "passed": true
    },
    {
      "name": "raw-signed-columns-296",
      "passed": true
    },
    {
      "name": "original-cycle-count-296",
      "passed": true
    },
    {
      "name": "original-source-row-297",
      "passed": true
    },
    {
      "name": "full-polynomial-record-297",
      "passed": true
    },
    {
      "name": "all-signed-source-directions-297",
      "passed": true
    },
    {
      "name": "raw-signed-columns-297",
      "passed": true
    },
    {
      "name": "original-cycle-count-297",
      "passed": true
    },
    {
      "name": "original-source-row-298",
      "passed": true
    },
    {
      "name": "full-polynomial-record-298",
      "passed": true
    },
    {
      "name": "all-signed-source-directions-298",
      "passed": true
    },
    {
      "name": "raw-signed-columns-298",
      "passed": true
    },
    {
      "name": "original-cycle-count-298",
      "passed": true
    },
    {
      "name": "original-source-row-299",
      "passed": true
    },
    {
      "name": "full-polynomial-record-299",
      "passed": true
    },
    {
      "name": "all-signed-source-directions-299",
      "passed": true
    },
    {
      "name": "raw-signed-columns-299",
      "passed": true
    },
    {
      "name": "original-cycle-count-299",
      "passed": true
    },
    {
      "name": "original-source-row-300",
      "passed": true
    },
    {
      "name": "full-polynomial-record-300",
      "passed": true
    },
    {
      "name": "all-signed-source-directions-300",
      "passed": true
    },
    {
      "name": "raw-signed-columns-300",
      "passed": true
    },
    {
      "name": "original-cycle-count-300",
      "passed": true
    },
    {
      "name": "original-source-row-301",
      "passed": true
    },
    {
      "name": "full-polynomial-record-301",
      "passed": true
    },
    {
      "name": "all-signed-source-directions-301",
      "passed": true
    },
    {
      "name": "raw-signed-columns-301",
      "passed": true
    },
    {
      "name": "original-cycle-count-301",
      "passed": true
    },
    {
      "name": "original-source-row-302",
      "passed": true
    },
    {
      "name": "full-polynomial-record-302",
      "passed": true
    },
    {
      "name": "all-signed-source-directions-302",
      "passed": true
    },
    {
      "name": "raw-signed-columns-302",
      "passed": true
    },
    {
      "name": "original-cycle-count-302",
      "passed": true
    },
    {
      "name": "original-source-row-303",
      "passed": true
    },
    {
      "name": "full-polynomial-record-303",
      "passed": true
    },
    {
      "name": "all-signed-source-directions-303",
      "passed": true
    },
    {
      "name": "raw-signed-columns-303",
      "passed": true
    },
    {
      "name": "original-cycle-count-303",
      "passed": true
    },
    {
      "name": "original-source-row-304",
      "passed": true
    },
    {
      "name": "full-polynomial-record-304",
      "passed": true
    },
    {
      "name": "all-signed-source-directions-304",
      "passed": true
    },
    {
      "name": "raw-signed-columns-304",
      "passed": true
    },
    {
      "name": "original-cycle-count-304",
      "passed": true
    },
    {
      "name": "original-source-row-305",
      "passed": true
    },
    {
      "name": "full-polynomial-record-305",
      "passed": true
    },
    {
      "name": "all-signed-source-directions-305",
      "passed": true
    },
    {
      "name": "raw-signed-columns-305",
      "passed": true
    },
    {
      "name": "original-cycle-count-305",
      "passed": true
    },
    {
      "name": "original-source-row-306",
      "passed": true
    },
    {
      "name": "full-polynomial-record-306",
      "passed": true
    },
    {
      "name": "all-signed-source-directions-306",
      "passed": true
    },
    {
      "name": "raw-signed-columns-306",
      "passed": true
    },
    {
      "name": "original-cycle-count-306",
      "passed": true
    },
    {
      "name": "original-source-row-307",
      "passed": true
    },
    {
      "name": "full-polynomial-record-307",
      "passed": true
    },
    {
      "name": "all-signed-source-directions-307",
      "passed": true
    },
    {
      "name": "raw-signed-columns-307",
      "passed": true
    },
    {
      "name": "original-cycle-count-307",
      "passed": true
    },
    {
      "name": "original-source-row-308",
      "passed": true
    },
    {
      "name": "full-polynomial-record-308",
      "passed": true
    },
    {
      "name": "all-signed-source-directions-308",
      "passed": true
    },
    {
      "name": "raw-signed-columns-308",
      "passed": true
    },
    {
      "name": "original-cycle-count-308",
      "passed": true
    },
    {
      "name": "original-source-row-309",
      "passed": true
    },
    {
      "name": "full-polynomial-record-309",
      "passed": true
    },
    {
      "name": "all-signed-source-directions-309",
      "passed": true
    },
    {
      "name": "raw-signed-columns-309",
      "passed": true
    },
    {
      "name": "original-cycle-count-309",
      "passed": true
    },
    {
      "name": "original-source-row-310",
      "passed": true
    },
    {
      "name": "full-polynomial-record-310",
      "passed": true
    },
    {
      "name": "all-signed-source-directions-310",
      "passed": true
    },
    {
      "name": "raw-signed-columns-310",
      "passed": true
    },
    {
      "name": "original-cycle-count-310",
      "passed": true
    },
    {
      "name": "original-source-row-311",
      "passed": true
    },
    {
      "name": "full-polynomial-record-311",
      "passed": true
    },
    {
      "name": "all-signed-source-directions-311",
      "passed": true
    },
    {
      "name": "raw-signed-columns-311",
      "passed": true
    },
    {
      "name": "original-cycle-count-311",
      "passed": true
    },
    {
      "name": "original-source-row-312",
      "passed": true
    },
    {
      "name": "full-polynomial-record-312",
      "passed": true
    },
    {
      "name": "all-signed-source-directions-312",
      "passed": true
    },
    {
      "name": "raw-signed-columns-312",
      "passed": true
    },
    {
      "name": "original-cycle-count-312",
      "passed": true
    },
    {
      "name": "original-source-row-313",
      "passed": true
    },
    {
      "name": "full-polynomial-record-313",
      "passed": true
    },
    {
      "name": "all-signed-source-directions-313",
      "passed": true
    },
    {
      "name": "raw-signed-columns-313",
      "passed": true
    },
    {
      "name": "original-cycle-count-313",
      "passed": true
    },
    {
      "name": "original-source-row-314",
      "passed": true
    },
    {
      "name": "full-polynomial-record-314",
      "passed": true
    },
    {
      "name": "all-signed-source-directions-314",
      "passed": true
    },
    {
      "name": "raw-signed-columns-314",
      "passed": true
    },
    {
      "name": "original-cycle-count-314",
      "passed": true
    },
    {
      "name": "original-source-row-315",
      "passed": true
    },
    {
      "name": "full-polynomial-record-315",
      "passed": true
    },
    {
      "name": "all-signed-source-directions-315",
      "passed": true
    },
    {
      "name": "raw-signed-columns-315",
      "passed": true
    },
    {
      "name": "original-cycle-count-315",
      "passed": true
    },
    {
      "name": "original-source-row-316",
      "passed": true
    },
    {
      "name": "full-polynomial-record-316",
      "passed": true
    },
    {
      "name": "all-signed-source-directions-316",
      "passed": true
    },
    {
      "name": "raw-signed-columns-316",
      "passed": true
    },
    {
      "name": "original-cycle-count-316",
      "passed": true
    },
    {
      "name": "original-source-row-317",
      "passed": true
    },
    {
      "name": "full-polynomial-record-317",
      "passed": true
    },
    {
      "name": "all-signed-source-directions-317",
      "passed": true
    },
    {
      "name": "raw-signed-columns-317",
      "passed": true
    },
    {
      "name": "original-cycle-count-317",
      "passed": true
    },
    {
      "name": "original-source-row-318",
      "passed": true
    },
    {
      "name": "full-polynomial-record-318",
      "passed": true
    },
    {
      "name": "all-signed-source-directions-318",
      "passed": true
    },
    {
      "name": "raw-signed-columns-318",
      "passed": true
    },
    {
      "name": "original-cycle-count-318",
      "passed": true
    },
    {
      "name": "original-source-row-319",
      "passed": true
    },
    {
      "name": "full-polynomial-record-319",
      "passed": true
    },
    {
      "name": "all-signed-source-directions-319",
      "passed": true
    },
    {
      "name": "raw-signed-columns-319",
      "passed": true
    },
    {
      "name": "original-cycle-count-319",
      "passed": true
    },
    {
      "name": "original-source-row-320",
      "passed": true
    },
    {
      "name": "full-polynomial-record-320",
      "passed": true
    },
    {
      "name": "all-signed-source-directions-320",
      "passed": true
    },
    {
      "name": "raw-signed-columns-320",
      "passed": true
    },
    {
      "name": "original-cycle-count-320",
      "passed": true
    },
    {
      "name": "original-source-row-321",
      "passed": true
    },
    {
      "name": "full-polynomial-record-321",
      "passed": true
    },
    {
      "name": "all-signed-source-directions-321",
      "passed": true
    },
    {
      "name": "raw-signed-columns-321",
      "passed": true
    },
    {
      "name": "original-cycle-count-321",
      "passed": true
    },
    {
      "name": "original-source-row-322",
      "passed": true
    },
    {
      "name": "full-polynomial-record-322",
      "passed": true
    },
    {
      "name": "all-signed-source-directions-322",
      "passed": true
    },
    {
      "name": "raw-signed-columns-322",
      "passed": true
    },
    {
      "name": "original-cycle-count-322",
      "passed": true
    },
    {
      "name": "original-source-row-323",
      "passed": true
    },
    {
      "name": "full-polynomial-record-323",
      "passed": true
    },
    {
      "name": "all-signed-source-directions-323",
      "passed": true
    },
    {
      "name": "raw-signed-columns-323",
      "passed": true
    },
    {
      "name": "original-cycle-count-323",
      "passed": true
    },
    {
      "name": "original-source-row-324",
      "passed": true
    },
    {
      "name": "full-polynomial-record-324",
      "passed": true
    },
    {
      "name": "all-signed-source-directions-324",
      "passed": true
    },
    {
      "name": "raw-signed-columns-324",
      "passed": true
    },
    {
      "name": "original-cycle-count-324",
      "passed": true
    },
    {
      "name": "original-source-row-325",
      "passed": true
    },
    {
      "name": "full-polynomial-record-325",
      "passed": true
    },
    {
      "name": "all-signed-source-directions-325",
      "passed": true
    },
    {
      "name": "raw-signed-columns-325",
      "passed": true
    },
    {
      "name": "original-cycle-count-325",
      "passed": true
    },
    {
      "name": "original-source-row-326",
      "passed": true
    },
    {
      "name": "full-polynomial-record-326",
      "passed": true
    },
    {
      "name": "all-signed-source-directions-326",
      "passed": true
    },
    {
      "name": "raw-signed-columns-326",
      "passed": true
    },
    {
      "name": "original-cycle-count-326",
      "passed": true
    },
    {
      "name": "original-source-row-327",
      "passed": true
    },
    {
      "name": "full-polynomial-record-327",
      "passed": true
    },
    {
      "name": "all-signed-source-directions-327",
      "passed": true
    },
    {
      "name": "raw-signed-columns-327",
      "passed": true
    },
    {
      "name": "original-cycle-count-327",
      "passed": true
    },
    {
      "name": "original-source-row-328",
      "passed": true
    },
    {
      "name": "full-polynomial-record-328",
      "passed": true
    },
    {
      "name": "all-signed-source-directions-328",
      "passed": true
    },
    {
      "name": "raw-signed-columns-328",
      "passed": true
    },
    {
      "name": "original-cycle-count-328",
      "passed": true
    },
    {
      "name": "original-source-row-329",
      "passed": true
    },
    {
      "name": "full-polynomial-record-329",
      "passed": true
    },
    {
      "name": "all-signed-source-directions-329",
      "passed": true
    },
    {
      "name": "raw-signed-columns-329",
      "passed": true
    },
    {
      "name": "original-cycle-count-329",
      "passed": true
    },
    {
      "name": "original-source-row-330",
      "passed": true
    },
    {
      "name": "full-polynomial-record-330",
      "passed": true
    },
    {
      "name": "all-signed-source-directions-330",
      "passed": true
    },
    {
      "name": "raw-signed-columns-330",
      "passed": true
    },
    {
      "name": "original-cycle-count-330",
      "passed": true
    },
    {
      "name": "original-source-row-331",
      "passed": true
    },
    {
      "name": "full-polynomial-record-331",
      "passed": true
    },
    {
      "name": "all-signed-source-directions-331",
      "passed": true
    },
    {
      "name": "raw-signed-columns-331",
      "passed": true
    },
    {
      "name": "original-cycle-count-331",
      "passed": true
    },
    {
      "name": "original-source-row-332",
      "passed": true
    },
    {
      "name": "full-polynomial-record-332",
      "passed": true
    },
    {
      "name": "all-signed-source-directions-332",
      "passed": true
    },
    {
      "name": "raw-signed-columns-332",
      "passed": true
    },
    {
      "name": "original-cycle-count-332",
      "passed": true
    },
    {
      "name": "original-source-row-333",
      "passed": true
    },
    {
      "name": "full-polynomial-record-333",
      "passed": true
    },
    {
      "name": "all-signed-source-directions-333",
      "passed": true
    },
    {
      "name": "raw-signed-columns-333",
      "passed": true
    },
    {
      "name": "original-cycle-count-333",
      "passed": true
    },
    {
      "name": "original-source-row-334",
      "passed": true
    },
    {
      "name": "full-polynomial-record-334",
      "passed": true
    },
    {
      "name": "all-signed-source-directions-334",
      "passed": true
    },
    {
      "name": "raw-signed-columns-334",
      "passed": true
    },
    {
      "name": "original-cycle-count-334",
      "passed": true
    },
    {
      "name": "original-source-row-335",
      "passed": true
    },
    {
      "name": "full-polynomial-record-335",
      "passed": true
    },
    {
      "name": "all-signed-source-directions-335",
      "passed": true
    },
    {
      "name": "raw-signed-columns-335",
      "passed": true
    },
    {
      "name": "original-cycle-count-335",
      "passed": true
    },
    {
      "name": "original-source-row-336",
      "passed": true
    },
    {
      "name": "full-polynomial-record-336",
      "passed": true
    },
    {
      "name": "all-signed-source-directions-336",
      "passed": true
    },
    {
      "name": "raw-signed-columns-336",
      "passed": true
    },
    {
      "name": "original-cycle-count-336",
      "passed": true
    },
    {
      "name": "original-source-row-337",
      "passed": true
    },
    {
      "name": "full-polynomial-record-337",
      "passed": true
    },
    {
      "name": "all-signed-source-directions-337",
      "passed": true
    },
    {
      "name": "raw-signed-columns-337",
      "passed": true
    },
    {
      "name": "original-cycle-count-337",
      "passed": true
    },
    {
      "name": "original-source-row-338",
      "passed": true
    },
    {
      "name": "full-polynomial-record-338",
      "passed": true
    },
    {
      "name": "all-signed-source-directions-338",
      "passed": true
    },
    {
      "name": "raw-signed-columns-338",
      "passed": true
    },
    {
      "name": "original-cycle-count-338",
      "passed": true
    },
    {
      "name": "original-source-row-339",
      "passed": true
    },
    {
      "name": "full-polynomial-record-339",
      "passed": true
    },
    {
      "name": "all-signed-source-directions-339",
      "passed": true
    },
    {
      "name": "raw-signed-columns-339",
      "passed": true
    },
    {
      "name": "original-cycle-count-339",
      "passed": true
    },
    {
      "name": "original-source-row-340",
      "passed": true
    },
    {
      "name": "full-polynomial-record-340",
      "passed": true
    },
    {
      "name": "all-signed-source-directions-340",
      "passed": true
    },
    {
      "name": "raw-signed-columns-340",
      "passed": true
    },
    {
      "name": "original-cycle-count-340",
      "passed": true
    },
    {
      "name": "original-source-row-341",
      "passed": true
    },
    {
      "name": "full-polynomial-record-341",
      "passed": true
    },
    {
      "name": "all-signed-source-directions-341",
      "passed": true
    },
    {
      "name": "raw-signed-columns-341",
      "passed": true
    },
    {
      "name": "original-cycle-count-341",
      "passed": true
    },
    {
      "name": "original-source-row-342",
      "passed": true
    },
    {
      "name": "full-polynomial-record-342",
      "passed": true
    },
    {
      "name": "all-signed-source-directions-342",
      "passed": true
    },
    {
      "name": "raw-signed-columns-342",
      "passed": true
    },
    {
      "name": "original-cycle-count-342",
      "passed": true
    },
    {
      "name": "original-source-row-343",
      "passed": true
    },
    {
      "name": "full-polynomial-record-343",
      "passed": true
    },
    {
      "name": "all-signed-source-directions-343",
      "passed": true
    },
    {
      "name": "raw-signed-columns-343",
      "passed": true
    },
    {
      "name": "original-cycle-count-343",
      "passed": true
    },
    {
      "name": "original-source-row-344",
      "passed": true
    },
    {
      "name": "full-polynomial-record-344",
      "passed": true
    },
    {
      "name": "all-signed-source-directions-344",
      "passed": true
    },
    {
      "name": "raw-signed-columns-344",
      "passed": true
    },
    {
      "name": "original-cycle-count-344",
      "passed": true
    },
    {
      "name": "original-source-row-345",
      "passed": true
    },
    {
      "name": "full-polynomial-record-345",
      "passed": true
    },
    {
      "name": "all-signed-source-directions-345",
      "passed": true
    },
    {
      "name": "raw-signed-columns-345",
      "passed": true
    },
    {
      "name": "original-cycle-count-345",
      "passed": true
    },
    {
      "name": "original-source-row-346",
      "passed": true
    },
    {
      "name": "full-polynomial-record-346",
      "passed": true
    },
    {
      "name": "all-signed-source-directions-346",
      "passed": true
    },
    {
      "name": "raw-signed-columns-346",
      "passed": true
    },
    {
      "name": "original-cycle-count-346",
      "passed": true
    },
    {
      "name": "original-source-row-347",
      "passed": true
    },
    {
      "name": "full-polynomial-record-347",
      "passed": true
    },
    {
      "name": "all-signed-source-directions-347",
      "passed": true
    },
    {
      "name": "raw-signed-columns-347",
      "passed": true
    },
    {
      "name": "original-cycle-count-347",
      "passed": true
    },
    {
      "name": "original-source-row-348",
      "passed": true
    },
    {
      "name": "full-polynomial-record-348",
      "passed": true
    },
    {
      "name": "all-signed-source-directions-348",
      "passed": true
    },
    {
      "name": "raw-signed-columns-348",
      "passed": true
    },
    {
      "name": "original-cycle-count-348",
      "passed": true
    },
    {
      "name": "original-source-row-349",
      "passed": true
    },
    {
      "name": "full-polynomial-record-349",
      "passed": true
    },
    {
      "name": "all-signed-source-directions-349",
      "passed": true
    },
    {
      "name": "raw-signed-columns-349",
      "passed": true
    },
    {
      "name": "original-cycle-count-349",
      "passed": true
    },
    {
      "name": "original-source-row-350",
      "passed": true
    },
    {
      "name": "full-polynomial-record-350",
      "passed": true
    },
    {
      "name": "all-signed-source-directions-350",
      "passed": true
    },
    {
      "name": "raw-signed-columns-350",
      "passed": true
    },
    {
      "name": "original-cycle-count-350",
      "passed": true
    },
    {
      "name": "original-source-row-351",
      "passed": true
    },
    {
      "name": "full-polynomial-record-351",
      "passed": true
    },
    {
      "name": "all-signed-source-directions-351",
      "passed": true
    },
    {
      "name": "raw-signed-columns-351",
      "passed": true
    },
    {
      "name": "original-cycle-count-351",
      "passed": true
    },
    {
      "name": "original-source-row-352",
      "passed": true
    },
    {
      "name": "full-polynomial-record-352",
      "passed": true
    },
    {
      "name": "all-signed-source-directions-352",
      "passed": true
    },
    {
      "name": "raw-signed-columns-352",
      "passed": true
    },
    {
      "name": "original-cycle-count-352",
      "passed": true
    },
    {
      "name": "original-source-row-353",
      "passed": true
    },
    {
      "name": "full-polynomial-record-353",
      "passed": true
    },
    {
      "name": "all-signed-source-directions-353",
      "passed": true
    },
    {
      "name": "raw-signed-columns-353",
      "passed": true
    },
    {
      "name": "original-cycle-count-353",
      "passed": true
    },
    {
      "name": "original-source-row-354",
      "passed": true
    },
    {
      "name": "full-polynomial-record-354",
      "passed": true
    },
    {
      "name": "all-signed-source-directions-354",
      "passed": true
    },
    {
      "name": "raw-signed-columns-354",
      "passed": true
    },
    {
      "name": "original-cycle-count-354",
      "passed": true
    },
    {
      "name": "original-source-row-355",
      "passed": true
    },
    {
      "name": "full-polynomial-record-355",
      "passed": true
    },
    {
      "name": "all-signed-source-directions-355",
      "passed": true
    },
    {
      "name": "raw-signed-columns-355",
      "passed": true
    },
    {
      "name": "original-cycle-count-355",
      "passed": true
    },
    {
      "name": "original-source-row-356",
      "passed": true
    },
    {
      "name": "full-polynomial-record-356",
      "passed": true
    },
    {
      "name": "all-signed-source-directions-356",
      "passed": true
    },
    {
      "name": "raw-signed-columns-356",
      "passed": true
    },
    {
      "name": "original-cycle-count-356",
      "passed": true
    },
    {
      "name": "original-source-row-357",
      "passed": true
    },
    {
      "name": "full-polynomial-record-357",
      "passed": true
    },
    {
      "name": "all-signed-source-directions-357",
      "passed": true
    },
    {
      "name": "raw-signed-columns-357",
      "passed": true
    },
    {
      "name": "original-cycle-count-357",
      "passed": true
    },
    {
      "name": "original-source-row-358",
      "passed": true
    },
    {
      "name": "full-polynomial-record-358",
      "passed": true
    },
    {
      "name": "all-signed-source-directions-358",
      "passed": true
    },
    {
      "name": "raw-signed-columns-358",
      "passed": true
    },
    {
      "name": "original-cycle-count-358",
      "passed": true
    },
    {
      "name": "original-source-row-359",
      "passed": true
    },
    {
      "name": "full-polynomial-record-359",
      "passed": true
    },
    {
      "name": "all-signed-source-directions-359",
      "passed": true
    },
    {
      "name": "raw-signed-columns-359",
      "passed": true
    },
    {
      "name": "original-cycle-count-359",
      "passed": true
    },
    {
      "name": "original-source-row-360",
      "passed": true
    },
    {
      "name": "full-polynomial-record-360",
      "passed": true
    },
    {
      "name": "all-signed-source-directions-360",
      "passed": true
    },
    {
      "name": "raw-signed-columns-360",
      "passed": true
    },
    {
      "name": "original-cycle-count-360",
      "passed": true
    },
    {
      "name": "original-source-row-361",
      "passed": true
    },
    {
      "name": "full-polynomial-record-361",
      "passed": true
    },
    {
      "name": "all-signed-source-directions-361",
      "passed": true
    },
    {
      "name": "raw-signed-columns-361",
      "passed": true
    },
    {
      "name": "original-cycle-count-361",
      "passed": true
    },
    {
      "name": "original-source-row-362",
      "passed": true
    },
    {
      "name": "full-polynomial-record-362",
      "passed": true
    },
    {
      "name": "all-signed-source-directions-362",
      "passed": true
    },
    {
      "name": "raw-signed-columns-362",
      "passed": true
    },
    {
      "name": "original-cycle-count-362",
      "passed": true
    },
    {
      "name": "original-source-row-363",
      "passed": true
    },
    {
      "name": "full-polynomial-record-363",
      "passed": true
    },
    {
      "name": "all-signed-source-directions-363",
      "passed": true
    },
    {
      "name": "raw-signed-columns-363",
      "passed": true
    },
    {
      "name": "original-cycle-count-363",
      "passed": true
    },
    {
      "name": "original-source-row-364",
      "passed": true
    },
    {
      "name": "full-polynomial-record-364",
      "passed": true
    },
    {
      "name": "all-signed-source-directions-364",
      "passed": true
    },
    {
      "name": "raw-signed-columns-364",
      "passed": true
    },
    {
      "name": "original-cycle-count-364",
      "passed": true
    },
    {
      "name": "original-source-row-365",
      "passed": true
    },
    {
      "name": "full-polynomial-record-365",
      "passed": true
    },
    {
      "name": "all-signed-source-directions-365",
      "passed": true
    },
    {
      "name": "raw-signed-columns-365",
      "passed": true
    },
    {
      "name": "original-cycle-count-365",
      "passed": true
    },
    {
      "name": "original-source-row-366",
      "passed": true
    },
    {
      "name": "full-polynomial-record-366",
      "passed": true
    },
    {
      "name": "all-signed-source-directions-366",
      "passed": true
    },
    {
      "name": "raw-signed-columns-366",
      "passed": true
    },
    {
      "name": "original-cycle-count-366",
      "passed": true
    },
    {
      "name": "original-source-row-367",
      "passed": true
    },
    {
      "name": "full-polynomial-record-367",
      "passed": true
    },
    {
      "name": "all-signed-source-directions-367",
      "passed": true
    },
    {
      "name": "raw-signed-columns-367",
      "passed": true
    },
    {
      "name": "original-cycle-count-367",
      "passed": true
    },
    {
      "name": "original-source-row-368",
      "passed": true
    },
    {
      "name": "full-polynomial-record-368",
      "passed": true
    },
    {
      "name": "all-signed-source-directions-368",
      "passed": true
    },
    {
      "name": "raw-signed-columns-368",
      "passed": true
    },
    {
      "name": "original-cycle-count-368",
      "passed": true
    },
    {
      "name": "original-source-row-369",
      "passed": true
    },
    {
      "name": "full-polynomial-record-369",
      "passed": true
    },
    {
      "name": "all-signed-source-directions-369",
      "passed": true
    },
    {
      "name": "raw-signed-columns-369",
      "passed": true
    },
    {
      "name": "original-cycle-count-369",
      "passed": true
    },
    {
      "name": "original-source-row-370",
      "passed": true
    },
    {
      "name": "full-polynomial-record-370",
      "passed": true
    },
    {
      "name": "all-signed-source-directions-370",
      "passed": true
    },
    {
      "name": "raw-signed-columns-370",
      "passed": true
    },
    {
      "name": "original-cycle-count-370",
      "passed": true
    },
    {
      "name": "original-source-row-371",
      "passed": true
    },
    {
      "name": "full-polynomial-record-371",
      "passed": true
    },
    {
      "name": "all-signed-source-directions-371",
      "passed": true
    },
    {
      "name": "raw-signed-columns-371",
      "passed": true
    },
    {
      "name": "original-cycle-count-371",
      "passed": true
    },
    {
      "name": "original-source-row-372",
      "passed": true
    },
    {
      "name": "full-polynomial-record-372",
      "passed": true
    },
    {
      "name": "all-signed-source-directions-372",
      "passed": true
    },
    {
      "name": "raw-signed-columns-372",
      "passed": true
    },
    {
      "name": "original-cycle-count-372",
      "passed": true
    },
    {
      "name": "original-source-row-373",
      "passed": true
    },
    {
      "name": "full-polynomial-record-373",
      "passed": true
    },
    {
      "name": "all-signed-source-directions-373",
      "passed": true
    },
    {
      "name": "raw-signed-columns-373",
      "passed": true
    },
    {
      "name": "original-cycle-count-373",
      "passed": true
    },
    {
      "name": "original-source-row-374",
      "passed": true
    },
    {
      "name": "full-polynomial-record-374",
      "passed": true
    },
    {
      "name": "all-signed-source-directions-374",
      "passed": true
    },
    {
      "name": "raw-signed-columns-374",
      "passed": true
    },
    {
      "name": "original-cycle-count-374",
      "passed": true
    },
    {
      "name": "original-source-row-375",
      "passed": true
    },
    {
      "name": "full-polynomial-record-375",
      "passed": true
    },
    {
      "name": "all-signed-source-directions-375",
      "passed": true
    },
    {
      "name": "raw-signed-columns-375",
      "passed": true
    },
    {
      "name": "original-cycle-count-375",
      "passed": true
    },
    {
      "name": "original-source-row-376",
      "passed": true
    },
    {
      "name": "full-polynomial-record-376",
      "passed": true
    },
    {
      "name": "all-signed-source-directions-376",
      "passed": true
    },
    {
      "name": "raw-signed-columns-376",
      "passed": true
    },
    {
      "name": "original-cycle-count-376",
      "passed": true
    },
    {
      "name": "original-source-row-377",
      "passed": true
    },
    {
      "name": "full-polynomial-record-377",
      "passed": true
    },
    {
      "name": "all-signed-source-directions-377",
      "passed": true
    },
    {
      "name": "raw-signed-columns-377",
      "passed": true
    },
    {
      "name": "original-cycle-count-377",
      "passed": true
    },
    {
      "name": "original-source-row-378",
      "passed": true
    },
    {
      "name": "full-polynomial-record-378",
      "passed": true
    },
    {
      "name": "all-signed-source-directions-378",
      "passed": true
    },
    {
      "name": "raw-signed-columns-378",
      "passed": true
    },
    {
      "name": "original-cycle-count-378",
      "passed": true
    },
    {
      "name": "original-source-row-379",
      "passed": true
    },
    {
      "name": "full-polynomial-record-379",
      "passed": true
    },
    {
      "name": "all-signed-source-directions-379",
      "passed": true
    },
    {
      "name": "raw-signed-columns-379",
      "passed": true
    },
    {
      "name": "original-cycle-count-379",
      "passed": true
    },
    {
      "name": "original-source-row-380",
      "passed": true
    },
    {
      "name": "full-polynomial-record-380",
      "passed": true
    },
    {
      "name": "all-signed-source-directions-380",
      "passed": true
    },
    {
      "name": "raw-signed-columns-380",
      "passed": true
    },
    {
      "name": "original-cycle-count-380",
      "passed": true
    },
    {
      "name": "original-source-row-381",
      "passed": true
    },
    {
      "name": "full-polynomial-record-381",
      "passed": true
    },
    {
      "name": "all-signed-source-directions-381",
      "passed": true
    },
    {
      "name": "raw-signed-columns-381",
      "passed": true
    },
    {
      "name": "original-cycle-count-381",
      "passed": true
    },
    {
      "name": "original-source-row-382",
      "passed": true
    },
    {
      "name": "full-polynomial-record-382",
      "passed": true
    },
    {
      "name": "all-signed-source-directions-382",
      "passed": true
    },
    {
      "name": "raw-signed-columns-382",
      "passed": true
    },
    {
      "name": "original-cycle-count-382",
      "passed": true
    },
    {
      "name": "original-source-row-383",
      "passed": true
    },
    {
      "name": "full-polynomial-record-383",
      "passed": true
    },
    {
      "name": "all-signed-source-directions-383",
      "passed": true
    },
    {
      "name": "raw-signed-columns-383",
      "passed": true
    },
    {
      "name": "original-cycle-count-383",
      "passed": true
    },
    {
      "name": "original-source-row-384",
      "passed": true
    },
    {
      "name": "full-polynomial-record-384",
      "passed": true
    },
    {
      "name": "all-signed-source-directions-384",
      "passed": true
    },
    {
      "name": "raw-signed-columns-384",
      "passed": true
    },
    {
      "name": "original-cycle-count-384",
      "passed": true
    },
    {
      "name": "original-source-row-385",
      "passed": true
    },
    {
      "name": "full-polynomial-record-385",
      "passed": true
    },
    {
      "name": "all-signed-source-directions-385",
      "passed": true
    },
    {
      "name": "raw-signed-columns-385",
      "passed": true
    },
    {
      "name": "original-cycle-count-385",
      "passed": true
    },
    {
      "name": "original-source-row-386",
      "passed": true
    },
    {
      "name": "full-polynomial-record-386",
      "passed": true
    },
    {
      "name": "all-signed-source-directions-386",
      "passed": true
    },
    {
      "name": "raw-signed-columns-386",
      "passed": true
    },
    {
      "name": "original-cycle-count-386",
      "passed": true
    },
    {
      "name": "original-source-row-387",
      "passed": true
    },
    {
      "name": "full-polynomial-record-387",
      "passed": true
    },
    {
      "name": "all-signed-source-directions-387",
      "passed": true
    },
    {
      "name": "raw-signed-columns-387",
      "passed": true
    },
    {
      "name": "original-cycle-count-387",
      "passed": true
    },
    {
      "name": "original-source-row-388",
      "passed": true
    },
    {
      "name": "full-polynomial-record-388",
      "passed": true
    },
    {
      "name": "all-signed-source-directions-388",
      "passed": true
    },
    {
      "name": "raw-signed-columns-388",
      "passed": true
    },
    {
      "name": "original-cycle-count-388",
      "passed": true
    },
    {
      "name": "original-source-row-389",
      "passed": true
    },
    {
      "name": "full-polynomial-record-389",
      "passed": true
    },
    {
      "name": "all-signed-source-directions-389",
      "passed": true
    },
    {
      "name": "raw-signed-columns-389",
      "passed": true
    },
    {
      "name": "original-cycle-count-389",
      "passed": true
    },
    {
      "name": "original-source-row-390",
      "passed": true
    },
    {
      "name": "full-polynomial-record-390",
      "passed": true
    },
    {
      "name": "all-signed-source-directions-390",
      "passed": true
    },
    {
      "name": "raw-signed-columns-390",
      "passed": true
    },
    {
      "name": "original-cycle-count-390",
      "passed": true
    },
    {
      "name": "original-source-row-391",
      "passed": true
    },
    {
      "name": "full-polynomial-record-391",
      "passed": true
    },
    {
      "name": "all-signed-source-directions-391",
      "passed": true
    },
    {
      "name": "raw-signed-columns-391",
      "passed": true
    },
    {
      "name": "original-cycle-count-391",
      "passed": true
    },
    {
      "name": "original-source-row-392",
      "passed": true
    },
    {
      "name": "full-polynomial-record-392",
      "passed": true
    },
    {
      "name": "all-signed-source-directions-392",
      "passed": true
    },
    {
      "name": "raw-signed-columns-392",
      "passed": true
    },
    {
      "name": "original-cycle-count-392",
      "passed": true
    },
    {
      "name": "original-source-row-393",
      "passed": true
    },
    {
      "name": "full-polynomial-record-393",
      "passed": true
    },
    {
      "name": "all-signed-source-directions-393",
      "passed": true
    },
    {
      "name": "raw-signed-columns-393",
      "passed": true
    },
    {
      "name": "original-cycle-count-393",
      "passed": true
    },
    {
      "name": "original-source-row-394",
      "passed": true
    },
    {
      "name": "full-polynomial-record-394",
      "passed": true
    },
    {
      "name": "all-signed-source-directions-394",
      "passed": true
    },
    {
      "name": "raw-signed-columns-394",
      "passed": true
    },
    {
      "name": "original-cycle-count-394",
      "passed": true
    },
    {
      "name": "original-source-row-395",
      "passed": true
    },
    {
      "name": "full-polynomial-record-395",
      "passed": true
    },
    {
      "name": "all-signed-source-directions-395",
      "passed": true
    },
    {
      "name": "raw-signed-columns-395",
      "passed": true
    },
    {
      "name": "original-cycle-count-395",
      "passed": true
    },
    {
      "name": "original-source-row-396",
      "passed": true
    },
    {
      "name": "full-polynomial-record-396",
      "passed": true
    },
    {
      "name": "all-signed-source-directions-396",
      "passed": true
    },
    {
      "name": "raw-signed-columns-396",
      "passed": true
    },
    {
      "name": "original-cycle-count-396",
      "passed": true
    },
    {
      "name": "original-source-row-397",
      "passed": true
    },
    {
      "name": "full-polynomial-record-397",
      "passed": true
    },
    {
      "name": "all-signed-source-directions-397",
      "passed": true
    },
    {
      "name": "raw-signed-columns-397",
      "passed": true
    },
    {
      "name": "original-cycle-count-397",
      "passed": true
    },
    {
      "name": "original-source-row-398",
      "passed": true
    },
    {
      "name": "full-polynomial-record-398",
      "passed": true
    },
    {
      "name": "all-signed-source-directions-398",
      "passed": true
    },
    {
      "name": "raw-signed-columns-398",
      "passed": true
    },
    {
      "name": "original-cycle-count-398",
      "passed": true
    },
    {
      "name": "original-source-row-399",
      "passed": true
    },
    {
      "name": "full-polynomial-record-399",
      "passed": true
    },
    {
      "name": "all-signed-source-directions-399",
      "passed": true
    },
    {
      "name": "raw-signed-columns-399",
      "passed": true
    },
    {
      "name": "original-cycle-count-399",
      "passed": true
    },
    {
      "name": "original-source-row-400",
      "passed": true
    },
    {
      "name": "full-polynomial-record-400",
      "passed": true
    },
    {
      "name": "all-signed-source-directions-400",
      "passed": true
    },
    {
      "name": "raw-signed-columns-400",
      "passed": true
    },
    {
      "name": "original-cycle-count-400",
      "passed": true
    },
    {
      "name": "original-source-row-401",
      "passed": true
    },
    {
      "name": "full-polynomial-record-401",
      "passed": true
    },
    {
      "name": "all-signed-source-directions-401",
      "passed": true
    },
    {
      "name": "raw-signed-columns-401",
      "passed": true
    },
    {
      "name": "original-cycle-count-401",
      "passed": true
    },
    {
      "name": "original-source-row-402",
      "passed": true
    },
    {
      "name": "full-polynomial-record-402",
      "passed": true
    },
    {
      "name": "all-signed-source-directions-402",
      "passed": true
    },
    {
      "name": "raw-signed-columns-402",
      "passed": true
    },
    {
      "name": "original-cycle-count-402",
      "passed": true
    },
    {
      "name": "original-source-row-403",
      "passed": true
    },
    {
      "name": "full-polynomial-record-403",
      "passed": true
    },
    {
      "name": "all-signed-source-directions-403",
      "passed": true
    },
    {
      "name": "raw-signed-columns-403",
      "passed": true
    },
    {
      "name": "original-cycle-count-403",
      "passed": true
    },
    {
      "name": "original-source-row-404",
      "passed": true
    },
    {
      "name": "full-polynomial-record-404",
      "passed": true
    },
    {
      "name": "all-signed-source-directions-404",
      "passed": true
    },
    {
      "name": "raw-signed-columns-404",
      "passed": true
    },
    {
      "name": "original-cycle-count-404",
      "passed": true
    },
    {
      "name": "original-source-row-405",
      "passed": true
    },
    {
      "name": "full-polynomial-record-405",
      "passed": true
    },
    {
      "name": "all-signed-source-directions-405",
      "passed": true
    },
    {
      "name": "raw-signed-columns-405",
      "passed": true
    },
    {
      "name": "original-cycle-count-405",
      "passed": true
    },
    {
      "name": "original-source-row-406",
      "passed": true
    },
    {
      "name": "full-polynomial-record-406",
      "passed": true
    },
    {
      "name": "all-signed-source-directions-406",
      "passed": true
    },
    {
      "name": "raw-signed-columns-406",
      "passed": true
    },
    {
      "name": "original-cycle-count-406",
      "passed": true
    },
    {
      "name": "original-source-row-407",
      "passed": true
    },
    {
      "name": "full-polynomial-record-407",
      "passed": true
    },
    {
      "name": "all-signed-source-directions-407",
      "passed": true
    },
    {
      "name": "raw-signed-columns-407",
      "passed": true
    },
    {
      "name": "original-cycle-count-407",
      "passed": true
    },
    {
      "name": "original-source-row-408",
      "passed": true
    },
    {
      "name": "full-polynomial-record-408",
      "passed": true
    },
    {
      "name": "all-signed-source-directions-408",
      "passed": true
    },
    {
      "name": "raw-signed-columns-408",
      "passed": true
    },
    {
      "name": "original-cycle-count-408",
      "passed": true
    },
    {
      "name": "original-source-row-409",
      "passed": true
    },
    {
      "name": "full-polynomial-record-409",
      "passed": true
    },
    {
      "name": "all-signed-source-directions-409",
      "passed": true
    },
    {
      "name": "raw-signed-columns-409",
      "passed": true
    },
    {
      "name": "original-cycle-count-409",
      "passed": true
    },
    {
      "name": "original-source-row-410",
      "passed": true
    },
    {
      "name": "full-polynomial-record-410",
      "passed": true
    },
    {
      "name": "all-signed-source-directions-410",
      "passed": true
    },
    {
      "name": "raw-signed-columns-410",
      "passed": true
    },
    {
      "name": "original-cycle-count-410",
      "passed": true
    },
    {
      "name": "original-source-row-411",
      "passed": true
    },
    {
      "name": "full-polynomial-record-411",
      "passed": true
    },
    {
      "name": "all-signed-source-directions-411",
      "passed": true
    },
    {
      "name": "raw-signed-columns-411",
      "passed": true
    },
    {
      "name": "original-cycle-count-411",
      "passed": true
    },
    {
      "name": "original-source-row-412",
      "passed": true
    },
    {
      "name": "full-polynomial-record-412",
      "passed": true
    },
    {
      "name": "all-signed-source-directions-412",
      "passed": true
    },
    {
      "name": "raw-signed-columns-412",
      "passed": true
    },
    {
      "name": "original-cycle-count-412",
      "passed": true
    },
    {
      "name": "original-source-row-413",
      "passed": true
    },
    {
      "name": "full-polynomial-record-413",
      "passed": true
    },
    {
      "name": "all-signed-source-directions-413",
      "passed": true
    },
    {
      "name": "raw-signed-columns-413",
      "passed": true
    },
    {
      "name": "original-cycle-count-413",
      "passed": true
    },
    {
      "name": "original-source-row-414",
      "passed": true
    },
    {
      "name": "full-polynomial-record-414",
      "passed": true
    },
    {
      "name": "all-signed-source-directions-414",
      "passed": true
    },
    {
      "name": "raw-signed-columns-414",
      "passed": true
    },
    {
      "name": "original-cycle-count-414",
      "passed": true
    },
    {
      "name": "original-source-row-415",
      "passed": true
    },
    {
      "name": "full-polynomial-record-415",
      "passed": true
    },
    {
      "name": "all-signed-source-directions-415",
      "passed": true
    },
    {
      "name": "raw-signed-columns-415",
      "passed": true
    },
    {
      "name": "original-cycle-count-415",
      "passed": true
    },
    {
      "name": "original-source-row-416",
      "passed": true
    },
    {
      "name": "full-polynomial-record-416",
      "passed": true
    },
    {
      "name": "all-signed-source-directions-416",
      "passed": true
    },
    {
      "name": "raw-signed-columns-416",
      "passed": true
    },
    {
      "name": "original-cycle-count-416",
      "passed": true
    },
    {
      "name": "original-source-row-417",
      "passed": true
    },
    {
      "name": "full-polynomial-record-417",
      "passed": true
    },
    {
      "name": "all-signed-source-directions-417",
      "passed": true
    },
    {
      "name": "raw-signed-columns-417",
      "passed": true
    },
    {
      "name": "original-cycle-count-417",
      "passed": true
    },
    {
      "name": "original-source-row-418",
      "passed": true
    },
    {
      "name": "full-polynomial-record-418",
      "passed": true
    },
    {
      "name": "all-signed-source-directions-418",
      "passed": true
    },
    {
      "name": "raw-signed-columns-418",
      "passed": true
    },
    {
      "name": "original-cycle-count-418",
      "passed": true
    },
    {
      "name": "original-source-row-419",
      "passed": true
    },
    {
      "name": "full-polynomial-record-419",
      "passed": true
    },
    {
      "name": "all-signed-source-directions-419",
      "passed": true
    },
    {
      "name": "raw-signed-columns-419",
      "passed": true
    },
    {
      "name": "original-cycle-count-419",
      "passed": true
    },
    {
      "name": "original-source-row-420",
      "passed": true
    },
    {
      "name": "full-polynomial-record-420",
      "passed": true
    },
    {
      "name": "all-signed-source-directions-420",
      "passed": true
    },
    {
      "name": "raw-signed-columns-420",
      "passed": true
    },
    {
      "name": "original-cycle-count-420",
      "passed": true
    },
    {
      "name": "original-source-row-421",
      "passed": true
    },
    {
      "name": "full-polynomial-record-421",
      "passed": true
    },
    {
      "name": "all-signed-source-directions-421",
      "passed": true
    },
    {
      "name": "raw-signed-columns-421",
      "passed": true
    },
    {
      "name": "original-cycle-count-421",
      "passed": true
    },
    {
      "name": "original-source-row-422",
      "passed": true
    },
    {
      "name": "full-polynomial-record-422",
      "passed": true
    },
    {
      "name": "all-signed-source-directions-422",
      "passed": true
    },
    {
      "name": "raw-signed-columns-422",
      "passed": true
    },
    {
      "name": "original-cycle-count-422",
      "passed": true
    },
    {
      "name": "original-source-row-423",
      "passed": true
    },
    {
      "name": "full-polynomial-record-423",
      "passed": true
    },
    {
      "name": "all-signed-source-directions-423",
      "passed": true
    },
    {
      "name": "raw-signed-columns-423",
      "passed": true
    },
    {
      "name": "original-cycle-count-423",
      "passed": true
    },
    {
      "name": "original-source-row-424",
      "passed": true
    },
    {
      "name": "full-polynomial-record-424",
      "passed": true
    },
    {
      "name": "all-signed-source-directions-424",
      "passed": true
    },
    {
      "name": "raw-signed-columns-424",
      "passed": true
    },
    {
      "name": "original-cycle-count-424",
      "passed": true
    },
    {
      "name": "original-source-row-425",
      "passed": true
    },
    {
      "name": "full-polynomial-record-425",
      "passed": true
    },
    {
      "name": "all-signed-source-directions-425",
      "passed": true
    },
    {
      "name": "raw-signed-columns-425",
      "passed": true
    },
    {
      "name": "original-cycle-count-425",
      "passed": true
    },
    {
      "name": "original-source-row-426",
      "passed": true
    },
    {
      "name": "full-polynomial-record-426",
      "passed": true
    },
    {
      "name": "all-signed-source-directions-426",
      "passed": true
    },
    {
      "name": "raw-signed-columns-426",
      "passed": true
    },
    {
      "name": "original-cycle-count-426",
      "passed": true
    },
    {
      "name": "original-source-row-427",
      "passed": true
    },
    {
      "name": "full-polynomial-record-427",
      "passed": true
    },
    {
      "name": "all-signed-source-directions-427",
      "passed": true
    },
    {
      "name": "raw-signed-columns-427",
      "passed": true
    },
    {
      "name": "original-cycle-count-427",
      "passed": true
    },
    {
      "name": "original-source-row-428",
      "passed": true
    },
    {
      "name": "full-polynomial-record-428",
      "passed": true
    },
    {
      "name": "all-signed-source-directions-428",
      "passed": true
    },
    {
      "name": "raw-signed-columns-428",
      "passed": true
    },
    {
      "name": "original-cycle-count-428",
      "passed": true
    },
    {
      "name": "original-source-row-429",
      "passed": true
    },
    {
      "name": "full-polynomial-record-429",
      "passed": true
    },
    {
      "name": "all-signed-source-directions-429",
      "passed": true
    },
    {
      "name": "raw-signed-columns-429",
      "passed": true
    },
    {
      "name": "original-cycle-count-429",
      "passed": true
    },
    {
      "name": "original-source-row-430",
      "passed": true
    },
    {
      "name": "full-polynomial-record-430",
      "passed": true
    },
    {
      "name": "all-signed-source-directions-430",
      "passed": true
    },
    {
      "name": "raw-signed-columns-430",
      "passed": true
    },
    {
      "name": "original-cycle-count-430",
      "passed": true
    },
    {
      "name": "original-source-row-431",
      "passed": true
    },
    {
      "name": "full-polynomial-record-431",
      "passed": true
    },
    {
      "name": "all-signed-source-directions-431",
      "passed": true
    },
    {
      "name": "raw-signed-columns-431",
      "passed": true
    },
    {
      "name": "original-cycle-count-431",
      "passed": true
    },
    {
      "name": "original-source-row-432",
      "passed": true
    },
    {
      "name": "full-polynomial-record-432",
      "passed": true
    },
    {
      "name": "all-signed-source-directions-432",
      "passed": true
    },
    {
      "name": "raw-signed-columns-432",
      "passed": true
    },
    {
      "name": "original-cycle-count-432",
      "passed": true
    },
    {
      "name": "original-source-row-433",
      "passed": true
    },
    {
      "name": "full-polynomial-record-433",
      "passed": true
    },
    {
      "name": "all-signed-source-directions-433",
      "passed": true
    },
    {
      "name": "raw-signed-columns-433",
      "passed": true
    },
    {
      "name": "original-cycle-count-433",
      "passed": true
    },
    {
      "name": "original-source-row-434",
      "passed": true
    },
    {
      "name": "full-polynomial-record-434",
      "passed": true
    },
    {
      "name": "all-signed-source-directions-434",
      "passed": true
    },
    {
      "name": "raw-signed-columns-434",
      "passed": true
    },
    {
      "name": "original-cycle-count-434",
      "passed": true
    },
    {
      "name": "original-source-row-435",
      "passed": true
    },
    {
      "name": "full-polynomial-record-435",
      "passed": true
    },
    {
      "name": "all-signed-source-directions-435",
      "passed": true
    },
    {
      "name": "raw-signed-columns-435",
      "passed": true
    },
    {
      "name": "original-cycle-count-435",
      "passed": true
    },
    {
      "name": "original-source-row-436",
      "passed": true
    },
    {
      "name": "full-polynomial-record-436",
      "passed": true
    },
    {
      "name": "all-signed-source-directions-436",
      "passed": true
    },
    {
      "name": "raw-signed-columns-436",
      "passed": true
    },
    {
      "name": "original-cycle-count-436",
      "passed": true
    },
    {
      "name": "original-source-row-437",
      "passed": true
    },
    {
      "name": "full-polynomial-record-437",
      "passed": true
    },
    {
      "name": "all-signed-source-directions-437",
      "passed": true
    },
    {
      "name": "raw-signed-columns-437",
      "passed": true
    },
    {
      "name": "original-cycle-count-437",
      "passed": true
    },
    {
      "name": "original-source-row-438",
      "passed": true
    },
    {
      "name": "full-polynomial-record-438",
      "passed": true
    },
    {
      "name": "all-signed-source-directions-438",
      "passed": true
    },
    {
      "name": "raw-signed-columns-438",
      "passed": true
    },
    {
      "name": "original-cycle-count-438",
      "passed": true
    },
    {
      "name": "original-source-row-439",
      "passed": true
    },
    {
      "name": "full-polynomial-record-439",
      "passed": true
    },
    {
      "name": "all-signed-source-directions-439",
      "passed": true
    },
    {
      "name": "raw-signed-columns-439",
      "passed": true
    },
    {
      "name": "original-cycle-count-439",
      "passed": true
    },
    {
      "name": "original-source-row-440",
      "passed": true
    },
    {
      "name": "full-polynomial-record-440",
      "passed": true
    },
    {
      "name": "all-signed-source-directions-440",
      "passed": true
    },
    {
      "name": "raw-signed-columns-440",
      "passed": true
    },
    {
      "name": "original-cycle-count-440",
      "passed": true
    },
    {
      "name": "original-source-row-441",
      "passed": true
    },
    {
      "name": "full-polynomial-record-441",
      "passed": true
    },
    {
      "name": "all-signed-source-directions-441",
      "passed": true
    },
    {
      "name": "raw-signed-columns-441",
      "passed": true
    },
    {
      "name": "original-cycle-count-441",
      "passed": true
    },
    {
      "name": "original-source-row-442",
      "passed": true
    },
    {
      "name": "full-polynomial-record-442",
      "passed": true
    },
    {
      "name": "all-signed-source-directions-442",
      "passed": true
    },
    {
      "name": "raw-signed-columns-442",
      "passed": true
    },
    {
      "name": "original-cycle-count-442",
      "passed": true
    },
    {
      "name": "original-source-row-443",
      "passed": true
    },
    {
      "name": "full-polynomial-record-443",
      "passed": true
    },
    {
      "name": "all-signed-source-directions-443",
      "passed": true
    },
    {
      "name": "raw-signed-columns-443",
      "passed": true
    },
    {
      "name": "original-cycle-count-443",
      "passed": true
    },
    {
      "name": "original-source-row-444",
      "passed": true
    },
    {
      "name": "full-polynomial-record-444",
      "passed": true
    },
    {
      "name": "all-signed-source-directions-444",
      "passed": true
    },
    {
      "name": "raw-signed-columns-444",
      "passed": true
    },
    {
      "name": "original-cycle-count-444",
      "passed": true
    },
    {
      "name": "original-source-row-445",
      "passed": true
    },
    {
      "name": "full-polynomial-record-445",
      "passed": true
    },
    {
      "name": "all-signed-source-directions-445",
      "passed": true
    },
    {
      "name": "raw-signed-columns-445",
      "passed": true
    },
    {
      "name": "original-cycle-count-445",
      "passed": true
    },
    {
      "name": "original-source-row-446",
      "passed": true
    },
    {
      "name": "full-polynomial-record-446",
      "passed": true
    },
    {
      "name": "all-signed-source-directions-446",
      "passed": true
    },
    {
      "name": "raw-signed-columns-446",
      "passed": true
    },
    {
      "name": "original-cycle-count-446",
      "passed": true
    },
    {
      "name": "original-source-row-447",
      "passed": true
    },
    {
      "name": "full-polynomial-record-447",
      "passed": true
    },
    {
      "name": "all-signed-source-directions-447",
      "passed": true
    },
    {
      "name": "raw-signed-columns-447",
      "passed": true
    },
    {
      "name": "original-cycle-count-447",
      "passed": true
    },
    {
      "name": "original-source-row-448",
      "passed": true
    },
    {
      "name": "full-polynomial-record-448",
      "passed": true
    },
    {
      "name": "all-signed-source-directions-448",
      "passed": true
    },
    {
      "name": "raw-signed-columns-448",
      "passed": true
    },
    {
      "name": "original-cycle-count-448",
      "passed": true
    },
    {
      "name": "original-source-row-449",
      "passed": true
    },
    {
      "name": "full-polynomial-record-449",
      "passed": true
    },
    {
      "name": "all-signed-source-directions-449",
      "passed": true
    },
    {
      "name": "raw-signed-columns-449",
      "passed": true
    },
    {
      "name": "original-cycle-count-449",
      "passed": true
    },
    {
      "name": "original-source-row-450",
      "passed": true
    },
    {
      "name": "full-polynomial-record-450",
      "passed": true
    },
    {
      "name": "all-signed-source-directions-450",
      "passed": true
    },
    {
      "name": "raw-signed-columns-450",
      "passed": true
    },
    {
      "name": "original-cycle-count-450",
      "passed": true
    },
    {
      "name": "original-source-row-451",
      "passed": true
    },
    {
      "name": "full-polynomial-record-451",
      "passed": true
    },
    {
      "name": "all-signed-source-directions-451",
      "passed": true
    },
    {
      "name": "raw-signed-columns-451",
      "passed": true
    },
    {
      "name": "original-cycle-count-451",
      "passed": true
    },
    {
      "name": "original-source-row-452",
      "passed": true
    },
    {
      "name": "full-polynomial-record-452",
      "passed": true
    },
    {
      "name": "all-signed-source-directions-452",
      "passed": true
    },
    {
      "name": "raw-signed-columns-452",
      "passed": true
    },
    {
      "name": "original-cycle-count-452",
      "passed": true
    },
    {
      "name": "original-source-row-453",
      "passed": true
    },
    {
      "name": "full-polynomial-record-453",
      "passed": true
    },
    {
      "name": "all-signed-source-directions-453",
      "passed": true
    },
    {
      "name": "raw-signed-columns-453",
      "passed": true
    },
    {
      "name": "original-cycle-count-453",
      "passed": true
    },
    {
      "name": "original-source-row-454",
      "passed": true
    },
    {
      "name": "full-polynomial-record-454",
      "passed": true
    },
    {
      "name": "all-signed-source-directions-454",
      "passed": true
    },
    {
      "name": "raw-signed-columns-454",
      "passed": true
    },
    {
      "name": "original-cycle-count-454",
      "passed": true
    },
    {
      "name": "original-source-row-455",
      "passed": true
    },
    {
      "name": "full-polynomial-record-455",
      "passed": true
    },
    {
      "name": "all-signed-source-directions-455",
      "passed": true
    },
    {
      "name": "raw-signed-columns-455",
      "passed": true
    },
    {
      "name": "original-cycle-count-455",
      "passed": true
    },
    {
      "name": "original-source-row-456",
      "passed": true
    },
    {
      "name": "full-polynomial-record-456",
      "passed": true
    },
    {
      "name": "all-signed-source-directions-456",
      "passed": true
    },
    {
      "name": "raw-signed-columns-456",
      "passed": true
    },
    {
      "name": "original-cycle-count-456",
      "passed": true
    },
    {
      "name": "original-source-row-457",
      "passed": true
    },
    {
      "name": "full-polynomial-record-457",
      "passed": true
    },
    {
      "name": "all-signed-source-directions-457",
      "passed": true
    },
    {
      "name": "raw-signed-columns-457",
      "passed": true
    },
    {
      "name": "original-cycle-count-457",
      "passed": true
    },
    {
      "name": "original-source-row-458",
      "passed": true
    },
    {
      "name": "full-polynomial-record-458",
      "passed": true
    },
    {
      "name": "all-signed-source-directions-458",
      "passed": true
    },
    {
      "name": "raw-signed-columns-458",
      "passed": true
    },
    {
      "name": "original-cycle-count-458",
      "passed": true
    },
    {
      "name": "original-source-row-459",
      "passed": true
    },
    {
      "name": "full-polynomial-record-459",
      "passed": true
    },
    {
      "name": "all-signed-source-directions-459",
      "passed": true
    },
    {
      "name": "raw-signed-columns-459",
      "passed": true
    },
    {
      "name": "original-cycle-count-459",
      "passed": true
    },
    {
      "name": "original-source-row-460",
      "passed": true
    },
    {
      "name": "full-polynomial-record-460",
      "passed": true
    },
    {
      "name": "all-signed-source-directions-460",
      "passed": true
    },
    {
      "name": "raw-signed-columns-460",
      "passed": true
    },
    {
      "name": "original-cycle-count-460",
      "passed": true
    },
    {
      "name": "original-source-row-461",
      "passed": true
    },
    {
      "name": "full-polynomial-record-461",
      "passed": true
    },
    {
      "name": "all-signed-source-directions-461",
      "passed": true
    },
    {
      "name": "raw-signed-columns-461",
      "passed": true
    },
    {
      "name": "original-cycle-count-461",
      "passed": true
    },
    {
      "name": "original-source-row-462",
      "passed": true
    },
    {
      "name": "full-polynomial-record-462",
      "passed": true
    },
    {
      "name": "all-signed-source-directions-462",
      "passed": true
    },
    {
      "name": "raw-signed-columns-462",
      "passed": true
    },
    {
      "name": "original-cycle-count-462",
      "passed": true
    },
    {
      "name": "original-source-row-463",
      "passed": true
    },
    {
      "name": "full-polynomial-record-463",
      "passed": true
    },
    {
      "name": "all-signed-source-directions-463",
      "passed": true
    },
    {
      "name": "raw-signed-columns-463",
      "passed": true
    },
    {
      "name": "original-cycle-count-463",
      "passed": true
    },
    {
      "name": "original-source-row-464",
      "passed": true
    },
    {
      "name": "full-polynomial-record-464",
      "passed": true
    },
    {
      "name": "all-signed-source-directions-464",
      "passed": true
    },
    {
      "name": "raw-signed-columns-464",
      "passed": true
    },
    {
      "name": "original-cycle-count-464",
      "passed": true
    },
    {
      "name": "original-source-row-465",
      "passed": true
    },
    {
      "name": "full-polynomial-record-465",
      "passed": true
    },
    {
      "name": "all-signed-source-directions-465",
      "passed": true
    },
    {
      "name": "raw-signed-columns-465",
      "passed": true
    },
    {
      "name": "original-cycle-count-465",
      "passed": true
    },
    {
      "name": "original-source-row-466",
      "passed": true
    },
    {
      "name": "full-polynomial-record-466",
      "passed": true
    },
    {
      "name": "all-signed-source-directions-466",
      "passed": true
    },
    {
      "name": "raw-signed-columns-466",
      "passed": true
    },
    {
      "name": "original-cycle-count-466",
      "passed": true
    },
    {
      "name": "original-source-row-467",
      "passed": true
    },
    {
      "name": "full-polynomial-record-467",
      "passed": true
    },
    {
      "name": "all-signed-source-directions-467",
      "passed": true
    },
    {
      "name": "raw-signed-columns-467",
      "passed": true
    },
    {
      "name": "original-cycle-count-467",
      "passed": true
    },
    {
      "name": "original-source-row-468",
      "passed": true
    },
    {
      "name": "full-polynomial-record-468",
      "passed": true
    },
    {
      "name": "all-signed-source-directions-468",
      "passed": true
    },
    {
      "name": "raw-signed-columns-468",
      "passed": true
    },
    {
      "name": "original-cycle-count-468",
      "passed": true
    },
    {
      "name": "original-source-row-469",
      "passed": true
    },
    {
      "name": "full-polynomial-record-469",
      "passed": true
    },
    {
      "name": "all-signed-source-directions-469",
      "passed": true
    },
    {
      "name": "raw-signed-columns-469",
      "passed": true
    },
    {
      "name": "original-cycle-count-469",
      "passed": true
    },
    {
      "name": "original-source-row-470",
      "passed": true
    },
    {
      "name": "full-polynomial-record-470",
      "passed": true
    },
    {
      "name": "all-signed-source-directions-470",
      "passed": true
    },
    {
      "name": "raw-signed-columns-470",
      "passed": true
    },
    {
      "name": "original-cycle-count-470",
      "passed": true
    },
    {
      "name": "original-source-row-471",
      "passed": true
    },
    {
      "name": "full-polynomial-record-471",
      "passed": true
    },
    {
      "name": "all-signed-source-directions-471",
      "passed": true
    },
    {
      "name": "raw-signed-columns-471",
      "passed": true
    },
    {
      "name": "original-cycle-count-471",
      "passed": true
    },
    {
      "name": "original-source-row-472",
      "passed": true
    },
    {
      "name": "full-polynomial-record-472",
      "passed": true
    },
    {
      "name": "all-signed-source-directions-472",
      "passed": true
    },
    {
      "name": "raw-signed-columns-472",
      "passed": true
    },
    {
      "name": "original-cycle-count-472",
      "passed": true
    },
    {
      "name": "original-source-row-473",
      "passed": true
    },
    {
      "name": "full-polynomial-record-473",
      "passed": true
    },
    {
      "name": "all-signed-source-directions-473",
      "passed": true
    },
    {
      "name": "raw-signed-columns-473",
      "passed": true
    },
    {
      "name": "original-cycle-count-473",
      "passed": true
    },
    {
      "name": "original-source-row-474",
      "passed": true
    },
    {
      "name": "full-polynomial-record-474",
      "passed": true
    },
    {
      "name": "all-signed-source-directions-474",
      "passed": true
    },
    {
      "name": "raw-signed-columns-474",
      "passed": true
    },
    {
      "name": "original-cycle-count-474",
      "passed": true
    },
    {
      "name": "original-source-row-475",
      "passed": true
    },
    {
      "name": "full-polynomial-record-475",
      "passed": true
    },
    {
      "name": "all-signed-source-directions-475",
      "passed": true
    },
    {
      "name": "raw-signed-columns-475",
      "passed": true
    },
    {
      "name": "original-cycle-count-475",
      "passed": true
    },
    {
      "name": "original-source-row-476",
      "passed": true
    },
    {
      "name": "full-polynomial-record-476",
      "passed": true
    },
    {
      "name": "all-signed-source-directions-476",
      "passed": true
    },
    {
      "name": "raw-signed-columns-476",
      "passed": true
    },
    {
      "name": "original-cycle-count-476",
      "passed": true
    },
    {
      "name": "original-source-row-477",
      "passed": true
    },
    {
      "name": "full-polynomial-record-477",
      "passed": true
    },
    {
      "name": "all-signed-source-directions-477",
      "passed": true
    },
    {
      "name": "raw-signed-columns-477",
      "passed": true
    },
    {
      "name": "original-cycle-count-477",
      "passed": true
    },
    {
      "name": "original-source-row-478",
      "passed": true
    },
    {
      "name": "full-polynomial-record-478",
      "passed": true
    },
    {
      "name": "all-signed-source-directions-478",
      "passed": true
    },
    {
      "name": "raw-signed-columns-478",
      "passed": true
    },
    {
      "name": "original-cycle-count-478",
      "passed": true
    },
    {
      "name": "original-source-row-479",
      "passed": true
    },
    {
      "name": "full-polynomial-record-479",
      "passed": true
    },
    {
      "name": "all-signed-source-directions-479",
      "passed": true
    },
    {
      "name": "raw-signed-columns-479",
      "passed": true
    },
    {
      "name": "original-cycle-count-479",
      "passed": true
    },
    {
      "name": "original-source-row-480",
      "passed": true
    },
    {
      "name": "full-polynomial-record-480",
      "passed": true
    },
    {
      "name": "all-signed-source-directions-480",
      "passed": true
    },
    {
      "name": "raw-signed-columns-480",
      "passed": true
    },
    {
      "name": "original-cycle-count-480",
      "passed": true
    },
    {
      "name": "original-source-row-481",
      "passed": true
    },
    {
      "name": "full-polynomial-record-481",
      "passed": true
    },
    {
      "name": "all-signed-source-directions-481",
      "passed": true
    },
    {
      "name": "raw-signed-columns-481",
      "passed": true
    },
    {
      "name": "original-cycle-count-481",
      "passed": true
    },
    {
      "name": "original-source-row-482",
      "passed": true
    },
    {
      "name": "full-polynomial-record-482",
      "passed": true
    },
    {
      "name": "all-signed-source-directions-482",
      "passed": true
    },
    {
      "name": "raw-signed-columns-482",
      "passed": true
    },
    {
      "name": "original-cycle-count-482",
      "passed": true
    },
    {
      "name": "original-source-row-483",
      "passed": true
    },
    {
      "name": "full-polynomial-record-483",
      "passed": true
    },
    {
      "name": "all-signed-source-directions-483",
      "passed": true
    },
    {
      "name": "raw-signed-columns-483",
      "passed": true
    },
    {
      "name": "original-cycle-count-483",
      "passed": true
    },
    {
      "name": "original-source-row-484",
      "passed": true
    },
    {
      "name": "full-polynomial-record-484",
      "passed": true
    },
    {
      "name": "all-signed-source-directions-484",
      "passed": true
    },
    {
      "name": "raw-signed-columns-484",
      "passed": true
    },
    {
      "name": "original-cycle-count-484",
      "passed": true
    },
    {
      "name": "original-source-row-485",
      "passed": true
    },
    {
      "name": "full-polynomial-record-485",
      "passed": true
    },
    {
      "name": "all-signed-source-directions-485",
      "passed": true
    },
    {
      "name": "raw-signed-columns-485",
      "passed": true
    },
    {
      "name": "original-cycle-count-485",
      "passed": true
    },
    {
      "name": "original-source-row-486",
      "passed": true
    },
    {
      "name": "full-polynomial-record-486",
      "passed": true
    },
    {
      "name": "all-signed-source-directions-486",
      "passed": true
    },
    {
      "name": "raw-signed-columns-486",
      "passed": true
    },
    {
      "name": "original-cycle-count-486",
      "passed": true
    },
    {
      "name": "original-source-row-487",
      "passed": true
    },
    {
      "name": "full-polynomial-record-487",
      "passed": true
    },
    {
      "name": "all-signed-source-directions-487",
      "passed": true
    },
    {
      "name": "raw-signed-columns-487",
      "passed": true
    },
    {
      "name": "original-cycle-count-487",
      "passed": true
    },
    {
      "name": "original-source-row-488",
      "passed": true
    },
    {
      "name": "full-polynomial-record-488",
      "passed": true
    },
    {
      "name": "all-signed-source-directions-488",
      "passed": true
    },
    {
      "name": "raw-signed-columns-488",
      "passed": true
    },
    {
      "name": "original-cycle-count-488",
      "passed": true
    },
    {
      "name": "original-source-row-489",
      "passed": true
    },
    {
      "name": "full-polynomial-record-489",
      "passed": true
    },
    {
      "name": "all-signed-source-directions-489",
      "passed": true
    },
    {
      "name": "raw-signed-columns-489",
      "passed": true
    },
    {
      "name": "original-cycle-count-489",
      "passed": true
    },
    {
      "name": "original-source-row-490",
      "passed": true
    },
    {
      "name": "full-polynomial-record-490",
      "passed": true
    },
    {
      "name": "all-signed-source-directions-490",
      "passed": true
    },
    {
      "name": "raw-signed-columns-490",
      "passed": true
    },
    {
      "name": "original-cycle-count-490",
      "passed": true
    },
    {
      "name": "original-source-row-491",
      "passed": true
    },
    {
      "name": "full-polynomial-record-491",
      "passed": true
    },
    {
      "name": "all-signed-source-directions-491",
      "passed": true
    },
    {
      "name": "raw-signed-columns-491",
      "passed": true
    },
    {
      "name": "original-cycle-count-491",
      "passed": true
    },
    {
      "name": "original-source-row-492",
      "passed": true
    },
    {
      "name": "full-polynomial-record-492",
      "passed": true
    },
    {
      "name": "all-signed-source-directions-492",
      "passed": true
    },
    {
      "name": "raw-signed-columns-492",
      "passed": true
    },
    {
      "name": "original-cycle-count-492",
      "passed": true
    },
    {
      "name": "original-source-row-493",
      "passed": true
    },
    {
      "name": "full-polynomial-record-493",
      "passed": true
    },
    {
      "name": "all-signed-source-directions-493",
      "passed": true
    },
    {
      "name": "raw-signed-columns-493",
      "passed": true
    },
    {
      "name": "original-cycle-count-493",
      "passed": true
    },
    {
      "name": "original-source-row-494",
      "passed": true
    },
    {
      "name": "full-polynomial-record-494",
      "passed": true
    },
    {
      "name": "all-signed-source-directions-494",
      "passed": true
    },
    {
      "name": "raw-signed-columns-494",
      "passed": true
    },
    {
      "name": "original-cycle-count-494",
      "passed": true
    },
    {
      "name": "original-source-row-495",
      "passed": true
    },
    {
      "name": "full-polynomial-record-495",
      "passed": true
    },
    {
      "name": "all-signed-source-directions-495",
      "passed": true
    },
    {
      "name": "raw-signed-columns-495",
      "passed": true
    },
    {
      "name": "original-cycle-count-495",
      "passed": true
    },
    {
      "name": "original-source-row-496",
      "passed": true
    },
    {
      "name": "full-polynomial-record-496",
      "passed": true
    },
    {
      "name": "all-signed-source-directions-496",
      "passed": true
    },
    {
      "name": "raw-signed-columns-496",
      "passed": true
    },
    {
      "name": "original-cycle-count-496",
      "passed": true
    },
    {
      "name": "original-source-row-497",
      "passed": true
    },
    {
      "name": "full-polynomial-record-497",
      "passed": true
    },
    {
      "name": "all-signed-source-directions-497",
      "passed": true
    },
    {
      "name": "raw-signed-columns-497",
      "passed": true
    },
    {
      "name": "original-cycle-count-497",
      "passed": true
    },
    {
      "name": "original-source-row-498",
      "passed": true
    },
    {
      "name": "full-polynomial-record-498",
      "passed": true
    },
    {
      "name": "all-signed-source-directions-498",
      "passed": true
    },
    {
      "name": "raw-signed-columns-498",
      "passed": true
    },
    {
      "name": "original-cycle-count-498",
      "passed": true
    },
    {
      "name": "original-source-row-499",
      "passed": true
    },
    {
      "name": "full-polynomial-record-499",
      "passed": true
    },
    {
      "name": "all-signed-source-directions-499",
      "passed": true
    },
    {
      "name": "raw-signed-columns-499",
      "passed": true
    },
    {
      "name": "original-cycle-count-499",
      "passed": true
    },
    {
      "name": "original-source-row-500",
      "passed": true
    },
    {
      "name": "full-polynomial-record-500",
      "passed": true
    },
    {
      "name": "all-signed-source-directions-500",
      "passed": true
    },
    {
      "name": "raw-signed-columns-500",
      "passed": true
    },
    {
      "name": "original-cycle-count-500",
      "passed": true
    },
    {
      "name": "original-source-row-501",
      "passed": true
    },
    {
      "name": "full-polynomial-record-501",
      "passed": true
    },
    {
      "name": "all-signed-source-directions-501",
      "passed": true
    },
    {
      "name": "raw-signed-columns-501",
      "passed": true
    },
    {
      "name": "original-cycle-count-501",
      "passed": true
    },
    {
      "name": "original-source-row-502",
      "passed": true
    },
    {
      "name": "full-polynomial-record-502",
      "passed": true
    },
    {
      "name": "all-signed-source-directions-502",
      "passed": true
    },
    {
      "name": "raw-signed-columns-502",
      "passed": true
    },
    {
      "name": "original-cycle-count-502",
      "passed": true
    },
    {
      "name": "original-source-row-503",
      "passed": true
    },
    {
      "name": "full-polynomial-record-503",
      "passed": true
    },
    {
      "name": "all-signed-source-directions-503",
      "passed": true
    },
    {
      "name": "raw-signed-columns-503",
      "passed": true
    },
    {
      "name": "original-cycle-count-503",
      "passed": true
    },
    {
      "name": "original-source-row-504",
      "passed": true
    },
    {
      "name": "full-polynomial-record-504",
      "passed": true
    },
    {
      "name": "all-signed-source-directions-504",
      "passed": true
    },
    {
      "name": "raw-signed-columns-504",
      "passed": true
    },
    {
      "name": "original-cycle-count-504",
      "passed": true
    },
    {
      "name": "original-source-row-505",
      "passed": true
    },
    {
      "name": "full-polynomial-record-505",
      "passed": true
    },
    {
      "name": "all-signed-source-directions-505",
      "passed": true
    },
    {
      "name": "raw-signed-columns-505",
      "passed": true
    },
    {
      "name": "original-cycle-count-505",
      "passed": true
    },
    {
      "name": "original-source-row-506",
      "passed": true
    },
    {
      "name": "full-polynomial-record-506",
      "passed": true
    },
    {
      "name": "all-signed-source-directions-506",
      "passed": true
    },
    {
      "name": "raw-signed-columns-506",
      "passed": true
    },
    {
      "name": "original-cycle-count-506",
      "passed": true
    },
    {
      "name": "original-source-row-507",
      "passed": true
    },
    {
      "name": "full-polynomial-record-507",
      "passed": true
    },
    {
      "name": "all-signed-source-directions-507",
      "passed": true
    },
    {
      "name": "raw-signed-columns-507",
      "passed": true
    },
    {
      "name": "original-cycle-count-507",
      "passed": true
    },
    {
      "name": "original-source-row-508",
      "passed": true
    },
    {
      "name": "full-polynomial-record-508",
      "passed": true
    },
    {
      "name": "all-signed-source-directions-508",
      "passed": true
    },
    {
      "name": "raw-signed-columns-508",
      "passed": true
    },
    {
      "name": "original-cycle-count-508",
      "passed": true
    },
    {
      "name": "original-source-row-509",
      "passed": true
    },
    {
      "name": "full-polynomial-record-509",
      "passed": true
    },
    {
      "name": "all-signed-source-directions-509",
      "passed": true
    },
    {
      "name": "raw-signed-columns-509",
      "passed": true
    },
    {
      "name": "original-cycle-count-509",
      "passed": true
    },
    {
      "name": "original-source-row-510",
      "passed": true
    },
    {
      "name": "full-polynomial-record-510",
      "passed": true
    },
    {
      "name": "all-signed-source-directions-510",
      "passed": true
    },
    {
      "name": "raw-signed-columns-510",
      "passed": true
    },
    {
      "name": "original-cycle-count-510",
      "passed": true
    },
    {
      "name": "original-source-row-511",
      "passed": true
    },
    {
      "name": "full-polynomial-record-511",
      "passed": true
    },
    {
      "name": "all-signed-source-directions-511",
      "passed": true
    },
    {
      "name": "raw-signed-columns-511",
      "passed": true
    },
    {
      "name": "original-cycle-count-511",
      "passed": true
    },
    {
      "name": "original-source-row-512",
      "passed": true
    },
    {
      "name": "full-polynomial-record-512",
      "passed": true
    },
    {
      "name": "all-signed-source-directions-512",
      "passed": true
    },
    {
      "name": "raw-signed-columns-512",
      "passed": true
    },
    {
      "name": "original-cycle-count-512",
      "passed": true
    },
    {
      "name": "original-source-row-513",
      "passed": true
    },
    {
      "name": "full-polynomial-record-513",
      "passed": true
    },
    {
      "name": "all-signed-source-directions-513",
      "passed": true
    },
    {
      "name": "raw-signed-columns-513",
      "passed": true
    },
    {
      "name": "original-cycle-count-513",
      "passed": true
    },
    {
      "name": "original-source-row-514",
      "passed": true
    },
    {
      "name": "full-polynomial-record-514",
      "passed": true
    },
    {
      "name": "all-signed-source-directions-514",
      "passed": true
    },
    {
      "name": "raw-signed-columns-514",
      "passed": true
    },
    {
      "name": "original-cycle-count-514",
      "passed": true
    },
    {
      "name": "original-source-row-515",
      "passed": true
    },
    {
      "name": "full-polynomial-record-515",
      "passed": true
    },
    {
      "name": "all-signed-source-directions-515",
      "passed": true
    },
    {
      "name": "raw-signed-columns-515",
      "passed": true
    },
    {
      "name": "original-cycle-count-515",
      "passed": true
    },
    {
      "name": "original-source-row-516",
      "passed": true
    },
    {
      "name": "full-polynomial-record-516",
      "passed": true
    },
    {
      "name": "all-signed-source-directions-516",
      "passed": true
    },
    {
      "name": "raw-signed-columns-516",
      "passed": true
    },
    {
      "name": "original-cycle-count-516",
      "passed": true
    },
    {
      "name": "original-source-row-517",
      "passed": true
    },
    {
      "name": "full-polynomial-record-517",
      "passed": true
    },
    {
      "name": "all-signed-source-directions-517",
      "passed": true
    },
    {
      "name": "raw-signed-columns-517",
      "passed": true
    },
    {
      "name": "original-cycle-count-517",
      "passed": true
    },
    {
      "name": "original-source-row-518",
      "passed": true
    },
    {
      "name": "full-polynomial-record-518",
      "passed": true
    },
    {
      "name": "all-signed-source-directions-518",
      "passed": true
    },
    {
      "name": "raw-signed-columns-518",
      "passed": true
    },
    {
      "name": "original-cycle-count-518",
      "passed": true
    },
    {
      "name": "original-source-row-519",
      "passed": true
    },
    {
      "name": "full-polynomial-record-519",
      "passed": true
    },
    {
      "name": "all-signed-source-directions-519",
      "passed": true
    },
    {
      "name": "raw-signed-columns-519",
      "passed": true
    },
    {
      "name": "original-cycle-count-519",
      "passed": true
    },
    {
      "name": "original-source-row-520",
      "passed": true
    },
    {
      "name": "full-polynomial-record-520",
      "passed": true
    },
    {
      "name": "all-signed-source-directions-520",
      "passed": true
    },
    {
      "name": "raw-signed-columns-520",
      "passed": true
    },
    {
      "name": "original-cycle-count-520",
      "passed": true
    },
    {
      "name": "original-source-row-521",
      "passed": true
    },
    {
      "name": "full-polynomial-record-521",
      "passed": true
    },
    {
      "name": "all-signed-source-directions-521",
      "passed": true
    },
    {
      "name": "raw-signed-columns-521",
      "passed": true
    },
    {
      "name": "original-cycle-count-521",
      "passed": true
    },
    {
      "name": "original-source-row-522",
      "passed": true
    },
    {
      "name": "full-polynomial-record-522",
      "passed": true
    },
    {
      "name": "all-signed-source-directions-522",
      "passed": true
    },
    {
      "name": "raw-signed-columns-522",
      "passed": true
    },
    {
      "name": "original-cycle-count-522",
      "passed": true
    },
    {
      "name": "original-source-row-523",
      "passed": true
    },
    {
      "name": "full-polynomial-record-523",
      "passed": true
    },
    {
      "name": "all-signed-source-directions-523",
      "passed": true
    },
    {
      "name": "raw-signed-columns-523",
      "passed": true
    },
    {
      "name": "original-cycle-count-523",
      "passed": true
    },
    {
      "name": "original-source-row-524",
      "passed": true
    },
    {
      "name": "full-polynomial-record-524",
      "passed": true
    },
    {
      "name": "all-signed-source-directions-524",
      "passed": true
    },
    {
      "name": "raw-signed-columns-524",
      "passed": true
    },
    {
      "name": "original-cycle-count-524",
      "passed": true
    },
    {
      "name": "original-source-row-525",
      "passed": true
    },
    {
      "name": "full-polynomial-record-525",
      "passed": true
    },
    {
      "name": "all-signed-source-directions-525",
      "passed": true
    },
    {
      "name": "raw-signed-columns-525",
      "passed": true
    },
    {
      "name": "original-cycle-count-525",
      "passed": true
    },
    {
      "name": "original-source-row-526",
      "passed": true
    },
    {
      "name": "full-polynomial-record-526",
      "passed": true
    },
    {
      "name": "all-signed-source-directions-526",
      "passed": true
    },
    {
      "name": "raw-signed-columns-526",
      "passed": true
    },
    {
      "name": "original-cycle-count-526",
      "passed": true
    },
    {
      "name": "original-source-row-527",
      "passed": true
    },
    {
      "name": "full-polynomial-record-527",
      "passed": true
    },
    {
      "name": "all-signed-source-directions-527",
      "passed": true
    },
    {
      "name": "raw-signed-columns-527",
      "passed": true
    },
    {
      "name": "original-cycle-count-527",
      "passed": true
    },
    {
      "name": "original-source-row-528",
      "passed": true
    },
    {
      "name": "full-polynomial-record-528",
      "passed": true
    },
    {
      "name": "all-signed-source-directions-528",
      "passed": true
    },
    {
      "name": "raw-signed-columns-528",
      "passed": true
    },
    {
      "name": "original-cycle-count-528",
      "passed": true
    },
    {
      "name": "original-source-row-529",
      "passed": true
    },
    {
      "name": "full-polynomial-record-529",
      "passed": true
    },
    {
      "name": "all-signed-source-directions-529",
      "passed": true
    },
    {
      "name": "raw-signed-columns-529",
      "passed": true
    },
    {
      "name": "original-cycle-count-529",
      "passed": true
    },
    {
      "name": "original-source-row-530",
      "passed": true
    },
    {
      "name": "full-polynomial-record-530",
      "passed": true
    },
    {
      "name": "all-signed-source-directions-530",
      "passed": true
    },
    {
      "name": "raw-signed-columns-530",
      "passed": true
    },
    {
      "name": "original-cycle-count-530",
      "passed": true
    },
    {
      "name": "original-source-row-531",
      "passed": true
    },
    {
      "name": "full-polynomial-record-531",
      "passed": true
    },
    {
      "name": "all-signed-source-directions-531",
      "passed": true
    },
    {
      "name": "raw-signed-columns-531",
      "passed": true
    },
    {
      "name": "original-cycle-count-531",
      "passed": true
    },
    {
      "name": "original-source-row-532",
      "passed": true
    },
    {
      "name": "full-polynomial-record-532",
      "passed": true
    },
    {
      "name": "all-signed-source-directions-532",
      "passed": true
    },
    {
      "name": "raw-signed-columns-532",
      "passed": true
    },
    {
      "name": "original-cycle-count-532",
      "passed": true
    },
    {
      "name": "original-source-row-533",
      "passed": true
    },
    {
      "name": "full-polynomial-record-533",
      "passed": true
    },
    {
      "name": "all-signed-source-directions-533",
      "passed": true
    },
    {
      "name": "raw-signed-columns-533",
      "passed": true
    },
    {
      "name": "original-cycle-count-533",
      "passed": true
    },
    {
      "name": "original-source-row-534",
      "passed": true
    },
    {
      "name": "full-polynomial-record-534",
      "passed": true
    },
    {
      "name": "all-signed-source-directions-534",
      "passed": true
    },
    {
      "name": "raw-signed-columns-534",
      "passed": true
    },
    {
      "name": "original-cycle-count-534",
      "passed": true
    },
    {
      "name": "original-source-row-535",
      "passed": true
    },
    {
      "name": "full-polynomial-record-535",
      "passed": true
    },
    {
      "name": "all-signed-source-directions-535",
      "passed": true
    },
    {
      "name": "raw-signed-columns-535",
      "passed": true
    },
    {
      "name": "original-cycle-count-535",
      "passed": true
    },
    {
      "name": "original-source-row-536",
      "passed": true
    },
    {
      "name": "full-polynomial-record-536",
      "passed": true
    },
    {
      "name": "all-signed-source-directions-536",
      "passed": true
    },
    {
      "name": "raw-signed-columns-536",
      "passed": true
    },
    {
      "name": "original-cycle-count-536",
      "passed": true
    },
    {
      "name": "original-source-row-537",
      "passed": true
    },
    {
      "name": "full-polynomial-record-537",
      "passed": true
    },
    {
      "name": "all-signed-source-directions-537",
      "passed": true
    },
    {
      "name": "raw-signed-columns-537",
      "passed": true
    },
    {
      "name": "original-cycle-count-537",
      "passed": true
    },
    {
      "name": "original-source-row-538",
      "passed": true
    },
    {
      "name": "full-polynomial-record-538",
      "passed": true
    },
    {
      "name": "all-signed-source-directions-538",
      "passed": true
    },
    {
      "name": "raw-signed-columns-538",
      "passed": true
    },
    {
      "name": "original-cycle-count-538",
      "passed": true
    },
    {
      "name": "original-source-row-539",
      "passed": true
    },
    {
      "name": "full-polynomial-record-539",
      "passed": true
    },
    {
      "name": "all-signed-source-directions-539",
      "passed": true
    },
    {
      "name": "raw-signed-columns-539",
      "passed": true
    },
    {
      "name": "original-cycle-count-539",
      "passed": true
    },
    {
      "name": "original-source-row-540",
      "passed": true
    },
    {
      "name": "full-polynomial-record-540",
      "passed": true
    },
    {
      "name": "all-signed-source-directions-540",
      "passed": true
    },
    {
      "name": "raw-signed-columns-540",
      "passed": true
    },
    {
      "name": "original-cycle-count-540",
      "passed": true
    },
    {
      "name": "original-source-row-541",
      "passed": true
    },
    {
      "name": "full-polynomial-record-541",
      "passed": true
    },
    {
      "name": "all-signed-source-directions-541",
      "passed": true
    },
    {
      "name": "raw-signed-columns-541",
      "passed": true
    },
    {
      "name": "original-cycle-count-541",
      "passed": true
    },
    {
      "name": "original-source-row-542",
      "passed": true
    },
    {
      "name": "full-polynomial-record-542",
      "passed": true
    },
    {
      "name": "all-signed-source-directions-542",
      "passed": true
    },
    {
      "name": "raw-signed-columns-542",
      "passed": true
    },
    {
      "name": "original-cycle-count-542",
      "passed": true
    },
    {
      "name": "original-source-row-543",
      "passed": true
    },
    {
      "name": "full-polynomial-record-543",
      "passed": true
    },
    {
      "name": "all-signed-source-directions-543",
      "passed": true
    },
    {
      "name": "raw-signed-columns-543",
      "passed": true
    },
    {
      "name": "original-cycle-count-543",
      "passed": true
    },
    {
      "name": "original-source-row-544",
      "passed": true
    },
    {
      "name": "full-polynomial-record-544",
      "passed": true
    },
    {
      "name": "all-signed-source-directions-544",
      "passed": true
    },
    {
      "name": "raw-signed-columns-544",
      "passed": true
    },
    {
      "name": "original-cycle-count-544",
      "passed": true
    },
    {
      "name": "original-source-row-545",
      "passed": true
    },
    {
      "name": "full-polynomial-record-545",
      "passed": true
    },
    {
      "name": "all-signed-source-directions-545",
      "passed": true
    },
    {
      "name": "raw-signed-columns-545",
      "passed": true
    },
    {
      "name": "original-cycle-count-545",
      "passed": true
    },
    {
      "name": "original-source-row-546",
      "passed": true
    },
    {
      "name": "full-polynomial-record-546",
      "passed": true
    },
    {
      "name": "all-signed-source-directions-546",
      "passed": true
    },
    {
      "name": "raw-signed-columns-546",
      "passed": true
    },
    {
      "name": "original-cycle-count-546",
      "passed": true
    },
    {
      "name": "original-source-row-547",
      "passed": true
    },
    {
      "name": "full-polynomial-record-547",
      "passed": true
    },
    {
      "name": "all-signed-source-directions-547",
      "passed": true
    },
    {
      "name": "raw-signed-columns-547",
      "passed": true
    },
    {
      "name": "original-cycle-count-547",
      "passed": true
    },
    {
      "name": "original-source-row-548",
      "passed": true
    },
    {
      "name": "full-polynomial-record-548",
      "passed": true
    },
    {
      "name": "all-signed-source-directions-548",
      "passed": true
    },
    {
      "name": "raw-signed-columns-548",
      "passed": true
    },
    {
      "name": "original-cycle-count-548",
      "passed": true
    },
    {
      "name": "original-source-row-549",
      "passed": true
    },
    {
      "name": "full-polynomial-record-549",
      "passed": true
    },
    {
      "name": "all-signed-source-directions-549",
      "passed": true
    },
    {
      "name": "raw-signed-columns-549",
      "passed": true
    },
    {
      "name": "original-cycle-count-549",
      "passed": true
    },
    {
      "name": "original-source-row-550",
      "passed": true
    },
    {
      "name": "full-polynomial-record-550",
      "passed": true
    },
    {
      "name": "all-signed-source-directions-550",
      "passed": true
    },
    {
      "name": "raw-signed-columns-550",
      "passed": true
    },
    {
      "name": "original-cycle-count-550",
      "passed": true
    },
    {
      "name": "original-source-row-551",
      "passed": true
    },
    {
      "name": "full-polynomial-record-551",
      "passed": true
    },
    {
      "name": "all-signed-source-directions-551",
      "passed": true
    },
    {
      "name": "raw-signed-columns-551",
      "passed": true
    },
    {
      "name": "original-cycle-count-551",
      "passed": true
    },
    {
      "name": "original-source-row-552",
      "passed": true
    },
    {
      "name": "full-polynomial-record-552",
      "passed": true
    },
    {
      "name": "all-signed-source-directions-552",
      "passed": true
    },
    {
      "name": "raw-signed-columns-552",
      "passed": true
    },
    {
      "name": "original-cycle-count-552",
      "passed": true
    },
    {
      "name": "original-source-row-553",
      "passed": true
    },
    {
      "name": "full-polynomial-record-553",
      "passed": true
    },
    {
      "name": "all-signed-source-directions-553",
      "passed": true
    },
    {
      "name": "raw-signed-columns-553",
      "passed": true
    },
    {
      "name": "original-cycle-count-553",
      "passed": true
    },
    {
      "name": "original-source-row-554",
      "passed": true
    },
    {
      "name": "full-polynomial-record-554",
      "passed": true
    },
    {
      "name": "all-signed-source-directions-554",
      "passed": true
    },
    {
      "name": "raw-signed-columns-554",
      "passed": true
    },
    {
      "name": "original-cycle-count-554",
      "passed": true
    },
    {
      "name": "original-source-row-555",
      "passed": true
    },
    {
      "name": "full-polynomial-record-555",
      "passed": true
    },
    {
      "name": "all-signed-source-directions-555",
      "passed": true
    },
    {
      "name": "raw-signed-columns-555",
      "passed": true
    },
    {
      "name": "original-cycle-count-555",
      "passed": true
    },
    {
      "name": "original-source-row-556",
      "passed": true
    },
    {
      "name": "full-polynomial-record-556",
      "passed": true
    },
    {
      "name": "all-signed-source-directions-556",
      "passed": true
    },
    {
      "name": "raw-signed-columns-556",
      "passed": true
    },
    {
      "name": "original-cycle-count-556",
      "passed": true
    },
    {
      "name": "original-source-row-557",
      "passed": true
    },
    {
      "name": "full-polynomial-record-557",
      "passed": true
    },
    {
      "name": "all-signed-source-directions-557",
      "passed": true
    },
    {
      "name": "raw-signed-columns-557",
      "passed": true
    },
    {
      "name": "original-cycle-count-557",
      "passed": true
    },
    {
      "name": "original-source-row-558",
      "passed": true
    },
    {
      "name": "full-polynomial-record-558",
      "passed": true
    },
    {
      "name": "all-signed-source-directions-558",
      "passed": true
    },
    {
      "name": "raw-signed-columns-558",
      "passed": true
    },
    {
      "name": "original-cycle-count-558",
      "passed": true
    },
    {
      "name": "original-source-row-559",
      "passed": true
    },
    {
      "name": "full-polynomial-record-559",
      "passed": true
    },
    {
      "name": "all-signed-source-directions-559",
      "passed": true
    },
    {
      "name": "raw-signed-columns-559",
      "passed": true
    },
    {
      "name": "original-cycle-count-559",
      "passed": true
    },
    {
      "name": "original-source-row-560",
      "passed": true
    },
    {
      "name": "full-polynomial-record-560",
      "passed": true
    },
    {
      "name": "all-signed-source-directions-560",
      "passed": true
    },
    {
      "name": "raw-signed-columns-560",
      "passed": true
    },
    {
      "name": "original-cycle-count-560",
      "passed": true
    },
    {
      "name": "original-source-row-561",
      "passed": true
    },
    {
      "name": "full-polynomial-record-561",
      "passed": true
    },
    {
      "name": "all-signed-source-directions-561",
      "passed": true
    },
    {
      "name": "raw-signed-columns-561",
      "passed": true
    },
    {
      "name": "original-cycle-count-561",
      "passed": true
    },
    {
      "name": "original-source-row-562",
      "passed": true
    },
    {
      "name": "full-polynomial-record-562",
      "passed": true
    },
    {
      "name": "all-signed-source-directions-562",
      "passed": true
    },
    {
      "name": "raw-signed-columns-562",
      "passed": true
    },
    {
      "name": "original-cycle-count-562",
      "passed": true
    },
    {
      "name": "original-source-row-563",
      "passed": true
    },
    {
      "name": "full-polynomial-record-563",
      "passed": true
    },
    {
      "name": "all-signed-source-directions-563",
      "passed": true
    },
    {
      "name": "raw-signed-columns-563",
      "passed": true
    },
    {
      "name": "original-cycle-count-563",
      "passed": true
    },
    {
      "name": "original-source-row-564",
      "passed": true
    },
    {
      "name": "full-polynomial-record-564",
      "passed": true
    },
    {
      "name": "all-signed-source-directions-564",
      "passed": true
    },
    {
      "name": "raw-signed-columns-564",
      "passed": true
    },
    {
      "name": "original-cycle-count-564",
      "passed": true
    },
    {
      "name": "original-source-row-565",
      "passed": true
    },
    {
      "name": "full-polynomial-record-565",
      "passed": true
    },
    {
      "name": "all-signed-source-directions-565",
      "passed": true
    },
    {
      "name": "raw-signed-columns-565",
      "passed": true
    },
    {
      "name": "original-cycle-count-565",
      "passed": true
    },
    {
      "name": "original-source-row-566",
      "passed": true
    },
    {
      "name": "full-polynomial-record-566",
      "passed": true
    },
    {
      "name": "all-signed-source-directions-566",
      "passed": true
    },
    {
      "name": "raw-signed-columns-566",
      "passed": true
    },
    {
      "name": "original-cycle-count-566",
      "passed": true
    },
    {
      "name": "original-source-row-567",
      "passed": true
    },
    {
      "name": "full-polynomial-record-567",
      "passed": true
    },
    {
      "name": "all-signed-source-directions-567",
      "passed": true
    },
    {
      "name": "raw-signed-columns-567",
      "passed": true
    },
    {
      "name": "original-cycle-count-567",
      "passed": true
    },
    {
      "name": "original-source-row-568",
      "passed": true
    },
    {
      "name": "full-polynomial-record-568",
      "passed": true
    },
    {
      "name": "all-signed-source-directions-568",
      "passed": true
    },
    {
      "name": "raw-signed-columns-568",
      "passed": true
    },
    {
      "name": "original-cycle-count-568",
      "passed": true
    },
    {
      "name": "original-source-row-569",
      "passed": true
    },
    {
      "name": "full-polynomial-record-569",
      "passed": true
    },
    {
      "name": "all-signed-source-directions-569",
      "passed": true
    },
    {
      "name": "raw-signed-columns-569",
      "passed": true
    },
    {
      "name": "original-cycle-count-569",
      "passed": true
    },
    {
      "name": "original-source-row-570",
      "passed": true
    },
    {
      "name": "full-polynomial-record-570",
      "passed": true
    },
    {
      "name": "all-signed-source-directions-570",
      "passed": true
    },
    {
      "name": "raw-signed-columns-570",
      "passed": true
    },
    {
      "name": "original-cycle-count-570",
      "passed": true
    },
    {
      "name": "original-source-row-571",
      "passed": true
    },
    {
      "name": "full-polynomial-record-571",
      "passed": true
    },
    {
      "name": "all-signed-source-directions-571",
      "passed": true
    },
    {
      "name": "raw-signed-columns-571",
      "passed": true
    },
    {
      "name": "original-cycle-count-571",
      "passed": true
    },
    {
      "name": "original-source-row-572",
      "passed": true
    },
    {
      "name": "full-polynomial-record-572",
      "passed": true
    },
    {
      "name": "all-signed-source-directions-572",
      "passed": true
    },
    {
      "name": "raw-signed-columns-572",
      "passed": true
    },
    {
      "name": "original-cycle-count-572",
      "passed": true
    },
    {
      "name": "original-source-row-573",
      "passed": true
    },
    {
      "name": "full-polynomial-record-573",
      "passed": true
    },
    {
      "name": "all-signed-source-directions-573",
      "passed": true
    },
    {
      "name": "raw-signed-columns-573",
      "passed": true
    },
    {
      "name": "original-cycle-count-573",
      "passed": true
    },
    {
      "name": "original-source-row-574",
      "passed": true
    },
    {
      "name": "full-polynomial-record-574",
      "passed": true
    },
    {
      "name": "all-signed-source-directions-574",
      "passed": true
    },
    {
      "name": "raw-signed-columns-574",
      "passed": true
    },
    {
      "name": "original-cycle-count-574",
      "passed": true
    },
    {
      "name": "original-source-row-575",
      "passed": true
    },
    {
      "name": "full-polynomial-record-575",
      "passed": true
    },
    {
      "name": "all-signed-source-directions-575",
      "passed": true
    },
    {
      "name": "raw-signed-columns-575",
      "passed": true
    },
    {
      "name": "original-cycle-count-575",
      "passed": true
    },
    {
      "name": "original-source-row-576",
      "passed": true
    },
    {
      "name": "full-polynomial-record-576",
      "passed": true
    },
    {
      "name": "all-signed-source-directions-576",
      "passed": true
    },
    {
      "name": "raw-signed-columns-576",
      "passed": true
    },
    {
      "name": "original-cycle-count-576",
      "passed": true
    },
    {
      "name": "original-source-row-577",
      "passed": true
    },
    {
      "name": "full-polynomial-record-577",
      "passed": true
    },
    {
      "name": "all-signed-source-directions-577",
      "passed": true
    },
    {
      "name": "raw-signed-columns-577",
      "passed": true
    },
    {
      "name": "original-cycle-count-577",
      "passed": true
    },
    {
      "name": "original-source-row-578",
      "passed": true
    },
    {
      "name": "full-polynomial-record-578",
      "passed": true
    },
    {
      "name": "all-signed-source-directions-578",
      "passed": true
    },
    {
      "name": "raw-signed-columns-578",
      "passed": true
    },
    {
      "name": "original-cycle-count-578",
      "passed": true
    },
    {
      "name": "original-source-row-579",
      "passed": true
    },
    {
      "name": "full-polynomial-record-579",
      "passed": true
    },
    {
      "name": "all-signed-source-directions-579",
      "passed": true
    },
    {
      "name": "raw-signed-columns-579",
      "passed": true
    },
    {
      "name": "original-cycle-count-579",
      "passed": true
    },
    {
      "name": "original-source-row-580",
      "passed": true
    },
    {
      "name": "full-polynomial-record-580",
      "passed": true
    },
    {
      "name": "all-signed-source-directions-580",
      "passed": true
    },
    {
      "name": "raw-signed-columns-580",
      "passed": true
    },
    {
      "name": "original-cycle-count-580",
      "passed": true
    },
    {
      "name": "original-source-row-581",
      "passed": true
    },
    {
      "name": "full-polynomial-record-581",
      "passed": true
    },
    {
      "name": "all-signed-source-directions-581",
      "passed": true
    },
    {
      "name": "raw-signed-columns-581",
      "passed": true
    },
    {
      "name": "original-cycle-count-581",
      "passed": true
    },
    {
      "name": "original-source-row-582",
      "passed": true
    },
    {
      "name": "full-polynomial-record-582",
      "passed": true
    },
    {
      "name": "all-signed-source-directions-582",
      "passed": true
    },
    {
      "name": "raw-signed-columns-582",
      "passed": true
    },
    {
      "name": "original-cycle-count-582",
      "passed": true
    },
    {
      "name": "original-source-row-583",
      "passed": true
    },
    {
      "name": "full-polynomial-record-583",
      "passed": true
    },
    {
      "name": "all-signed-source-directions-583",
      "passed": true
    },
    {
      "name": "raw-signed-columns-583",
      "passed": true
    },
    {
      "name": "original-cycle-count-583",
      "passed": true
    },
    {
      "name": "original-source-row-584",
      "passed": true
    },
    {
      "name": "full-polynomial-record-584",
      "passed": true
    },
    {
      "name": "all-signed-source-directions-584",
      "passed": true
    },
    {
      "name": "raw-signed-columns-584",
      "passed": true
    },
    {
      "name": "original-cycle-count-584",
      "passed": true
    },
    {
      "name": "original-source-row-585",
      "passed": true
    },
    {
      "name": "full-polynomial-record-585",
      "passed": true
    },
    {
      "name": "all-signed-source-directions-585",
      "passed": true
    },
    {
      "name": "raw-signed-columns-585",
      "passed": true
    },
    {
      "name": "original-cycle-count-585",
      "passed": true
    },
    {
      "name": "original-source-row-586",
      "passed": true
    },
    {
      "name": "full-polynomial-record-586",
      "passed": true
    },
    {
      "name": "all-signed-source-directions-586",
      "passed": true
    },
    {
      "name": "raw-signed-columns-586",
      "passed": true
    },
    {
      "name": "original-cycle-count-586",
      "passed": true
    },
    {
      "name": "original-source-row-587",
      "passed": true
    },
    {
      "name": "full-polynomial-record-587",
      "passed": true
    },
    {
      "name": "all-signed-source-directions-587",
      "passed": true
    },
    {
      "name": "raw-signed-columns-587",
      "passed": true
    },
    {
      "name": "original-cycle-count-587",
      "passed": true
    },
    {
      "name": "original-source-row-588",
      "passed": true
    },
    {
      "name": "full-polynomial-record-588",
      "passed": true
    },
    {
      "name": "all-signed-source-directions-588",
      "passed": true
    },
    {
      "name": "raw-signed-columns-588",
      "passed": true
    },
    {
      "name": "original-cycle-count-588",
      "passed": true
    },
    {
      "name": "original-source-row-589",
      "passed": true
    },
    {
      "name": "full-polynomial-record-589",
      "passed": true
    },
    {
      "name": "all-signed-source-directions-589",
      "passed": true
    },
    {
      "name": "raw-signed-columns-589",
      "passed": true
    },
    {
      "name": "original-cycle-count-589",
      "passed": true
    },
    {
      "name": "original-source-row-590",
      "passed": true
    },
    {
      "name": "full-polynomial-record-590",
      "passed": true
    },
    {
      "name": "all-signed-source-directions-590",
      "passed": true
    },
    {
      "name": "raw-signed-columns-590",
      "passed": true
    },
    {
      "name": "original-cycle-count-590",
      "passed": true
    },
    {
      "name": "original-source-row-591",
      "passed": true
    },
    {
      "name": "full-polynomial-record-591",
      "passed": true
    },
    {
      "name": "all-signed-source-directions-591",
      "passed": true
    },
    {
      "name": "raw-signed-columns-591",
      "passed": true
    },
    {
      "name": "original-cycle-count-591",
      "passed": true
    },
    {
      "name": "original-source-row-592",
      "passed": true
    },
    {
      "name": "full-polynomial-record-592",
      "passed": true
    },
    {
      "name": "all-signed-source-directions-592",
      "passed": true
    },
    {
      "name": "raw-signed-columns-592",
      "passed": true
    },
    {
      "name": "original-cycle-count-592",
      "passed": true
    },
    {
      "name": "original-source-row-593",
      "passed": true
    },
    {
      "name": "full-polynomial-record-593",
      "passed": true
    },
    {
      "name": "all-signed-source-directions-593",
      "passed": true
    },
    {
      "name": "raw-signed-columns-593",
      "passed": true
    },
    {
      "name": "original-cycle-count-593",
      "passed": true
    },
    {
      "name": "original-source-row-594",
      "passed": true
    },
    {
      "name": "full-polynomial-record-594",
      "passed": true
    },
    {
      "name": "all-signed-source-directions-594",
      "passed": true
    },
    {
      "name": "raw-signed-columns-594",
      "passed": true
    },
    {
      "name": "original-cycle-count-594",
      "passed": true
    },
    {
      "name": "original-source-row-595",
      "passed": true
    },
    {
      "name": "full-polynomial-record-595",
      "passed": true
    },
    {
      "name": "all-signed-source-directions-595",
      "passed": true
    },
    {
      "name": "raw-signed-columns-595",
      "passed": true
    },
    {
      "name": "original-cycle-count-595",
      "passed": true
    },
    {
      "name": "original-source-row-596",
      "passed": true
    },
    {
      "name": "full-polynomial-record-596",
      "passed": true
    },
    {
      "name": "all-signed-source-directions-596",
      "passed": true
    },
    {
      "name": "raw-signed-columns-596",
      "passed": true
    },
    {
      "name": "original-cycle-count-596",
      "passed": true
    },
    {
      "name": "original-source-row-597",
      "passed": true
    },
    {
      "name": "full-polynomial-record-597",
      "passed": true
    },
    {
      "name": "all-signed-source-directions-597",
      "passed": true
    },
    {
      "name": "raw-signed-columns-597",
      "passed": true
    },
    {
      "name": "original-cycle-count-597",
      "passed": true
    },
    {
      "name": "original-source-row-598",
      "passed": true
    },
    {
      "name": "full-polynomial-record-598",
      "passed": true
    },
    {
      "name": "all-signed-source-directions-598",
      "passed": true
    },
    {
      "name": "raw-signed-columns-598",
      "passed": true
    },
    {
      "name": "original-cycle-count-598",
      "passed": true
    },
    {
      "name": "original-source-row-599",
      "passed": true
    },
    {
      "name": "full-polynomial-record-599",
      "passed": true
    },
    {
      "name": "all-signed-source-directions-599",
      "passed": true
    },
    {
      "name": "raw-signed-columns-599",
      "passed": true
    },
    {
      "name": "original-cycle-count-599",
      "passed": true
    },
    {
      "name": "original-source-row-600",
      "passed": true
    },
    {
      "name": "full-polynomial-record-600",
      "passed": true
    },
    {
      "name": "all-signed-source-directions-600",
      "passed": true
    },
    {
      "name": "raw-signed-columns-600",
      "passed": true
    },
    {
      "name": "original-cycle-count-600",
      "passed": true
    },
    {
      "name": "original-source-row-601",
      "passed": true
    },
    {
      "name": "full-polynomial-record-601",
      "passed": true
    },
    {
      "name": "all-signed-source-directions-601",
      "passed": true
    },
    {
      "name": "raw-signed-columns-601",
      "passed": true
    },
    {
      "name": "original-cycle-count-601",
      "passed": true
    },
    {
      "name": "original-source-row-602",
      "passed": true
    },
    {
      "name": "full-polynomial-record-602",
      "passed": true
    },
    {
      "name": "all-signed-source-directions-602",
      "passed": true
    },
    {
      "name": "raw-signed-columns-602",
      "passed": true
    },
    {
      "name": "original-cycle-count-602",
      "passed": true
    },
    {
      "name": "original-source-row-603",
      "passed": true
    },
    {
      "name": "full-polynomial-record-603",
      "passed": true
    },
    {
      "name": "all-signed-source-directions-603",
      "passed": true
    },
    {
      "name": "raw-signed-columns-603",
      "passed": true
    },
    {
      "name": "original-cycle-count-603",
      "passed": true
    },
    {
      "name": "original-source-row-604",
      "passed": true
    },
    {
      "name": "full-polynomial-record-604",
      "passed": true
    },
    {
      "name": "all-signed-source-directions-604",
      "passed": true
    },
    {
      "name": "raw-signed-columns-604",
      "passed": true
    },
    {
      "name": "original-cycle-count-604",
      "passed": true
    },
    {
      "name": "original-source-row-605",
      "passed": true
    },
    {
      "name": "full-polynomial-record-605",
      "passed": true
    },
    {
      "name": "all-signed-source-directions-605",
      "passed": true
    },
    {
      "name": "raw-signed-columns-605",
      "passed": true
    },
    {
      "name": "original-cycle-count-605",
      "passed": true
    },
    {
      "name": "original-source-row-606",
      "passed": true
    },
    {
      "name": "full-polynomial-record-606",
      "passed": true
    },
    {
      "name": "all-signed-source-directions-606",
      "passed": true
    },
    {
      "name": "raw-signed-columns-606",
      "passed": true
    },
    {
      "name": "original-cycle-count-606",
      "passed": true
    },
    {
      "name": "original-source-row-607",
      "passed": true
    },
    {
      "name": "full-polynomial-record-607",
      "passed": true
    },
    {
      "name": "all-signed-source-directions-607",
      "passed": true
    },
    {
      "name": "raw-signed-columns-607",
      "passed": true
    },
    {
      "name": "original-cycle-count-607",
      "passed": true
    },
    {
      "name": "original-source-row-608",
      "passed": true
    },
    {
      "name": "full-polynomial-record-608",
      "passed": true
    },
    {
      "name": "all-signed-source-directions-608",
      "passed": true
    },
    {
      "name": "raw-signed-columns-608",
      "passed": true
    },
    {
      "name": "original-cycle-count-608",
      "passed": true
    },
    {
      "name": "original-source-row-609",
      "passed": true
    },
    {
      "name": "full-polynomial-record-609",
      "passed": true
    },
    {
      "name": "all-signed-source-directions-609",
      "passed": true
    },
    {
      "name": "raw-signed-columns-609",
      "passed": true
    },
    {
      "name": "original-cycle-count-609",
      "passed": true
    },
    {
      "name": "original-source-row-610",
      "passed": true
    },
    {
      "name": "full-polynomial-record-610",
      "passed": true
    },
    {
      "name": "all-signed-source-directions-610",
      "passed": true
    },
    {
      "name": "raw-signed-columns-610",
      "passed": true
    },
    {
      "name": "original-cycle-count-610",
      "passed": true
    },
    {
      "name": "original-source-row-611",
      "passed": true
    },
    {
      "name": "full-polynomial-record-611",
      "passed": true
    },
    {
      "name": "all-signed-source-directions-611",
      "passed": true
    },
    {
      "name": "raw-signed-columns-611",
      "passed": true
    },
    {
      "name": "original-cycle-count-611",
      "passed": true
    },
    {
      "name": "original-source-row-612",
      "passed": true
    },
    {
      "name": "full-polynomial-record-612",
      "passed": true
    },
    {
      "name": "all-signed-source-directions-612",
      "passed": true
    },
    {
      "name": "raw-signed-columns-612",
      "passed": true
    },
    {
      "name": "original-cycle-count-612",
      "passed": true
    },
    {
      "name": "original-source-row-613",
      "passed": true
    },
    {
      "name": "full-polynomial-record-613",
      "passed": true
    },
    {
      "name": "all-signed-source-directions-613",
      "passed": true
    },
    {
      "name": "raw-signed-columns-613",
      "passed": true
    },
    {
      "name": "original-cycle-count-613",
      "passed": true
    },
    {
      "name": "original-source-row-614",
      "passed": true
    },
    {
      "name": "full-polynomial-record-614",
      "passed": true
    },
    {
      "name": "all-signed-source-directions-614",
      "passed": true
    },
    {
      "name": "raw-signed-columns-614",
      "passed": true
    },
    {
      "name": "original-cycle-count-614",
      "passed": true
    },
    {
      "name": "original-source-row-615",
      "passed": true
    },
    {
      "name": "full-polynomial-record-615",
      "passed": true
    },
    {
      "name": "all-signed-source-directions-615",
      "passed": true
    },
    {
      "name": "raw-signed-columns-615",
      "passed": true
    },
    {
      "name": "original-cycle-count-615",
      "passed": true
    },
    {
      "name": "original-source-row-616",
      "passed": true
    },
    {
      "name": "full-polynomial-record-616",
      "passed": true
    },
    {
      "name": "all-signed-source-directions-616",
      "passed": true
    },
    {
      "name": "raw-signed-columns-616",
      "passed": true
    },
    {
      "name": "original-cycle-count-616",
      "passed": true
    },
    {
      "name": "original-source-row-617",
      "passed": true
    },
    {
      "name": "full-polynomial-record-617",
      "passed": true
    },
    {
      "name": "all-signed-source-directions-617",
      "passed": true
    },
    {
      "name": "raw-signed-columns-617",
      "passed": true
    },
    {
      "name": "original-cycle-count-617",
      "passed": true
    },
    {
      "name": "original-source-row-618",
      "passed": true
    },
    {
      "name": "full-polynomial-record-618",
      "passed": true
    },
    {
      "name": "all-signed-source-directions-618",
      "passed": true
    },
    {
      "name": "raw-signed-columns-618",
      "passed": true
    },
    {
      "name": "original-cycle-count-618",
      "passed": true
    },
    {
      "name": "original-source-row-619",
      "passed": true
    },
    {
      "name": "full-polynomial-record-619",
      "passed": true
    },
    {
      "name": "all-signed-source-directions-619",
      "passed": true
    },
    {
      "name": "raw-signed-columns-619",
      "passed": true
    },
    {
      "name": "original-cycle-count-619",
      "passed": true
    },
    {
      "name": "original-source-row-620",
      "passed": true
    },
    {
      "name": "full-polynomial-record-620",
      "passed": true
    },
    {
      "name": "all-signed-source-directions-620",
      "passed": true
    },
    {
      "name": "raw-signed-columns-620",
      "passed": true
    },
    {
      "name": "original-cycle-count-620",
      "passed": true
    },
    {
      "name": "original-source-row-621",
      "passed": true
    },
    {
      "name": "full-polynomial-record-621",
      "passed": true
    },
    {
      "name": "all-signed-source-directions-621",
      "passed": true
    },
    {
      "name": "raw-signed-columns-621",
      "passed": true
    },
    {
      "name": "original-cycle-count-621",
      "passed": true
    },
    {
      "name": "original-source-row-622",
      "passed": true
    },
    {
      "name": "full-polynomial-record-622",
      "passed": true
    },
    {
      "name": "all-signed-source-directions-622",
      "passed": true
    },
    {
      "name": "raw-signed-columns-622",
      "passed": true
    },
    {
      "name": "original-cycle-count-622",
      "passed": true
    },
    {
      "name": "original-source-row-623",
      "passed": true
    },
    {
      "name": "full-polynomial-record-623",
      "passed": true
    },
    {
      "name": "all-signed-source-directions-623",
      "passed": true
    },
    {
      "name": "raw-signed-columns-623",
      "passed": true
    },
    {
      "name": "original-cycle-count-623",
      "passed": true
    },
    {
      "name": "original-source-row-624",
      "passed": true
    },
    {
      "name": "full-polynomial-record-624",
      "passed": true
    },
    {
      "name": "all-signed-source-directions-624",
      "passed": true
    },
    {
      "name": "raw-signed-columns-624",
      "passed": true
    },
    {
      "name": "original-cycle-count-624",
      "passed": true
    },
    {
      "name": "original-source-row-625",
      "passed": true
    },
    {
      "name": "full-polynomial-record-625",
      "passed": true
    },
    {
      "name": "all-signed-source-directions-625",
      "passed": true
    },
    {
      "name": "raw-signed-columns-625",
      "passed": true
    },
    {
      "name": "original-cycle-count-625",
      "passed": true
    },
    {
      "name": "original-source-row-626",
      "passed": true
    },
    {
      "name": "full-polynomial-record-626",
      "passed": true
    },
    {
      "name": "all-signed-source-directions-626",
      "passed": true
    },
    {
      "name": "raw-signed-columns-626",
      "passed": true
    },
    {
      "name": "original-cycle-count-626",
      "passed": true
    },
    {
      "name": "original-source-row-627",
      "passed": true
    },
    {
      "name": "full-polynomial-record-627",
      "passed": true
    },
    {
      "name": "all-signed-source-directions-627",
      "passed": true
    },
    {
      "name": "raw-signed-columns-627",
      "passed": true
    },
    {
      "name": "original-cycle-count-627",
      "passed": true
    },
    {
      "name": "original-source-row-628",
      "passed": true
    },
    {
      "name": "full-polynomial-record-628",
      "passed": true
    },
    {
      "name": "all-signed-source-directions-628",
      "passed": true
    },
    {
      "name": "raw-signed-columns-628",
      "passed": true
    },
    {
      "name": "original-cycle-count-628",
      "passed": true
    },
    {
      "name": "original-source-row-629",
      "passed": true
    },
    {
      "name": "full-polynomial-record-629",
      "passed": true
    },
    {
      "name": "all-signed-source-directions-629",
      "passed": true
    },
    {
      "name": "raw-signed-columns-629",
      "passed": true
    },
    {
      "name": "original-cycle-count-629",
      "passed": true
    },
    {
      "name": "original-source-row-630",
      "passed": true
    },
    {
      "name": "full-polynomial-record-630",
      "passed": true
    },
    {
      "name": "all-signed-source-directions-630",
      "passed": true
    },
    {
      "name": "raw-signed-columns-630",
      "passed": true
    },
    {
      "name": "original-cycle-count-630",
      "passed": true
    },
    {
      "name": "original-source-row-631",
      "passed": true
    },
    {
      "name": "full-polynomial-record-631",
      "passed": true
    },
    {
      "name": "all-signed-source-directions-631",
      "passed": true
    },
    {
      "name": "raw-signed-columns-631",
      "passed": true
    },
    {
      "name": "original-cycle-count-631",
      "passed": true
    },
    {
      "name": "original-source-row-632",
      "passed": true
    },
    {
      "name": "full-polynomial-record-632",
      "passed": true
    },
    {
      "name": "all-signed-source-directions-632",
      "passed": true
    },
    {
      "name": "raw-signed-columns-632",
      "passed": true
    },
    {
      "name": "original-cycle-count-632",
      "passed": true
    },
    {
      "name": "original-source-row-633",
      "passed": true
    },
    {
      "name": "full-polynomial-record-633",
      "passed": true
    },
    {
      "name": "all-signed-source-directions-633",
      "passed": true
    },
    {
      "name": "raw-signed-columns-633",
      "passed": true
    },
    {
      "name": "original-cycle-count-633",
      "passed": true
    },
    {
      "name": "original-source-row-634",
      "passed": true
    },
    {
      "name": "full-polynomial-record-634",
      "passed": true
    },
    {
      "name": "all-signed-source-directions-634",
      "passed": true
    },
    {
      "name": "raw-signed-columns-634",
      "passed": true
    },
    {
      "name": "original-cycle-count-634",
      "passed": true
    },
    {
      "name": "original-source-row-635",
      "passed": true
    },
    {
      "name": "full-polynomial-record-635",
      "passed": true
    },
    {
      "name": "all-signed-source-directions-635",
      "passed": true
    },
    {
      "name": "raw-signed-columns-635",
      "passed": true
    },
    {
      "name": "original-cycle-count-635",
      "passed": true
    },
    {
      "name": "original-source-row-636",
      "passed": true
    },
    {
      "name": "full-polynomial-record-636",
      "passed": true
    },
    {
      "name": "all-signed-source-directions-636",
      "passed": true
    },
    {
      "name": "raw-signed-columns-636",
      "passed": true
    },
    {
      "name": "original-cycle-count-636",
      "passed": true
    },
    {
      "name": "original-source-row-637",
      "passed": true
    },
    {
      "name": "full-polynomial-record-637",
      "passed": true
    },
    {
      "name": "all-signed-source-directions-637",
      "passed": true
    },
    {
      "name": "raw-signed-columns-637",
      "passed": true
    },
    {
      "name": "original-cycle-count-637",
      "passed": true
    },
    {
      "name": "original-source-row-638",
      "passed": true
    },
    {
      "name": "full-polynomial-record-638",
      "passed": true
    },
    {
      "name": "all-signed-source-directions-638",
      "passed": true
    },
    {
      "name": "raw-signed-columns-638",
      "passed": true
    },
    {
      "name": "original-cycle-count-638",
      "passed": true
    },
    {
      "name": "original-source-row-639",
      "passed": true
    },
    {
      "name": "full-polynomial-record-639",
      "passed": true
    },
    {
      "name": "all-signed-source-directions-639",
      "passed": true
    },
    {
      "name": "raw-signed-columns-639",
      "passed": true
    },
    {
      "name": "original-cycle-count-639",
      "passed": true
    },
    {
      "name": "original-source-row-640",
      "passed": true
    },
    {
      "name": "full-polynomial-record-640",
      "passed": true
    },
    {
      "name": "all-signed-source-directions-640",
      "passed": true
    },
    {
      "name": "raw-signed-columns-640",
      "passed": true
    },
    {
      "name": "original-cycle-count-640",
      "passed": true
    },
    {
      "name": "original-source-row-641",
      "passed": true
    },
    {
      "name": "full-polynomial-record-641",
      "passed": true
    },
    {
      "name": "all-signed-source-directions-641",
      "passed": true
    },
    {
      "name": "raw-signed-columns-641",
      "passed": true
    },
    {
      "name": "original-cycle-count-641",
      "passed": true
    },
    {
      "name": "original-source-row-642",
      "passed": true
    },
    {
      "name": "full-polynomial-record-642",
      "passed": true
    },
    {
      "name": "all-signed-source-directions-642",
      "passed": true
    },
    {
      "name": "raw-signed-columns-642",
      "passed": true
    },
    {
      "name": "original-cycle-count-642",
      "passed": true
    },
    {
      "name": "original-source-row-643",
      "passed": true
    },
    {
      "name": "full-polynomial-record-643",
      "passed": true
    },
    {
      "name": "all-signed-source-directions-643",
      "passed": true
    },
    {
      "name": "raw-signed-columns-643",
      "passed": true
    },
    {
      "name": "original-cycle-count-643",
      "passed": true
    },
    {
      "name": "original-source-row-644",
      "passed": true
    },
    {
      "name": "full-polynomial-record-644",
      "passed": true
    },
    {
      "name": "all-signed-source-directions-644",
      "passed": true
    },
    {
      "name": "raw-signed-columns-644",
      "passed": true
    },
    {
      "name": "original-cycle-count-644",
      "passed": true
    },
    {
      "name": "original-source-row-645",
      "passed": true
    },
    {
      "name": "full-polynomial-record-645",
      "passed": true
    },
    {
      "name": "all-signed-source-directions-645",
      "passed": true
    },
    {
      "name": "raw-signed-columns-645",
      "passed": true
    },
    {
      "name": "original-cycle-count-645",
      "passed": true
    },
    {
      "name": "original-source-row-646",
      "passed": true
    },
    {
      "name": "full-polynomial-record-646",
      "passed": true
    },
    {
      "name": "all-signed-source-directions-646",
      "passed": true
    },
    {
      "name": "raw-signed-columns-646",
      "passed": true
    },
    {
      "name": "original-cycle-count-646",
      "passed": true
    },
    {
      "name": "original-source-row-647",
      "passed": true
    },
    {
      "name": "full-polynomial-record-647",
      "passed": true
    },
    {
      "name": "all-signed-source-directions-647",
      "passed": true
    },
    {
      "name": "raw-signed-columns-647",
      "passed": true
    },
    {
      "name": "original-cycle-count-647",
      "passed": true
    },
    {
      "name": "original-source-row-648",
      "passed": true
    },
    {
      "name": "full-polynomial-record-648",
      "passed": true
    },
    {
      "name": "all-signed-source-directions-648",
      "passed": true
    },
    {
      "name": "raw-signed-columns-648",
      "passed": true
    },
    {
      "name": "original-cycle-count-648",
      "passed": true
    },
    {
      "name": "original-source-row-649",
      "passed": true
    },
    {
      "name": "full-polynomial-record-649",
      "passed": true
    },
    {
      "name": "all-signed-source-directions-649",
      "passed": true
    },
    {
      "name": "raw-signed-columns-649",
      "passed": true
    },
    {
      "name": "original-cycle-count-649",
      "passed": true
    },
    {
      "name": "original-source-row-650",
      "passed": true
    },
    {
      "name": "full-polynomial-record-650",
      "passed": true
    },
    {
      "name": "all-signed-source-directions-650",
      "passed": true
    },
    {
      "name": "raw-signed-columns-650",
      "passed": true
    },
    {
      "name": "original-cycle-count-650",
      "passed": true
    },
    {
      "name": "original-source-row-651",
      "passed": true
    },
    {
      "name": "full-polynomial-record-651",
      "passed": true
    },
    {
      "name": "all-signed-source-directions-651",
      "passed": true
    },
    {
      "name": "raw-signed-columns-651",
      "passed": true
    },
    {
      "name": "original-cycle-count-651",
      "passed": true
    },
    {
      "name": "original-source-row-652",
      "passed": true
    },
    {
      "name": "full-polynomial-record-652",
      "passed": true
    },
    {
      "name": "all-signed-source-directions-652",
      "passed": true
    },
    {
      "name": "raw-signed-columns-652",
      "passed": true
    },
    {
      "name": "original-cycle-count-652",
      "passed": true
    },
    {
      "name": "original-source-row-653",
      "passed": true
    },
    {
      "name": "full-polynomial-record-653",
      "passed": true
    },
    {
      "name": "all-signed-source-directions-653",
      "passed": true
    },
    {
      "name": "raw-signed-columns-653",
      "passed": true
    },
    {
      "name": "original-cycle-count-653",
      "passed": true
    },
    {
      "name": "original-source-row-654",
      "passed": true
    },
    {
      "name": "full-polynomial-record-654",
      "passed": true
    },
    {
      "name": "all-signed-source-directions-654",
      "passed": true
    },
    {
      "name": "raw-signed-columns-654",
      "passed": true
    },
    {
      "name": "original-cycle-count-654",
      "passed": true
    },
    {
      "name": "original-source-row-655",
      "passed": true
    },
    {
      "name": "full-polynomial-record-655",
      "passed": true
    },
    {
      "name": "all-signed-source-directions-655",
      "passed": true
    },
    {
      "name": "raw-signed-columns-655",
      "passed": true
    },
    {
      "name": "original-cycle-count-655",
      "passed": true
    },
    {
      "name": "original-source-row-656",
      "passed": true
    },
    {
      "name": "full-polynomial-record-656",
      "passed": true
    },
    {
      "name": "all-signed-source-directions-656",
      "passed": true
    },
    {
      "name": "raw-signed-columns-656",
      "passed": true
    },
    {
      "name": "original-cycle-count-656",
      "passed": true
    },
    {
      "name": "original-source-row-657",
      "passed": true
    },
    {
      "name": "full-polynomial-record-657",
      "passed": true
    },
    {
      "name": "all-signed-source-directions-657",
      "passed": true
    },
    {
      "name": "raw-signed-columns-657",
      "passed": true
    },
    {
      "name": "original-cycle-count-657",
      "passed": true
    },
    {
      "name": "original-source-row-658",
      "passed": true
    },
    {
      "name": "full-polynomial-record-658",
      "passed": true
    },
    {
      "name": "all-signed-source-directions-658",
      "passed": true
    },
    {
      "name": "raw-signed-columns-658",
      "passed": true
    },
    {
      "name": "original-cycle-count-658",
      "passed": true
    },
    {
      "name": "original-source-row-659",
      "passed": true
    },
    {
      "name": "full-polynomial-record-659",
      "passed": true
    },
    {
      "name": "all-signed-source-directions-659",
      "passed": true
    },
    {
      "name": "raw-signed-columns-659",
      "passed": true
    },
    {
      "name": "original-cycle-count-659",
      "passed": true
    },
    {
      "name": "original-source-row-660",
      "passed": true
    },
    {
      "name": "full-polynomial-record-660",
      "passed": true
    },
    {
      "name": "all-signed-source-directions-660",
      "passed": true
    },
    {
      "name": "raw-signed-columns-660",
      "passed": true
    },
    {
      "name": "original-cycle-count-660",
      "passed": true
    },
    {
      "name": "original-source-row-661",
      "passed": true
    },
    {
      "name": "full-polynomial-record-661",
      "passed": true
    },
    {
      "name": "all-signed-source-directions-661",
      "passed": true
    },
    {
      "name": "raw-signed-columns-661",
      "passed": true
    },
    {
      "name": "original-cycle-count-661",
      "passed": true
    },
    {
      "name": "complete-fifth-counts",
      "passed": true
    },
    {
      "name": "fourth-predecessor-full-polynomial-replay",
      "passed": true
    },
    {
      "name": "all-separate-directional-matrix-checks",
      "passed": true
    },
    {
      "name": "original-finite-face-list-L2",
      "passed": true
    },
    {
      "name": "full-response-matrix-L2-degree0",
      "passed": true
    },
    {
      "name": "full-response-matrix-L2-degree2",
      "passed": true
    },
    {
      "name": "full-response-matrix-L2-degree4",
      "passed": true
    },
    {
      "name": "original-finite-face-list-L3",
      "passed": true
    },
    {
      "name": "full-response-matrix-L3-degree0",
      "passed": true
    },
    {
      "name": "full-response-matrix-L3-degree2",
      "passed": true
    },
    {
      "name": "full-response-matrix-L3-degree4",
      "passed": true
    },
    {
      "name": "opposite-face-full-signed-entry",
      "passed": true
    },
    {
      "name": "actual-opposite-finite-interval",
      "passed": true
    },
    {
      "name": "physical-parameter-map",
      "passed": true
    },
    {
      "name": "analytic-radius-L2",
      "passed": true
    },
    {
      "name": "zero-momentum-scalar-coefficients",
      "passed": true
    },
    {
      "name": "zero-momentum-traceless-coefficients",
      "passed": true
    },
    {
      "name": "full-Fourier-adjoint-square",
      "passed": true
    },
    {
      "name": "original-orientation-frame-Gram",
      "passed": true
    },
    {
      "name": "independent-character-recurrence",
      "passed": true
    },
    {
      "name": "single-original-trace-polynomial",
      "passed": true
    },
    {
      "name": "exact-Mathieu-return-2",
      "passed": true
    },
    {
      "name": "exact-Mathieu-return-4",
      "passed": true
    },
    {
      "name": "exact-Mathieu-return-6",
      "passed": true
    },
    {
      "name": "exact-Mathieu-return-8",
      "passed": true
    },
    {
      "name": "all-original-cube-orders",
      "passed": true
    },
    {
      "name": "all-replayed-energy-inputs",
      "passed": true
    }
  ],
  "counts": {
    "anchored_multisets": 124864,
    "classes": 662,
    "cycle_rank_distribution": {
      "1": 1,
      "2": 4,
      "3": 38,
      "4": 170,
      "5": 444,
      "6": 5
    },
    "independent_directional_matrix_rows": 662,
    "original_trace_terms": 14063,
    "quaternion_polynomial_terms": 300821,
    "raw_trace_residuals_returned_to_zero_polynomial": 281,
    "signed_degree_four_equations": 3047
  },
  "named_checks": 3342,
  "negative_control_count": 14,
  "negative_controls": [
    {
      "detail": {
        "bulk": "38083049/1563831360",
        "finite": "341579099/14074482240"
      },
      "false_formula_accepted": false,
      "name": "replace-finite-L2-diagonal-by-bulk"
    },
    {
      "false_formula_accepted": false,
      "name": "omit-cube-in-opposite-response"
    },
    {
      "false_formula_accepted": false,
      "name": "omit-four-paths-in-opposite-response"
    },
    {
      "false_formula_accepted": false,
      "name": "reverse-Hessian-response-sign"
    },
    {
      "false_formula_accepted": false,
      "name": "merge-two-ordered-pair-weights"
    },
    {
      "false_formula_accepted": false,
      "name": "omit-2B-v1-v4"
    },
    {
      "false_formula_accepted": false,
      "name": "insert-fifth-factorial"
    },
    {
      "false_formula_accepted": false,
      "name": "omit-tangent-multiplicity-five"
    },
    {
      "false_formula_accepted": false,
      "name": "omit-Frechet-factor-two"
    },
    {
      "false_formula_accepted": false,
      "name": "zero-Haar-mean-erases-source"
    },
    {
      "detail": {
        "full_terms": 952,
        "image_terms": 232,
        "source_index": 176,
        "specialization": "q_6=(1,0,0,0)"
      },
      "false_formula_accepted": false,
      "name": "delete-sixth-original-chord"
    },
    {
      "false_formula_accepted": false,
      "name": "omit-original-vacuum-scalar"
    },
    {
      "false_formula_accepted": false,
      "name": "missing-cube-Haar-factor"
    },
    {
      "false_formula_accepted": false,
      "name": "erase-physical-kappa-return"
    }
  ],
  "one_plaquette": {
    "Haar_scalar_in_log_eigenvector_through_five": [
      "0",
      "0",
      "-1/18",
      "0",
      "55/10368",
      "0"
    ],
    "Mathieu_map": {
      "energy": "b_2(q)/4-1",
      "physical_full_energy": "kappa*(2*xi+energy)",
      "q": "-4*xi"
    },
    "energy_through_eight": [
      "0",
      "0",
      "-1/3",
      "0",
      "5/216",
      "0",
      "-289/77760",
      "0",
      "21391/27993600"
    ],
    "fifth_characters": {
      "1": "7/3888",
      "3": "-23/97200",
      "5": "11/680400"
    },
    "original_unit_vacuum_log_scalar_degree_two": "-1/9"
  },
  "passed": true,
  "response": {
    "actual_enclosure": {
      "C_over_xi4_interval": [
        "13040720931034969741652989/601567382812499999990143920",
        "13042978613235863591252989/601567382812499999990143920"
      ],
      "L": 2,
      "M": 240,
      "absolute_error": "1/5329070518200751393946120515465736389160156250000000000000",
      "analytic_radius": "1/1280",
      "g_squared": "500000*sqrt(10)",
      "kappa": "1000000*sqrt(10)/a",
      "xi": "1/10000000000000"
    },
    "finite_boxes": [
      {
        "L": 2,
        "counts": {
          "cubes": 64,
          "faces": 240,
          "pairs": 1128,
          "triples": {
            "common": 576,
            "corner": 512,
            "path": 6732
          }
        },
        "nonzero_entries": {
          "0": 240,
          "2": 2496,
          "4": 9660
        },
        "total_coefficients": {
          "0": "80",
          "2": "-2396/117",
          "4": "3528610133/78191568"
        }
      },
      {
        "L": 3,
        "counts": {
          "cubes": 216,
          "faces": 756,
          "pairs": 3852,
          "triples": {
            "common": 2160,
            "corner": 1728,
            "path": 25140
          }
        },
        "nonzero_entries": {
          "0": 756,
          "2": 8460,
          "4": 35472
        },
        "total_coefficients": {
          "0": "252",
          "2": "-2383/39",
          "4": "11727394583/78191568"
        }
      }
    ],
    "opposite_faces": {
      "cube_count": 1,
      "p": [
        0,
        0,
        0,
        0,
        1
      ],
      "path_count": 4,
      "q": [
        0,
        0,
        1,
        0,
        1
      ],
      "xi4_cube_term": "83/3888",
      "xi4_path_term": "4909/14784120",
      "xi4_total": "641033/29568240"
    },
    "zero_momentum": {
      "0": {
        "diagonal": "1/3",
        "off_diagonal": "0",
        "scalar": "1/3",
        "traceless": "1/3"
      },
      "2": {
        "diagonal": "-425/4212",
        "off_diagonal": "16/1053",
        "scalar": "-11/156",
        "traceless": "-163/1404"
      },
      "4": {
        "diagonal": "55706831/938298816",
        "off_diagonal": "77227/930852",
        "scalar": "211396463/938298816",
        "traceless": "-22137985/938298816"
      }
    }
  },
  "schema": "ym-fifth-complete-v1",
  "scope": {
    "Lean_run": false,
    "continuum_gap_proved": false,
    "finite_original_coefficients": true,
    "full_polynomial_audit_entrypoint": "audit_fifth.py --verify-existing",
    "new_uniform_coupling_gap_audit": false,
    "unconditional_finite_volume_response_bound": true
  },
  "source_sha256": {
    "../20260916-cubic-linearized/geometry.py": "bd878efd339f05f320d051bee760bff0934ccfca10e9a2c1e6f26941a128cc1e",
    "../20260917-quartic-cube/differential_audit.py": "5c07b74a9d66d1f9638892369c1912f34e73fbe76b13a7a668dd3d411cc8f3d6",
    "../20260917-quartic-cube/energy.py": "f1575cb1dfe91a9ea5c944072bfe2c0459d2b7cbbc087589d033fd12fe7cac4b",
    "../20260917-quartic-cube/source_engine.py": "fd1bdf38ce379b2cfc0f2e400c4aef24fee279df22ed42656331662074b313d5",
    "../20260917-quartic-cube/trace_algebra.py": "cfafffe6e2fd30e4a1e89f40c48b59784f379cf93982b0c4b83421f6a890f138",
    "FIFTH_SOURCE.md": "5a76e283176ce1860b6abd70437e4b204e3a67e278dc709d6eeae5154bf4eb4f",
    "INTAKE_AND_SCOPE.md": "bee5ec130500b99098d331dfcbff15e801688a469204ac74d80e07c7d4f31913",
    "PLAQUETTE_RESPONSE.md": "4be7151fec8e17ef7592cbaf8158721b4b1266a6b26b0a983c8e18ca98362edc",
    "README.md": "a7072fa752a9cd0529cd20501a289265a0ad879baa6a4fd028afaf77902d81e2",
    "SOURCE_INTAKE.json": "04c47b64ec530ae107db62c6d27cf8d2ce86c93e509ffe5ae1eea7e6edf342a5",
    "audit_fifth.py": "4e8197f36a8a9ce9832251a7430d527d1a3e623e77760c0e7163f08804bf0f80",
    "audit_fourth.py": "32cfef725ee621b2973a6635a8dbb24e0e4c4444d874bc08a7b611cb9f5df5f3",
    "character_check.py": "59ef6a12cd7e541c278170d59d52c697582e8d21ec05a8d8aeb3a6ec760f54a9",
    "check_energy_inputs.py": "3cbd0fe5ef41a6bc7500a339e42266357fcb4644b6b219ade09f681b46ae4625",
    "direct_matrix_checks.py": "517940c91f69cf0495280d0cfe25d50b4db01e704364f13cb5c7736119da3d75",
    "enumerate_fifth.py": "055ef4234a1a56e22acc540ef541e672eaba0ab408b1d2a5a46ed5d3a0460aa8",
    "generated/direct_matrix_checks.json": "c20a41323bba939ecc173c12e350ad7564172c808b466cec7a6b4a3501fb7654",
    "generated/energy_input_checks.json": "8f4b1f7531874d14b69ca6e73b34f3ff80a9c99fb19fa6e67b94b808c4eaaf78",
    "generated/fifth/0000.json": "a93b865823c6b212cd0bb76e644ab8cb1e8f6a75b6baf32151426d05b131c54c",
    "generated/fifth/0001.json": "2e3e37cc4cfc68467a2a0cd64f80d7c042e7706f25e2a3d7177a9103d173a028",
    "generated/fifth/0002.json": "5d181ececcf6608bc7e9d6668aaf6dee048be19096302ca4568b74a7dd29ac26",
    "generated/fifth/0003.json": "f573a81307f466493709d332fb1447311a1ac469fc8c39fef8c1d495ba1d4b2c",
    "generated/fifth/0004.json": "4820462f340e14cce4b9dcfc93f8c561044f6cdd83f5b6b2a6accef143cd59a8",
    "generated/fifth/0005.json": "9a3c3e5d4af77fc4cfaea58d31e97893d90fb8ae469a9edd7ebffd335bf7feda",
    "generated/fifth/0006.json": "b3ac28be8584fc46a20c86d51c81f841714eb6885099cdc754c082ba156fa1d6",
    "generated/fifth/0007.json": "faaa688464a1a2bb5f67578c0c08ac5c5903c447b34056be9d672bc12e243bea",
    "generated/fifth/0008.json": "68639cba32030d62dc6354a8870d1f87f626ace1ac9a82fc7cdca9faef5f42c9",
    "generated/fifth/0009.json": "bd324eb310aed9fab499c9644bc69b256119d91d4fd2a43f95fad8cd2dd7c4a6",
    "generated/fifth/0010.json": "5bf71da1f468f440664b29533b458f41ed089a8ec64fc304384bb73d0cddc0fc",
    "generated/fifth/0011.json": "9909d8e599c5451a98b6be4b4eb21fc4986ad65ded3599decd004b13c576c577",
    "generated/fifth/0012.json": "0c1f29087e730666e5cfb9bf10e22f448d4b2a01995df06b3d2ac709f1a6695f",
    "generated/fifth/0013.json": "df5706d1a5d9edbba3238150a645967d289cfd284a606d74e97e4621117b551a",
    "generated/fifth/0014.json": "ffd77923fe82f33bafc4e1475b4fa6135131bec69b7376c808e4f7cf364344ce",
    "generated/fifth/0015.json": "e7d18de6778cd4ed68b12b866b8c9e52fc21d46b732c2cc67b4e258bffef929f",
    "generated/fifth/0016.json": "6e74fb8195eafea4f14d335f021583a1189db7aa31cbb3d9fffa294a76d6ba5e",
    "generated/fifth/0017.json": "1d8c7d0b4ca85cc1a327bf65b20a7f58365ba8fd161d09c9977401528cd72c4e",
    "generated/fifth/0018.json": "13395125098f381b91f97caba4ce7432699ce7a155fed40a394543ffec6c3bf7",
    "generated/fifth/0019.json": "b64090e652355ad74f803edeff511fe238f317e20822aedf88f41aa18e1a70dd",
    "generated/fifth/0020.json": "0754c4459e4eba94f387c2e1ac15fe90b51e24f57ce4c728d49ca347541974e8",
    "generated/fifth/0021.json": "f2370794e411f82bd465526c30aca3c5f66648831615dac3d47c0e7061d67645",
    "generated/fifth/0022.json": "9b2823c42b5227a36767bc746d8b3e330de1ae92d88c36b561af276c5931a069",
    "generated/fifth/0023.json": "1162a5effb84b6278969095443d2c56f6d8b507418d66f1415f56d3a33be152e",
    "generated/fifth/0024.json": "234c39eb09d220bc2ab836c0f33e50485b536a68038fa87adcf41948ead7b272",
    "generated/fifth/0025.json": "501fafc9c8824bc353611ef50b81bae84ef2bcf0e8135d74643022fb503344fb",
    "generated/fifth/0026.json": "54ba6472b661679c20f12b285dc84696ce7665ebbe54c28ce0fcc04c71a34759",
    "generated/fifth/0027.json": "6fac5c8836dcdcd62e1572ec72d74829e30494e0e5a20c281bdd30894a694dac",
    "generated/fifth/0028.json": "9ec84b0fe25f8b1c5e1b7f6437aaa0046789968199b8dcfcc83b611cfa8a5a65",
    "generated/fifth/0029.json": "0065e88259002a2dcd46c5b6bef1890fafe25bb0b1dd491453c0e2437a99201d",
    "generated/fifth/0030.json": "af06df6a22d583b7b440830b6d2c3a0a5aa3e51aa2b6ea6233bb5c8c79276853",
    "generated/fifth/0031.json": "022874c10baa32ed6c40603601480605d8bcdb104947aa287b165ddfd732b5d1",
    "generated/fifth/0032.json": "c0368c0ba96a349188b7861ce548721186168eb8cbaec4edb5dac147b9d653ff",
    "generated/fifth/0033.json": "8c5c2b8c647c529b0af8d763fa094a88e6f9f6e291ff21aac79eb0551a73c9eb",
    "generated/fifth/0034.json": "97d67f38a1ef41d658e99918fe0f4b03076c3c565e08d85b09d89c1661674a94",
    "generated/fifth/0035.json": "a87220f2257bf8c218edc5c2ffafccafcd00e2dd146400e76cbfae95c33bd91f",
    "generated/fifth/0036.json": "82bfceeac7909e6d4537bd2e5d4125b327e7a0b026e9331fd1b5ec5e175758c6",
    "generated/fifth/0037.json": "4924e31c8f697eb5d05ad2117e88fa0fe5accb79f5a727f96fb55a6177bf4a5a",
    "generated/fifth/0038.json": "7f8a200a18c4290ceed5001a86b49beaff543a193a2aac26bdce448234edc6d0",
    "generated/fifth/0039.json": "1ad18eeda27b20e7b12156947c5893925d87879f325695e5d9558658dd1097d2",
    "generated/fifth/0040.json": "de34945cfec8081210da7ea4af74c0accc612bbe0fa8bf67ab3164ce69fb7f12",
    "generated/fifth/0041.json": "3f1f43075c65a3786ba78d4b5d23ff6d8e14d1b6017d3275781f2c881749ec38",
    "generated/fifth/0042.json": "276f53bffce493e9bfe2e8ab7e6e0530bccde59b3c71f8f4889a248f9de26226",
    "generated/fifth/0043.json": "15433ae0d392ae6f6bb6f3b06854c7454390cbd747a29bd536bc3cdb065a1ee9",
    "generated/fifth/0044.json": "2c232a14aa967596c4ab9c0c0d2411288d9069f55e25fd07c0d62813886c5c09",
    "generated/fifth/0045.json": "56bb19af49f8120637d99329a5112f7ad4425de349ab1d534b275e6c415c828c",
    "generated/fifth/0046.json": "fa5d2f67d8d40ddeb2213033a71bfcc9556a60fce7fba28f6f15b76b6e69387a",
    "generated/fifth/0047.json": "738aee916531ad1f92e312d57c24ebdef810b8fed76d05e1b8c30a6e54de7461",
    "generated/fifth/0048.json": "79b065721b3249e43764e4194745112224f4484d822c7491618b0e5534cc62e8",
    "generated/fifth/0049.json": "d8d54f111a7320117a8cc6dcfef155f7ceaed9ee22df72bf6d68d1ba53e6b458",
    "generated/fifth/0050.json": "e8a588f85be749ac216e885301681bdc95970f83e9331f1f46b009b2dac3f27f",
    "generated/fifth/0051.json": "b30333ad1a9b77d41a7a2ddcef32b39c6fc714775ac12b6c0cda075b25479431",
    "generated/fifth/0052.json": "d3147f579cabc427fd9e71efcca1f6f5e46d68d491834c285e87d4ec48130f3e",
    "generated/fifth/0053.json": "8fe6759375554f7967c21b6cd3ce0afe1b8230e9d3ebe6c58a00a23d112d05ce",
    "generated/fifth/0054.json": "4236da93594aa0dbd186c1c6271bd18a44227e70df17bcec25945e73b6014f84",
    "generated/fifth/0055.json": "a82482ebb2d2f145308c7166025ba6858815b7850a6fdf8c3c1c2a8bd2092072",
    "generated/fifth/0056.json": "9cbc5bdc52731eed9f6c4766ccedebf571a1f54096c72b4b642f2ef82d8ec3a9",
    "generated/fifth/0057.json": "277efde677a28d566c9d629ff25e680be6f0f78712ad474e8893d22a2aca0d11",
    "generated/fifth/0058.json": "e337d84be5028398119a9388f03649370130658fd7fc2f36bfedfe2f3c658545",
    "generated/fifth/0059.json": "db32c5cbdd785b02a9fe71fe1210adfc4c4655083c0beac8142bfb1c2099fcde",
    "generated/fifth/0060.json": "4376bde38de6f6a1e8ec98ab8b5fd3c719338f05949eba2f394e03d70e1c399b",
    "generated/fifth/0061.json": "8fc7c5c2366d98593363cc5089dda3443e118ce9c88eb20d0b798d002ed62e49",
    "generated/fifth/0062.json": "041752151a8698be0f9d29a7fe5b15143c64b1511f797e216627f74ffa0e02e8",
    "generated/fifth/0063.json": "998f84228e28efc56658db18a88ff336c931254255b9340ce5e0fd85bf9b64cc",
    "generated/fifth/0064.json": "eb8e7a09e63e12590e8ef06d40807806f5219a9af587f29533a3aeaa8fd27af9",
    "generated/fifth/0065.json": "b4fa5e545a32a853f483a63e683fe03ff62fba4fe4eb1d961dc91bb35183c2f2",
    "generated/fifth/0066.json": "9270b2d6c1bdbca0919a0c263ddb0f51b1f2cd5730c283658e759b0aa11cc0c9",
    "generated/fifth/0067.json": "5e5937b2c3bc0df115ee2b89f789af906b905049aac5bb20ea44d903644be883",
    "generated/fifth/0068.json": "7efb1ecfe126e1159dd7dd378cdf5b3a9e0e3f8331322d32d11f1ab26a22dbae",
    "generated/fifth/0069.json": "f939bb03c376451fa1ee3968e9dcdd02b892ed3815f860b5484b376de4474b7b",
    "generated/fifth/0070.json": "87758adf6f4d52b912d720485edec44cacd305e0baa2b3dcfdb762dbebeef198",
    "generated/fifth/0071.json": "184675d48470c42def0e71e227a54690307ca895e350b2bf0394d5352c00f4ae",
    "generated/fifth/0072.json": "1aa82948a5d19b64985350c8bf4f4cf1214d58ae6421a4e3a9d8f5a3ce6acbff",
    "generated/fifth/0073.json": "fa998c2cd7cf9db171ba4101eb0f193fd666cab04de1ccebc0834668f58bbf9e",
    "generated/fifth/0074.json": "b6bb2a44fad523c9b45e304a0954cfee73ed8ad5e58d2feb078474796da29a20",
    "generated/fifth/0075.json": "44dd0939d61e8ffdf93e986c55a9999c6a208a4fbc9aadfd0a076ef3147e8652",
    "generated/fifth/0076.json": "6fc12fe71e9bf0fdb9f646307fba862a09da43d42a93fc30e9a680aa29a04979",
    "generated/fifth/0077.json": "13beb08317d0bab43dc1cd6488090026dcb377b88c06fc873ac9d381927e3309",
    "generated/fifth/0078.json": "290741789edb64f7a2b25dcb42f8d829da05644b8c4189eefa53cd0e26f8c97a",
    "generated/fifth/0079.json": "b4f2517ff109b901f48de377e78fe55fb4a2ef64d3d7618aded902b2b71c1ba5",
    "generated/fifth/0080.json": "51a45283ca4f53befab5e72e878a29ec9583d04168d271aa88ec163fb884ef90",
    "generated/fifth/0081.json": "ac277970c8b3d53a3bf9470298d335c8b22a8569c27d2ad7b24b2bccf925aa42",
    "generated/fifth/0082.json": "3c140c4aed83b9ebda822ce1003785bbdb36a8c8bb18ef43213f480e46211570",
    "generated/fifth/0083.json": "58fcd8a3b0bd7ef18181b2f99f486eda9041340f8649439878db1ab29fbb72ba",
    "generated/fifth/0084.json": "d643660643696f469c7870f9a17709a1f55c2704de7ab4531b3407d26f42db5c",
    "generated/fifth/0085.json": "e703bac38665545b09edc350ab26c362a92bd3d2142fa67794fdd36cfc670bf3",
    "generated/fifth/0086.json": "89425ca94ca12074c9b0e4f1fd46d8e80a2ce7ec04e7261580a3016cf8aff978",
    "generated/fifth/0087.json": "f697a3ab1c4a532c738186de7cf7429893b07121785c1201f5dd190623ec7afa",
    "generated/fifth/0088.json": "c63f9ba3af7dcc21618a152d9b0cb2a2329f1c619b81482583786b3415646d07",
    "generated/fifth/0089.json": "820cab60bc8049ccf1bfdb31c8ad10e779749b1865f282b35aa448e9ecba1262",
    "generated/fifth/0090.json": "4cebd7454bec22066306923791cd1aaeafc716104e100bb9d8a6b676a16e78c1",
    "generated/fifth/0091.json": "9639f1f8bba0475207cc4db708ea1e0c6e3f64a013513a3dac505200067cf127",
    "generated/fifth/0092.json": "854daa09ca5b4080418446288bdb256554552713575ecf12b14c6587a4e73530",
    "generated/fifth/0093.json": "94702c70230d50b75b2b09b834179894d587d176fb896d53e5378023864be4ad",
    "generated/fifth/0094.json": "1c634b0184d0edd5692a9e7e0880159f035eec903f1fd6df727b6de6ceac20c8",
    "generated/fifth/0095.json": "635de79fba77414847b7c28bc61f37fba561b8c535b3395e7595d61651d68041",
    "generated/fifth/0096.json": "dee11a72f6326a83e7284b36fd27a428a8587b467c162578830383bd8962e7ba",
    "generated/fifth/0097.json": "7565e5b5f98945cc8c82555e12bc56db163729bda80fe75b13b726aa21fb505d",
    "generated/fifth/0098.json": "932af25cd248ef6d0386bfc72bf94b7f7cff9f7245c7e5a5614b1dae6d9b8176",
    "generated/fifth/0099.json": "8f5481f16eaf3b2382f1957973215df201c17b23d15d8034a2dd3ebda200e8a9",
    "generated/fifth/0100.json": "9a132ff3157fcddcc5bbc3e5f2d39da91969a184747b3518e4a70d9011907221",
    "generated/fifth/0101.json": "32dae3d7281a1aa141beb3881ee2dbff1b33ff86c8bd987a6b72498ec687f9aa",
    "generated/fifth/0102.json": "91d6faa3c7eebac0abf40a5c18d86e6d02e1a3d94e8d2ed4b3426ebe4f56125b",
    "generated/fifth/0103.json": "31f60794709b5652a638b545a2aa2e5464c4e50d55c2697b8948cf4eb0348b36",
    "generated/fifth/0104.json": "b163bc9de50f51d5a1785eb84d972f3b98344255743e3ece890780232c352456",
    "generated/fifth/0105.json": "65a5574e36ada41e144a2c22d0351a324328ea03ba65f6c8c67246ecc9ec1231",
    "generated/fifth/0106.json": "983a5c3427c789887f59663c75dff762f36af395ec07d8958a257fb46075ae42",
    "generated/fifth/0107.json": "303c552e8948dc172178d8f22c84aeaccd4d7c3aa69ccf8a6886ec9c2073e362",
    "generated/fifth/0108.json": "3776054e2000a755a4ba96b7d2524b47402ea66eaaaa8dbfb446249eb7f1ec0e",
    "generated/fifth/0109.json": "cb6e131f02bcb853feb93629118deee45b3d13082db14061e056553d0f369cc4",
    "generated/fifth/0110.json": "228f75bf630513fde918ec22e4443eac8d122dff8c739563e9e400590333025e",
    "generated/fifth/0111.json": "99fecbe3f9126a918a284fca3ee5a4ebf71355c8ceb317bd8c6f81cec89c0ffa",
    "generated/fifth/0112.json": "39d7eb5f6c627d9a41bc7ffe7b3e3d1b63f68976d7713f53b6a05514518ebb0a",
    "generated/fifth/0113.json": "b7d9d6043cae01603fa5a1cf07bdd744fa5da2d10b3f68f3892e208705189349",
    "generated/fifth/0114.json": "d362893337d3ebd8dd6fc71b2701911928e5abe38148b463ae64067383b53444",
    "generated/fifth/0115.json": "4ed5d5db2de3a8cb796b0f6aaea3b4d7524d5d8ad7caf6e609f5c2b35ece93fa",
    "generated/fifth/0116.json": "31834a00f02f50bdccf324f65ff1f6520402523d15db9c36184ed1cf46048310",
    "generated/fifth/0117.json": "7618b4ac2ca8d7696206f53161023a0336946189b11440239be0de2b520e5b46",
    "generated/fifth/0118.json": "e3fc41ccf28a0fb8591705451b3f9446c39c98e45428616668fbc60818425efe",
    "generated/fifth/0119.json": "5c1613993eb9146899fc5e10204a4903be8ce80e4cd8d316599d90fbff9de7e2",
    "generated/fifth/0120.json": "829ed77d8fefabcc312376df2e4c6a1b590b8b6efea2db3f165aba378f2d76ca",
    "generated/fifth/0121.json": "3dfca645762f298c208f6e3998c574646ba3fa5a385e1f8b23b82248e1caf99a",
    "generated/fifth/0122.json": "9565141620bcb9771824af3456fc97e48366a06647a8726fb35c7ad456080616",
    "generated/fifth/0123.json": "56b09437fe463c2a07aa2c13b9a9ebb13761a9f5ab537efa35317a4eea6fc55d",
    "generated/fifth/0124.json": "199a50d604e54c5caa5e70e5bfa8d77a5969287fa6158e71c043401603beeb9e",
    "generated/fifth/0125.json": "e532171df02da124cbeef8e4e99616fb1544e948437772f7245204b6cb3308f3",
    "generated/fifth/0126.json": "b8fd88dde824c1fcf33300a7d053ff1d0d6b22a38329af607dfc4d4683412da7",
    "generated/fifth/0127.json": "96bd37843f2da263a776f6db31efb7e3a0e4f92349443e02df3a0088e5ebd5c6",
    "generated/fifth/0128.json": "5068b5dec58f7cbcd53d4e8811ddba11d9b6a1587c5e940ef81698ca9fff7aa8",
    "generated/fifth/0129.json": "e74d653acc739245aa52709f576af96fdadb0fbc5deece43adc42e1007bdb1c5",
    "generated/fifth/0130.json": "5690010a5c1d80c5b813f69d68a204dedd2620bec18b480f4aa9c48e22d56b89",
    "generated/fifth/0131.json": "0eb13b94c15ec6d68f1321a58e174ec40bd89846007d49e504a87f2f7e5fb075",
    "generated/fifth/0132.json": "af27b543c00ed382a808d7026ad24e451347ad69dbeea81962d222a814c3799c",
    "generated/fifth/0133.json": "878c548443edc1f7fe12b62118ad06a83fa87e65754f16928847ea1d03348284",
    "generated/fifth/0134.json": "d2e1c46def517b9487f11fc2b3f3fbde71b8b1cf3005cc42dacafaa49bb612f5",
    "generated/fifth/0135.json": "760ee0c0e77f1b6963cc0396519272c00046150dae83ff798113b709d4e341ce",
    "generated/fifth/0136.json": "15803e96029aa915331246703408d466b0410e8cd315e1e06ba57a1c827b080b",
    "generated/fifth/0137.json": "5f2967747af78bde2a827f47061566fb9a96c058aace12eaa61658ad798080f4",
    "generated/fifth/0138.json": "46e48b510788e8dadd760677e371f4770c295b542a5abecf5446a02dc9450431",
    "generated/fifth/0139.json": "4f086b54b2b76266ddce061c73992545313657f1f771a844e21142cfd0ff2834",
    "generated/fifth/0140.json": "c6b686ea5f1073ceaf765fd721413e3b7ef85af907148ba09990dc6ec659b157",
    "generated/fifth/0141.json": "6bd4ee1346326afca733de823f256e4ae7c97818aa18f881448818ffa0c759e6",
    "generated/fifth/0142.json": "ce87b07ab08acdde414149d3f32d54939c5c189770ea387f7e9b7fb4a36e253d",
    "generated/fifth/0143.json": "7d6a1fd11b52dad3090373f67268877a64200d7cbf8e618bdb5405dd28d51efa",
    "generated/fifth/0144.json": "cf7604bb1254196214026283e41324dfa727c4386f0fc7b210b65bb346b41e6c",
    "generated/fifth/0145.json": "1debd45ac7ea924248155732cf8f283d6f6ed59b98ac93295fda8fcc8acfaa17",
    "generated/fifth/0146.json": "2b0e9c6eb78cb365800117f7e2a5ae4da2438ce676c4dfc89508375b0922d755",
    "generated/fifth/0147.json": "7f181fb4080311aae863f06ae1f8f1c26375affca0f2182c3a275a7e3d3e619d",
    "generated/fifth/0148.json": "cfbebcce2af8c1445d2aec1f6adee7a4cee1eff097ce5a2270280e40b6162d8d",
    "generated/fifth/0149.json": "4b5a9b9c905157157c671f00d54ed7ca8327d643def2e79c4cac914b5f30ac87",
    "generated/fifth/0150.json": "0e4b4455e1b29d7be6fe091e3dd10ca6414d264bc29b3c68b6002e6ecef35679",
    "generated/fifth/0151.json": "6abf0a80c6463664b8fd7de274f67ca5b40549f5bb83eb538cb5ae2a3d977cdb",
    "generated/fifth/0152.json": "10599f2ad30e2ac63eae325cff42e8bbaafbfd2ffeaa8cf630a4ec70f36ea802",
    "generated/fifth/0153.json": "a36042da5d74273aac9f309eb7b5215aba711d14ef581cc82f2ec8359b18a734",
    "generated/fifth/0154.json": "e899716c28df5606333611988f60611a8867cfe1ee53651948521a4e71201607",
    "generated/fifth/0155.json": "a292fdc4f036e039ea87ea383419623c96959c891ba08dbe22b7d1c91bac8135",
    "generated/fifth/0156.json": "a4b8c56615038f9e89638307492c121754b61ef71c8a9b7b220248d20a455238",
    "generated/fifth/0157.json": "e1bc8c517c9b08c3b9ad29409c3801253eeac70cd440b88c4f223aadae6390be",
    "generated/fifth/0158.json": "056c30adc91e33abd446cfaa80728c57e9f2eabfe94d36563036117c296bc5c5",
    "generated/fifth/0159.json": "b2a51a37be25a8f3d74e545f9c10e4a4444cbbf3e9afc2a0cb6f7970f54962da",
    "generated/fifth/0160.json": "0ac1155e3ee4d7dd5bfe0c97f16e38c0e11a7b688da6184c7a2df18732af6326",
    "generated/fifth/0161.json": "e39ae787a30e07aa934537eff0c9ce4c7e37d2b1155a2dc22d2f6a21d987ac57",
    "generated/fifth/0162.json": "f72490843af6177a8384ba04cccd28032c9f6ed2bf2f20df2c26592ee7ececb0",
    "generated/fifth/0163.json": "45445116b800e6bb1f29c8d13bae2a3ca0704562b0cc79bcb50b607fcf753fc0",
    "generated/fifth/0164.json": "06a4692cd604f70ffb6f4da9c0564d65ae7a2b90e095f980ae3348baeea7fbdc",
    "generated/fifth/0165.json": "f23653d3c4a7de8ad1cdfb50c9641beafc97d7bdae6d7fb5a85499d2b70a983a",
    "generated/fifth/0166.json": "e885347c86c5ec4ca2ea33e56ad9476f4dc83f96ba5b93d83a652b75e8a63ece",
    "generated/fifth/0167.json": "1968f27ce4f31ac76cfaa87bae693f7ddda5f00f913469f62f6a3daf6636625e",
    "generated/fifth/0168.json": "0c7a77bb9a7823dfc054936c206cbf9fcb0eaf5922e80e580068985e184439ac",
    "generated/fifth/0169.json": "10a5d0b9a7183eccca86edd466c5bdc91d2b3292ee0c51f99526afcd41119006",
    "generated/fifth/0170.json": "9d71a2a3bb7823daae79db40878458b081be04698d9dc0d4136ee5e52250b2a7",
    "generated/fifth/0171.json": "7a18981de8237766cd94108a6d61cc4fd5d77e9f80f57216b864a63a32f32109",
    "generated/fifth/0172.json": "8ef0bdc21b804a52db9748cabf6644037bde68a8d296191332de33c90221b1bc",
    "generated/fifth/0173.json": "f894e9899e757fb70b1e473d59dd2f53cfad09639792e6b9a0f869360bab51f1",
    "generated/fifth/0174.json": "0d5785ce97a2e3cd868fe46103f19ab5c1647f8422d6281d81d53bc2a2e6b2f3",
    "generated/fifth/0175.json": "3e34e131b436ab04e5ba15f255f83c65bba1dcee5d1b71f9b75d82255e6bd7c0",
    "generated/fifth/0176.json": "68cb7e83f050b27d5a8b60b22c508da3e351a472f174fdeb456e78ce3d924c2f",
    "generated/fifth/0177.json": "a6d60c5dfc15ee520ce3ac80d414bf62ab2059eed0a343b608646ddb0cb6d44d",
    "generated/fifth/0178.json": "e2412d88801c944810136c56acdd995ea03460035b195de0d38b15da1086c277",
    "generated/fifth/0179.json": "3cb9cdf11db878087f2421ef029ba847cf0e3b8e483cadd41e6e8cdb1df07230",
    "generated/fifth/0180.json": "189469f4ccac0f2b56d1932350fde8074761c1e5682088d52714d6e527ba8036",
    "generated/fifth/0181.json": "553f403fc9340b51148431b7c2d3f65ae093ffb1eb73303d18237619d7af2f4f",
    "generated/fifth/0182.json": "33b09a0a3934deb0ec84b94a123687143892a0ad5686505e7d1edc62193d826c",
    "generated/fifth/0183.json": "375422de117bda5446b5e690be5f372e03291769e7b94a8be0f1eda1f0972639",
    "generated/fifth/0184.json": "7805699847e7f9f18c65a5e69078a96041789c90a235e537647e37d415e37dfb",
    "generated/fifth/0185.json": "e6d1a0eb59ba6280ff61b3b85be6c5331a3a9e0dd395776a5f4f5be5ab8115ae",
    "generated/fifth/0186.json": "4d64f36a08c598171fda90900e46ba8c96aed91aece1e76ac1b5a87f386d88d8",
    "generated/fifth/0187.json": "53d3b75cfc23a9f2a639df66926996d4fc404adeec2494d4d98fd6ff4371b5ce",
    "generated/fifth/0188.json": "0d7125130f14e5f17cf8f93064099da42454fc352897373a06405d4beca9cfc5",
    "generated/fifth/0189.json": "41d1058e8efcc7cc2ea1ef5b42f40d9a36dcf5120c9ad0ad502f0e5066ea0d29",
    "generated/fifth/0190.json": "5e02e83e97ef283beacc3ce8333e5796b227269c25c4eb950ef3431049513947",
    "generated/fifth/0191.json": "e2638d15dee189829cb639b4a1b50f101182bedf268eef0a47efe9ab4266fb58",
    "generated/fifth/0192.json": "189e66dd5d6902e3ebf0b217b40c0d279039ea3e30298d69e62d1b583ca04a73",
    "generated/fifth/0193.json": "2eaa3e2a0cec0750f4c9fb6c68e79fda4793ffe949c37fe68ca50cddb94096f2",
    "generated/fifth/0194.json": "c2c7925e7f05e08de8270a82c5315402ed418b52b66bf56b204ba10880d44d42",
    "generated/fifth/0195.json": "1f991129d39e09a24a41ce124fe4bb5f25aa45ce338772358bcb61990457d06a",
    "generated/fifth/0196.json": "a24602920ec6c6da8244adcedf5792d37541e1749d626114eefa6337ae9a2dc5",
    "generated/fifth/0197.json": "62a1c1148dc88f3c702b079a12092eb0aa4a2afe9cb02a956ae6f7afbd8c5f45",
    "generated/fifth/0198.json": "7ed3327bdde9df4fd134eb9b31163ddadf39a12bec5335fb15f3fcfadee42eee",
    "generated/fifth/0199.json": "d5c212dc437688486b24b797faa2a86812b1e28e2deaaf7840c9c6e3fd706c37",
    "generated/fifth/0200.json": "0d83d9c2fb0ccf6a488b91312a8ca96c2079e85927dd95da1c40219b24b53284",
    "generated/fifth/0201.json": "b904b776becc5d830a5be2239c8679d29b7f801bfd8edb875e3fb4775a71d1ad",
    "generated/fifth/0202.json": "b1746d778ceb6c01d2adc0594d217d17c949a20d1f7cf1530317f75676c12bf5",
    "generated/fifth/0203.json": "1e5f2a6514e899ad23dbd7d600e7754419903124d85a6fa836778cbdd6d84ae2",
    "generated/fifth/0204.json": "5e5bd0f06beb2c0d6621c5b5918251db996838edd07b620d456691670db4f8c0",
    "generated/fifth/0205.json": "1ecd78289ba4cc7ebd9a70f9f1c632c9169b0ebd8002f859dc323590ca281c25",
    "generated/fifth/0206.json": "0098e579c33696d1c2211333b99846571db8de0e91d8f3756172a583c768c102",
    "generated/fifth/0207.json": "888a5759c3315bbb2ddfb5dc92337bf1493fab67caf85dd779d7a3212db11595",
    "generated/fifth/0208.json": "c210c1c345b8a5d3757ecba6f05eff929fddbef11992de42d2eb582700da5931",
    "generated/fifth/0209.json": "cf638b5d35933144e22ae13d7b8645385b71629b6bc4f9132336c0a074fee381",
    "generated/fifth/0210.json": "77cfe54249637a9ef1c8b812e8427154279a11aa3dc6f4d1437af205f910b1fb",
    "generated/fifth/0211.json": "141b48c194c2ddfdcbf1599329f2f78dfab89d8bc9569307227e7ae530758757",
    "generated/fifth/0212.json": "c45ae4fc3115a9c3ebb803954005316f073c1f7e18dd936e29ee956f6890f515",
    "generated/fifth/0213.json": "df0f1a4aa1bba438fdcea4ea758e04dc61e7db9a504f2c2fc8462d3aedf07dc4",
    "generated/fifth/0214.json": "237f6ee3457f463e0f99e2cb45b1161c82202859d7967f2a7e481fee1a2df4bc",
    "generated/fifth/0215.json": "e72f751ec0c29d07af26db83a6c4c0a1594861d49f7d11632278b8ad42641fb0",
    "generated/fifth/0216.json": "874ba57ca3580d0dcdda024095230bebfdb11b8e60e092b61835678ae9ea4436",
    "generated/fifth/0217.json": "b64f9810c0bf97b091059966e0a6c7cf83dc57d7b7135744ce1c3297ec970526",
    "generated/fifth/0218.json": "0c1c1a54681a43168ec9ad386b9f637617de5cf837549b3ebf3f9c1ffe5ce338",
    "generated/fifth/0219.json": "dcb92a7e7f7c28ab151b0be6e4de3fa40dcc1f13def5918fdfbac7b26ca750ff",
    "generated/fifth/0220.json": "0d87df7b8c9f84a2571cd9d74df529d2fcda78a7100e3f7ad48026f20e260c1b",
    "generated/fifth/0221.json": "24823b6981102041084edebe601c2dcd0c728ed73d86b9c1a75759710106bc44",
    "generated/fifth/0222.json": "63affc7fa095746d15c211bd1ece21f77eaa8bbc98b9409de3154c2e45cc0042",
    "generated/fifth/0223.json": "67ba6094d9f8cdef2a17fdbb43f87bb4f1341c86def2b7b4164c29c43b7b9cc8",
    "generated/fifth/0224.json": "8f5b517fe0e17a180c18f46e9b8b79de73182ac93ec4236e9b50d63478ee3a57",
    "generated/fifth/0225.json": "4de4a95cb0cbe6d81755d0499b89db5e5a35e9a22d947133d58bf52aa0354324",
    "generated/fifth/0226.json": "6d8b7791cc4ae5c781a6083cb30617c0fcee175932e0291563c0b7a63aa57112",
    "generated/fifth/0227.json": "61d027f74ebfec17c244acda91a1d28e6057736dac58cd74c978a1de8764d28c",
    "generated/fifth/0228.json": "4bb6f769693880c4d521f5fe2721671b5bc83d6ccf5c6da033f4d694c92cfa58",
    "generated/fifth/0229.json": "def4c8ff4b3828a539f0ce105d70f0cd6d918858e72bdd045db3a7b85884532f",
    "generated/fifth/0230.json": "3ce3bc8c61354f5d8e5e3a599b0bc223ccec9f5da5c183f8130eeea8946978dd",
    "generated/fifth/0231.json": "cc3b765eb000698d79425b69e1b2a5e1cc5e40aa9cd22b2bcf60703163977cf1",
    "generated/fifth/0232.json": "7c993e2dcadedf3cd50a986329b80488c05f815ca76e80c52034a5ea3165c62a",
    "generated/fifth/0233.json": "9ae03f1865dd568de1d3fae15d63779fbc1299fb618d361340f2e4543a4687f7",
    "generated/fifth/0234.json": "455bcaef5b7e7c45d00af99f56a196aeca567823ee2fe872297b5ad4959b66b9",
    "generated/fifth/0235.json": "a0d74f163de4fab6f673d5f53a8e7194a56bc2beca08b5a38ac1f13b93f2937b",
    "generated/fifth/0236.json": "2b377f861fe5fe8a856cd1a92642f3ce35eb97e0de6b837973479a6c1d0c8e2d",
    "generated/fifth/0237.json": "ac20c6dccdbe97f5b37f326da5613a6b9e8e3f33d6e6500ed058eab7fcaa1a90",
    "generated/fifth/0238.json": "96ba57072ef720b01ecb343fa4681eee8eae3c7516bec96d5aa81a701a2d4053",
    "generated/fifth/0239.json": "15e8dbdd4fbd52d3bd36644993e76a929afcc4b3c5d4f80a9a4e2b33c0f878a4",
    "generated/fifth/0240.json": "8021f60639a68683252b2d2809c9c1bf057e197dc3b21f06a2685e8276de8e7a",
    "generated/fifth/0241.json": "8aafac71db2852ee037cd56c6db3fc6e7329982bd26670bd3301aa10e4f3b47c",
    "generated/fifth/0242.json": "97951ca7e311f42aa9acbb77bc634da9cdb70e1305e9d6a13644b11c69c9f682",
    "generated/fifth/0243.json": "e30a72159e5c7b45817b3bd1cca4b5820b02aea4752ab4229d5c72e6c21f816a",
    "generated/fifth/0244.json": "f1e32bb8e1ebc9be851cf0ba81b885b101b16ea352ac32e8e7e4bc5856f7a28b",
    "generated/fifth/0245.json": "dd7ba11f4a919e33732e158d237fbb152bfbd6ed35988018ace15f4f3996a234",
    "generated/fifth/0246.json": "914638285744717a41696a5332d20b4b447dd345ea5d7c72057cab7c71a098e5",
    "generated/fifth/0247.json": "cc9b03cb1fd9547a29164fd099be3f2bc55d41104ebf86bee67fe787c057b353",
    "generated/fifth/0248.json": "fe02d6315ed26145f92f976f56885c9353a042ea9350e5f1a94bd8fbb8292c15",
    "generated/fifth/0249.json": "b34018df5ffd17c85b44764370d85ea0691766c62e4f6d92631ad5539e227e48",
    "generated/fifth/0250.json": "2e9032f2a47e17f6cd3719b29848615d8820c7061b2fa4929a8ba638ad21a331",
    "generated/fifth/0251.json": "3633d9fa1e3a376abe7346bd1eb617d769c1dc4ff11817c634de63da63bce27f",
    "generated/fifth/0252.json": "b110d5986c863753c13456d5bbf5b61faf01ceff5c975aaa545d9d8d725ed042",
    "generated/fifth/0253.json": "ad0d08b573d3126958fb7dfd8f617fe5d939d018d700d0f35460d885ea1092ba",
    "generated/fifth/0254.json": "8d35885678e41aed57bf9fc0b8e1a20d516d4ca847cc130aef4b2e8872e6ceeb",
    "generated/fifth/0255.json": "2dc38bfcdca36ce99111ba27c6d154e75cfd4bd217d15d24a0b0cfa6c5227493",
    "generated/fifth/0256.json": "344134abcccb07ed5fcb75d397ddce85fefa1f76992f49e64a295fa3da58a6cb",
    "generated/fifth/0257.json": "e13535e2995dfbf0cbc328bbb84b93034e828c6948920701a1f9ce1b6f69b135",
    "generated/fifth/0258.json": "ae8ea833c38b9c35f217de4aabffaae133044cc591f82dbfc14f351f23b17ce7",
    "generated/fifth/0259.json": "e660ea2364424bd91354926335bd45fcc415cac7353aa43189432c7902bdaad3",
    "generated/fifth/0260.json": "faa6260600259f2a56e93f8565bf3da982bbafef1a4918c63f1843b43dc1589f",
    "generated/fifth/0261.json": "407ed08de07fb19901b2fb2132f0d89b6c4fc41e06548ee2a1f60b38ced5db4a",
    "generated/fifth/0262.json": "64670aad88bdf6b7ff2f6c83ae61d9279bb82f5bf6ab471546e87c3b4ac01819",
    "generated/fifth/0263.json": "9543c56a07d28549a646a7e839f123ed43df5fb68a0939de3fb397a07e654c88",
    "generated/fifth/0264.json": "6352bfffae461fe2286608dd6e74b04fe6883d86e60b9732fdb17e9a91e7556b",
    "generated/fifth/0265.json": "1e3e40b06a35785caba1c3da7b6656ade7812889ab31fe4b494e64d625f0ba0d",
    "generated/fifth/0266.json": "01fe35624a595021c2f423e6b9d5a2d80372a209687a2a860acf2e158ca6b4f2",
    "generated/fifth/0267.json": "a3c9bc8da9ff85d116abb5984482d30850db88ab0db338baf2ed377431882ea6",
    "generated/fifth/0268.json": "7a141ec466c6fdba8ef38b0ee76be37ac22d4ba7ec2e898206d070116801dcf4",
    "generated/fifth/0269.json": "0d4d52175b9a2128382a14a57c562e82a5e74c319d919a8346b0f32d414a3792",
    "generated/fifth/0270.json": "346c7b939f03ab117781ee02e764aa8f4837fc59bfec9e3aad95e65ec62148c2",
    "generated/fifth/0271.json": "a5daa46f557c0cfe5cdde55bdb00c2f68d100224d50fdab630964b8dad9474fe",
    "generated/fifth/0272.json": "6adfefa7a4b587740a2d3eafaa8a87445306eab57530974694e7e316399d3f8e",
    "generated/fifth/0273.json": "92c1b395861343db50385f19b78ef313467d63c9a6cff4f7f16c5ce1232e2f3b",
    "generated/fifth/0274.json": "8cc6d45436bc1d3abbb305ba3ab43ad2daaaad908b12f24b31ddd95ff0313ffc",
    "generated/fifth/0275.json": "0232b5c05a9efe5cc64390f8f8cdafd845e6196fd93294fa3a3a0622c7ef0ba2",
    "generated/fifth/0276.json": "fe8b9494d15288555db3c2ad99fbbf65caeb78d7d18b66bf40e1168a0e53d703",
    "generated/fifth/0277.json": "cb597717d45e17536633690f081b062c304a085401a63c3c495afb092997371b",
    "generated/fifth/0278.json": "3fddeccaf0dec28984cc2a1d08ad29807d63494a0230ac80170dd0b7f2fe773f",
    "generated/fifth/0279.json": "0fdcca51f494f50f5429e8d7404cddcf7cc5e80f9228f86c38e27982b5115ac7",
    "generated/fifth/0280.json": "b30492ed6e739979ff0a0d6c9745fe55d590f9c24aa79209e1dcc7f335f27958",
    "generated/fifth/0281.json": "0758e250dd1d6da9c40f5ad7980de006502645ee81ad2b7423fe32fe49a2d091",
    "generated/fifth/0282.json": "9c578ff3dbb7afd935b86b6ac3de955d8613fa2eebbb349e201e15bec604a711",
    "generated/fifth/0283.json": "876ed5ee7f9df9d42d49d5378e3c07f6315c4aa461899d75e802e5907f9d4859",
    "generated/fifth/0284.json": "2752dbaac0610b91e8ae768aa2b4406753a2a83524787eb3c3db4e626a131436",
    "generated/fifth/0285.json": "69b49191e86ad843ce747de72c12fb1c7deb796c4a64a611edafb4fb5c1e78ca",
    "generated/fifth/0286.json": "dd8282f8983e1280606fa758266862828a3e37f3373e1582d2265025d2772b71",
    "generated/fifth/0287.json": "31f493344f42d06d9b7d33e4df8d0f702cd2ba66092d18cfa5dcab78658a1667",
    "generated/fifth/0288.json": "5005c9468446e96dc65efe5973d0bb6704bbc207a9e6ed88477cccd1180af0c9",
    "generated/fifth/0289.json": "6d3bdb09a00b4cd648d89c8407ce5a44250739c9ccc3eae84c47b286e217f3be",
    "generated/fifth/0290.json": "f8fc2eb6e651299501d97bb76ebdc620e203b1820e7893bfe49d88ea7b2dca81",
    "generated/fifth/0291.json": "f14ed589b862c31174a5a0ef634ea9adf7d80e4cdc9b20014323f70b6903a5d1",
    "generated/fifth/0292.json": "6a78fa4c0938091cfbf6d297768bdb22e5e33306e3cf4397e6cae9b2085be0fa",
    "generated/fifth/0293.json": "72c4ed4b20b4800057b8612afae9f376291e715bf6b22240c3e28041bc4818d9",
    "generated/fifth/0294.json": "a6f6a323d5f1c17b77f6135154d5623e1ad93bfa0c2769effc8522bcbbf3599c",
    "generated/fifth/0295.json": "6d53701e5754ec24339ad1b8a0d4ed13ec433ed26b612c75951166acb987785d",
    "generated/fifth/0296.json": "441c276c3759897ac31b77d208b86967cb7d2770bd081c7bdfae4592d6c445dd",
    "generated/fifth/0297.json": "b730e94e8de69c50e665bed511200c6c9e6542f339503ec617c631310e2fc0b9",
    "generated/fifth/0298.json": "4ce65c9de1949b43ae962d844b2febe245cd71977b62af9a3976e37ebf4813c7",
    "generated/fifth/0299.json": "475d4c3056292fdce56b7de51048f262a0cb4a3dbc0728ded3db6f05eb7bede0",
    "generated/fifth/0300.json": "c6313037382c4d24ffc293d26d06e1cfccadc9636c29c084dd82086e30bb393b",
    "generated/fifth/0301.json": "34d8a2252414bede3a39d77920b85cb3003ec1799ab25e34e27d5fd84a941463",
    "generated/fifth/0302.json": "4ecf3dc8763bcd892f6385c6e8aed738b66975650b7721d2c4065f41a0810354",
    "generated/fifth/0303.json": "014807202106e6af15a67a0713cddbd6a2ea2df5462b913c801e766562c7672c",
    "generated/fifth/0304.json": "9f86f4834620069f2f797c92675e10ad40acb6dd24e61feec3f8b462da3a467e",
    "generated/fifth/0305.json": "6408056640d429be3c3ee605815929e916dbe15e66846caefdfc7cfc4bf47321",
    "generated/fifth/0306.json": "948155a8de865a1ad0ebbaea24777cf8fc46896a6d9fb6d53cc08de119ffe4ee",
    "generated/fifth/0307.json": "28af920f49e0abb7e09ef6df6e06f1cdce126b1b8ab0216374512c4acbbde0df",
    "generated/fifth/0308.json": "1820a4d4770a6d88e0c57e5ae5b4a99e4e7726a2aab5e38f5fbda7e1f08e8d96",
    "generated/fifth/0309.json": "ea2dcf052192e0fe830eb652c9ab4caf3b7470aff6612b378bdbd6ebc3b8e2f7",
    "generated/fifth/0310.json": "34739e3926ffdd8a76f6c9de92d2b4e007698d80d16c5d2d6ebaa2d331890dff",
    "generated/fifth/0311.json": "407ae767e4b16b6caf0dffed9788e6af2ddc6ae9b9a4eb5e370c16f688bdef5b",
    "generated/fifth/0312.json": "a7c3aac675ab4456625325ddc368da56f4e76994833a0d5c84aa39c5f8c8efc2",
    "generated/fifth/0313.json": "b6e8e8d8a1f38b92cc6781a6b457cf6cf938691bb2780d823577dd47aaaabd15",
    "generated/fifth/0314.json": "d3bb3d2dbe59a768141f1ab5dcc43e177650ba7bef56f20a94133653e07573ec",
    "generated/fifth/0315.json": "88c137a56f0ce03de0d413e8c35b9230a7f6b53be6b4b2ad4f7fd87b6663ebbf",
    "generated/fifth/0316.json": "23f6e640dcac12770672467505732c2f5a785c99c490b68f72493948016741f6",
    "generated/fifth/0317.json": "9f700f0b42e5a88f15897396bf4761f4b23a3c803071aab999c09c6f10a8a2bd",
    "generated/fifth/0318.json": "127bf6091717f820b7fa16bc445b6c8de5d9616789eb34824307dbdfaa9132b9",
    "generated/fifth/0319.json": "ad010307efb80b1af6d2f4faf482c576a65712e036e783d408631135bd4b1e20",
    "generated/fifth/0320.json": "bbddc4f53f8c59f907c8603a6c0e0ec39701ec1d9df59911474ba4db3d6e514f",
    "generated/fifth/0321.json": "00f6800dadd254af9db3603af672df4d614effe98fb0879a2d2c0cc6e68c4ea6",
    "generated/fifth/0322.json": "529b327d6c3faee99dffb8836ec5cec9e6d77415a7394eebadc0444fd5c452ce",
    "generated/fifth/0323.json": "25f8858bfcf21c12c7f520214f977d2d665e8bf777df3de937a437037d9f5e0d",
    "generated/fifth/0324.json": "5195d33367462d9f5ee92d1a09050d0951d4be459a8e8bd48a80f9bc27ef12d0",
    "generated/fifth/0325.json": "dd544ca3e3498f459fb6cf36d7b586a1088e24e280b51bfb84a497aa14d04ed5",
    "generated/fifth/0326.json": "d3e57c2874761661e6b8d8a7b71559cfbc950f45d99a7d8b90087da348949b56",
    "generated/fifth/0327.json": "395af545bfb346de8928408adfdc1237f42da6f37ea63a1e2e3073c23b573215",
    "generated/fifth/0328.json": "b87b82acff9181e8ca191029889e04b5a1d5981cdd91d89ae9b059c442c3ecbe",
    "generated/fifth/0329.json": "d22172028a9993952cc385df26806890ae20a6293596e5c952a875ef9867e03b",
    "generated/fifth/0330.json": "2a325bdf2613d1a5efc4a5d9755c98e5081f4de9d1d7321956fe0efc53751f20",
    "generated/fifth/0331.json": "39e94eae29cba028f8ad8a38287f19d9f65e63ad68d075654223355371336a0c",
    "generated/fifth/0332.json": "9473636db3ef2dc274c4bc3ec88ab521964b4bc3734a0ca366064ebee9331a23",
    "generated/fifth/0333.json": "30aeba4ad56d4c95762d0ec248d4ab4d0369f15094af3ffeed7da63694f9a31f",
    "generated/fifth/0334.json": "0f9cd37052d6c55445b483de6912279727292a8ca1b8006b2518ada24bc42528",
    "generated/fifth/0335.json": "344e096bafa8b5af35e109e0f98b317dbede927a7d9ad54aa71bfefcc74169a1",
    "generated/fifth/0336.json": "e9374d82aadc77a5011ee0cf08135251af7536fc6cb7fed7242cc003be1dd160",
    "generated/fifth/0337.json": "98effda27ee71113ecda625421537bd99c0d6f0b1144c8cdd0fe296fa6e28fc9",
    "generated/fifth/0338.json": "1d0f40964dbeee66da9df6a670e1651aff14029ccaab90da8de5d1675cead1ca",
    "generated/fifth/0339.json": "483a1672e67a7d35f6b3de3c52712a8be567a8c147daf9e3c7f1858443e7c3fe",
    "generated/fifth/0340.json": "977bad351aa11e6c765ab25da61afc5863ee85e5379ee0f7b812575cc81d5d00",
    "generated/fifth/0341.json": "ec6638fc9b08791528f584bb94bd14f1f9e08d25fe0240a7270a4ab1b65af752",
    "generated/fifth/0342.json": "0df24858a0ec9a7155fc918f932634b0127ccce89525c88ea2026405eaa6b7ac",
    "generated/fifth/0343.json": "d54f6608959438c0cc6212bf816bd0b4231b3871048f0648a900d78e71f4b15e",
    "generated/fifth/0344.json": "75577b53835bdbcb3ab7bbb860e6fe9935af6864b09d704d9c7c5c71bd89f1fc",
    "generated/fifth/0345.json": "458daa13af0770c96822d7ad2148d92d72d36ffbd0b219d763c77b7a4e73561f",
    "generated/fifth/0346.json": "e4621b4d2c8ef69a95a1d8c9d88f75d2ad5e698076e10e0b8ca1e35c002d00fd",
    "generated/fifth/0347.json": "d1051941650bd0c73c5c278135be79234f3284f1340689cd9fe8028dddeacb99",
    "generated/fifth/0348.json": "5aa32b7666e0a6e1f81734319c73b6d95cabe434a7eea13225a2b533ba527e8f",
    "generated/fifth/0349.json": "dfb819d572db2b0c69a36d2b15ee5ad36ada1b83c75ef9ff2516c4bdbcbe68cd",
    "generated/fifth/0350.json": "344906c383f4bd66b0077da22b3e3bfe7d541fc6573c8cfec01d14883a648849",
    "generated/fifth/0351.json": "1b4c57955cbf1ed4c47cdca11f26de9c12ba649e0a580b9717a68a0df98becb4",
    "generated/fifth/0352.json": "4a00489f8607d6c8d696f89959c046800a7379b7d5df7d217606788643f18ca3",
    "generated/fifth/0353.json": "0ca1f285789da367eed2994292688036ed2be98e5dde1b85a8c137a25aa385a6",
    "generated/fifth/0354.json": "1342ac73a1176de63f132ed8ce44bf3c09a4d799e424629fe3bc2c4c1af0db01",
    "generated/fifth/0355.json": "52b03a030aec9752bf9cc57c08587018227ffea68fe5b03a217d4aa6714565f5",
    "generated/fifth/0356.json": "dfec21545497e3f695a3063362ff6d0fb7603c96e0a79a0a1481858b1b0b67f5",
    "generated/fifth/0357.json": "67146c1c924079ad25cfdc820c7f24de2e33702bf672ebb3f50aab602273821d",
    "generated/fifth/0358.json": "3a9dcaee4b9ff1c5241933bf1cfc0b6d2c249a3a0e769f6a08c206f513466b41",
    "generated/fifth/0359.json": "23fc622bd76554e6ae177cea22f2338e4edd275cb16b556334bf4ee6c5ae8a2d",
    "generated/fifth/0360.json": "ea4b0dabb44bccc3dfdaca487ea614b62e4f25cbf1b74d5a0455db4bf1c96ac4",
    "generated/fifth/0361.json": "b4fab75948f15187fca220c48e8e6bc7184f08ea890e9cc404f8214ec95fcd30",
    "generated/fifth/0362.json": "e5a3ecdcb81a2f5b8e6c11bf6855d2837aff786ce9233a94d2b240961ca54964",
    "generated/fifth/0363.json": "05fea3d4969214484f3899e6c21b50ff8d3fe02328ec6110fbcea05d95bc3b36",
    "generated/fifth/0364.json": "b11175ad668804b33f0159a17bf1db06044bed26822397ce0cac06575bb46edf",
    "generated/fifth/0365.json": "6dc10621fad7dd0c922996472135b583cc33af9369f894c8a41af2fe77596164",
    "generated/fifth/0366.json": "8e17a7c84a1f57135ddf9b3395c916b92213bf6cd0a751d56ff5634304494e06",
    "generated/fifth/0367.json": "e92fb2cc4ac3d17fee81be2c9646fa900497b2075f3faac104a9cd8651914c19",
    "generated/fifth/0368.json": "69b680add86a781ffdcc49ce0c1861fb12d56db372905c505fcc55f6b6295559",
    "generated/fifth/0369.json": "01948c3338303e148419e2ad315b256240178ca6248fc31f0e1234dbf3bba3cd",
    "generated/fifth/0370.json": "be3acf02b17bb840534cfa030f8a25f8772e1848ef3500b04b2087c964dea226",
    "generated/fifth/0371.json": "bf8966be6829ff5c80b774041ec1228301c7ce583de9a5cc1ee1e9759137741d",
    "generated/fifth/0372.json": "847406c9163afdc109caba0c7e1c1585c894c9566715a321b94a09395954b965",
    "generated/fifth/0373.json": "ba67637631b9c5d97d8b8dbc0ed19fa859c96828f11c6291df23b93906aa5dfb",
    "generated/fifth/0374.json": "d768d1fa6910b4dcfbbb78e5f91feb5e4adc63fddfe4a144f026342273509d2f",
    "generated/fifth/0375.json": "2b1814c1e9509b3e344a45c56a22128aa50fca22aead9774a19b44e6da427324",
    "generated/fifth/0376.json": "d00e364c069e42d9db3bb86625c5de07366ef1a02bc78703a2d644bdf9fd8b7e",
    "generated/fifth/0377.json": "3492b7ac860b8f9c0c0fe117c88436639c6bf305331f91e59e6c19d00ad5189b",
    "generated/fifth/0378.json": "0678c4f8bb2f20310d11f417ebd4b1f41864bd56562685b5c26d89fe0c4fdd56",
    "generated/fifth/0379.json": "6e5e11d4f3ffdd5a0a7f448dbd738f244aea8b16dd4e21d0d1e29a959cc3991d",
    "generated/fifth/0380.json": "52452dea07fc5a5b3ea7f466037958d69ffa0ffbf06f6f6bfd0fb7983a8d766c",
    "generated/fifth/0381.json": "d52a124fa0e2daf3c09e1f6e2f7e4ae2c4d7bf9b16837a8f0fc147a638a34068",
    "generated/fifth/0382.json": "352f557afde430148766a2598b7d2f67932fe7bf07943d59a93b9d7e509a24ed",
    "generated/fifth/0383.json": "ab6d73ab384563344492585d4e14e84d58f68af7707f7c58156805059e0aa87d",
    "generated/fifth/0384.json": "cc857ede42c4a1e50f4591ed5235b0576fcc772d632cb2ad2d1d81209307a454",
    "generated/fifth/0385.json": "128106c472bd21e57c64aa55b02c419dc198aaba364d2c6ca143e33c3640c24c",
    "generated/fifth/0386.json": "2744b18ca4207b43fafe7394919af97857b60faf185df53480737e366b11e8bc",
    "generated/fifth/0387.json": "19c93791f0b61290115a350610fc10c96ab85d2d1381867e8699c0820269df63",
    "generated/fifth/0388.json": "02844dba2adc790b4beea30b2c0e63ad748c27ed8aeb1effd2acd7e9b34e8fbf",
    "generated/fifth/0389.json": "3a452bb053a3c84a0eee30ec7119fe0bd88ea714b24122b785fcb6395952ed00",
    "generated/fifth/0390.json": "85937ee31e53f0d2925164454602b62bd628bb4f87d7786e1d5e8d84e9ff0e3f",
    "generated/fifth/0391.json": "65ac79dbebcfcb3df72f4d6639f0bdc075b6f5e7ca15c0a66d119ee2702157be",
    "generated/fifth/0392.json": "478c62b9313aa994419a302b8a3858ac8a543261e5880f8663fc7862313162f1",
    "generated/fifth/0393.json": "136a6861380f61a507e346a26fb2b66010505fa47885688e29af79b9cae4c4c8",
    "generated/fifth/0394.json": "dcc5bdb8402ab51a8023d48aa6f11cb421ee2e1c268f05a7de1c4347f6aa7d8b",
    "generated/fifth/0395.json": "d56d4704cc68a2f4bee6e56ac72a1acf8e80e8fce01816327e8febc68d1906a4",
    "generated/fifth/0396.json": "4562cb62aa046b45e00057d72f6068133ad17dfd4937835fa31ed645da9141c3",
    "generated/fifth/0397.json": "c24a5f614b7983ffba2649819f894834e1fc6893e3e145d2ab60b30b4452a795",
    "generated/fifth/0398.json": "0f9382b374de6a6b06b1cf8421cd9325aaf3117109df94b53d09a4116f01c0df",
    "generated/fifth/0399.json": "e5f148120cdfd5e2adbe643f3ab400f31fa937d11e3ce707bd1f65c376d67225",
    "generated/fifth/0400.json": "d3f911270e600d0eff4974737121c440bc7a701ab273da712c7e75bc60e1ef3a",
    "generated/fifth/0401.json": "b4b578bd154f22658a16833684fe7e0d40138e8ec89c1e8d6f085865ae0fc81e",
    "generated/fifth/0402.json": "9c3afc051fd30afc75878a2948d2fb8d9f4bb978cb33d7772592d6af050c53e2",
    "generated/fifth/0403.json": "869600c1aa427dedaca6d8f14981805ed1b527ecb132136f6a716c56e980314d",
    "generated/fifth/0404.json": "b3a2bc936520d61055a21a433e0c27e0997f5d7a9bd0c73bee62d33c8bac9e2c",
    "generated/fifth/0405.json": "a631094aa2112aa80d9b896bcf91d61747be4468de3fa6eaede36563c6edb182",
    "generated/fifth/0406.json": "88c31e986f3d5535fdcd6e4ec052116ab6bb32911bc2fb2b1bef01d2d8e37c87",
    "generated/fifth/0407.json": "5110647960c22ca8879338bfba684270042b42a532caa68fc2c27b0df4a4dfb0",
    "generated/fifth/0408.json": "c038e63de885a097f120ae6a94abbd0ce4735dba222f365bd57bc3ea54624fae",
    "generated/fifth/0409.json": "ad1e0fc35e93849ae6f3467c55730b59fa84082f9780217e5f0782d025840afc",
    "generated/fifth/0410.json": "8d3a305763e6c003b9ad83528ec97422ac816b0c18688c0bbb0367a650295d56",
    "generated/fifth/0411.json": "026d0fc9080eb90e3e4272cb12072b7ccda5f50107ed918cb525599445f75b36",
    "generated/fifth/0412.json": "d339dfcc3333952f3052d1a5d63ce3cd30502541553a4d90c2986cf1b2c362eb",
    "generated/fifth/0413.json": "8469d3254ce6b9422f1dd084f4e2011318200202d482213474630461c080943e",
    "generated/fifth/0414.json": "a1b5b6d34706d9d538ff74a283dff2f8253e017554f897ad0ee624cbfd27ff8a",
    "generated/fifth/0415.json": "4ae45b1b455ee021c03395a1379b738507cd368d0fd5156ecf7d23ffb2028648",
    "generated/fifth/0416.json": "317f0043e8c3c70e3871dd0626c130435c7c4c2e8f1601af35329155d027d5ad",
    "generated/fifth/0417.json": "8100ab16665d75a6dfaa1c8d1c42bcadd2538622257536cb8bb143e53ff95279",
    "generated/fifth/0418.json": "aa8b0d845ea52d76d01718693d4243febb86b83eb49333d35a6ea2b8f32879bc",
    "generated/fifth/0419.json": "809fc0a25b5d2e2686a5369886ccd2762f984f58c2677689d76ca953bd07fabc",
    "generated/fifth/0420.json": "2d77177f1172f82b486ff072c87ff377a10966d7effd37373a5f5f52e196cb40",
    "generated/fifth/0421.json": "d04e075631506823fc8c1fa9241b2cf6bc76f8deec0770a4e9630187bdb3bee6",
    "generated/fifth/0422.json": "74e8a509e44fe925c995761fbdbdc4aebde93b3225287c363546c1f0da0516ae",
    "generated/fifth/0423.json": "0b80521818f13f9ff082b0274f53dd91297e6b8800ecfba0b5e0c161cb4e1a97",
    "generated/fifth/0424.json": "8c8b89e39201e5a7556f289db41a6e3f30659e825ee16bf8c1815fad4f4cba5f",
    "generated/fifth/0425.json": "5c4596790cf90d98db1adf0f944a8260345a61fa1c6842f88e1aa30f8a28bd5b",
    "generated/fifth/0426.json": "3b51be194463d2d41e7d665f4e60127e2ac07fa36d6fa6ec23a500a86457cf39",
    "generated/fifth/0427.json": "28f6c59d94239d17a2a2d6776e8c48b45afe3edc18c32abf700f9967fc5bb6fb",
    "generated/fifth/0428.json": "eea3b36bc7e3aba123f6110117cb0e1a088a9c3b4dacb9f8294c9ba8f739a6d5",
    "generated/fifth/0429.json": "b2fc097624bd50539057c29026c2562cef2a037508d384789499fabdaf549aa8",
    "generated/fifth/0430.json": "7fdd5b523e5b9610da0d2a06da9b925907dc86ba88bb35ccfc465dea050d296f",
    "generated/fifth/0431.json": "71e56bc6b207eaa69e2921b4aab13cb2f0b03164063627a663a62450c2fe7c1e",
    "generated/fifth/0432.json": "40fb45dce4f4d1a02ecfba84ecf5b0ac885357d145eb53eaed09de031117dab4",
    "generated/fifth/0433.json": "4b97823c156c773b77411909c290eb604bc54aa9664a51423d19c045f187024f",
    "generated/fifth/0434.json": "560af651e57456a509bff1c97ad6fbc28b0f9eb5afcc01c7e5194ed204e3634f",
    "generated/fifth/0435.json": "8e706039a6951eade6080734c4073d528c3d177500a0b6b31f77857c25104185",
    "generated/fifth/0436.json": "bad678160cca7c2847594f82fac5ef220fd91025cd071b7226622baa83bd06c8",
    "generated/fifth/0437.json": "ca94c966bfb473a221cc6ccd2bee2bfe921326b6616b2b374ea44fb5dd9c8ce2",
    "generated/fifth/0438.json": "7783e864f0b4b0aa2ac50890226735ec6c364cc9414aa1e5bc17f674141bb501",
    "generated/fifth/0439.json": "86c2e81dae0e55eb4f28bffe47f883c770d647df57ae81f4ec6a5ce5104ace4b",
    "generated/fifth/0440.json": "564cc701c8f4802db01cf57d352dbc2ee6797eece99386119d641cc32977f944",
    "generated/fifth/0441.json": "249743538ac5bcc0b3b859545cc3cf16b732b1610b50bcc8b808c8fc4919631e",
    "generated/fifth/0442.json": "774e14bcdaef852f5f0ab3c565296d49e183408bf7ea909bfefda1c70a32cc3a",
    "generated/fifth/0443.json": "39931b84ba77b18bd271d77934941a7a5b0d4831173eb2a0376c7a48beb77032",
    "generated/fifth/0444.json": "25e4c437a961f6f9276433aef5d95d45c1489edef2dfefab155cd2a48d871b6b",
    "generated/fifth/0445.json": "984a5ff85d93345166f1e82a1c30335793efd69cfbbfd5aa4b8b619395caab88",
    "generated/fifth/0446.json": "673ee530d2e323db6062f8b8b8835af9d56e142a222d71383624289110943c0d",
    "generated/fifth/0447.json": "1f67d2ff76e99ef4ce1d6626ab3677bd069c9a1923afdd2b527e6b4b047f18b3",
    "generated/fifth/0448.json": "5dc9d02507ff7e6e7c0324e08ba0525b334df438cecd2d75e3f238d527ecf0d2",
    "generated/fifth/0449.json": "527058d4d4e13d5912c321e065294edf40332afd0cf633139804a937ae07e90c",
    "generated/fifth/0450.json": "edc56934c86141463319684354bc9105c27d9c37d4d6f512383a58b21612db65",
    "generated/fifth/0451.json": "2fdb046daadf7187faf64f32bfc91ea2c2210baf145ef6cb0780ac945e7f2ca8",
    "generated/fifth/0452.json": "a032911787686ff7ba73049736d0c40fcf20fc6d135b50d679219fc99782eb29",
    "generated/fifth/0453.json": "1192bf47209421e466ddb887f13a5778ba5b420d241935a23be18b0a5fd4c165",
    "generated/fifth/0454.json": "4e89bc99e08db84a5166f407ab7e68b3f8403d68cc0889e4c5a3026cc14616c7",
    "generated/fifth/0455.json": "075509150d5b9c2f15d9cb86563164316be14477aee6341aa077fae3c930bfd8",
    "generated/fifth/0456.json": "d42d919a782644313e6091f356f12fea7bcbad49003ccb563ea277cff4a0d637",
    "generated/fifth/0457.json": "ecaf882083626e4cd408f7559517c2431cd0305a0021b443613f22b0d49cdf64",
    "generated/fifth/0458.json": "a5a1812a2d52ca51208136ab5b94cef897b7b10f4740f6a33670b6bcd651338f",
    "generated/fifth/0459.json": "4165cd21c17c5fb9933bdd0ed30a6ff9bf1bfc112a3738e2a24d2008f0acc205",
    "generated/fifth/0460.json": "84e69de9b8f05217e92315fadaced2b966fc71be3be501ff9ce1a8f89e25c791",
    "generated/fifth/0461.json": "531369ab4a663eab1b493e2caebbe1ec91a3371c6d4e3c4c79ab21671fbc2c84",
    "generated/fifth/0462.json": "71a0e75b49cc19ffd53019e9a49355be5e32da1caa6168752794676c8742027a",
    "generated/fifth/0463.json": "c3c3184e8f56ffd373ca3686728cfd35ed6aaf9d3053f727a20e0c5e0e1385fb",
    "generated/fifth/0464.json": "6abbcaeedc5df62e79dac89dcdacd7b9de7c927d608ff0020f9d16fab8fa43ef",
    "generated/fifth/0465.json": "8c3520af296399f6adb3a977304b47d9603aec1963202049385724b268eddf3d",
    "generated/fifth/0466.json": "650c7d0ef555bcf6afdf2ce7bb79bd0c2682effb6aac9666987c3f7fc2832bca",
    "generated/fifth/0467.json": "8d56b14bddedf3690fc20f647127f028d5be1d8453e83b3e16ae94d587f2f738",
    "generated/fifth/0468.json": "bfebd33d325fae8516b75b91e42cd6ea0dab557a029456cb6b5474060b0ab32a",
    "generated/fifth/0469.json": "d3167f33b90d314c8dcc3ba2c1a250485bbac9724b24d7aee4d4e3e06acd0cc3",
    "generated/fifth/0470.json": "eb6cb2a3ad40af870d9c0a2da09e68c1187fba085e5240eea5e6bbf7d60083f0",
    "generated/fifth/0471.json": "f0c91afe9179cd623cb26c62b1eec60da33718b32761cfe25066ee342cab50d1",
    "generated/fifth/0472.json": "dae3721a34efdcc1f8b180b7e6080b957efe0991854781f0b61e661ae27a44ec",
    "generated/fifth/0473.json": "58edf71406ab427d7d7dac90cd7d0c1e41cb765ec91887d0a12d34734ed27a4a",
    "generated/fifth/0474.json": "aa1986fb3115c0c91e346375f0a7e52d455ae088106f301a2844a72187586769",
    "generated/fifth/0475.json": "ddf5d5c5c462b4ceae2d808fe4726428125a952048bf587e43ec9907e259d4a7",
    "generated/fifth/0476.json": "d8f4622ba004808ee37041b8ddacc19c8e60a657e30dfd081d3c4c2e245defee",
    "generated/fifth/0477.json": "2b58fddf6fd425e86d7c2e71f7da7dc959c363d035601f729c327d05395d232d",
    "generated/fifth/0478.json": "69917a9b9735a0295acd5c13454901b0697cc76373ddf06f41c1ed11d6f2ccea",
    "generated/fifth/0479.json": "2569878be53ceb303c11bd5168c34f6b6726f03104b9554a348862b480b3560f",
    "generated/fifth/0480.json": "9e05c5b9a81e5ed0133b080dd7a5298ef13cf55fe61d6bc456184f28a14fd3d1",
    "generated/fifth/0481.json": "04f53c49cf334e39de20a8857baf0c46cefc586285db32cbaee9e84f38c620c1",
    "generated/fifth/0482.json": "d004e76765d967c93168cdb28f8e2b6c083cf189ff059998a89ee5a47fa9c1a3",
    "generated/fifth/0483.json": "6addac055f929ea3db034d4cae9ffe8efbd168f8b40d88bcb2b957f2b459a386",
    "generated/fifth/0484.json": "98f96edcb124a101193c0bfb42fc5356e73cea697f973221a7bbbde643d886b1",
    "generated/fifth/0485.json": "0a9b855d6e916ba292523f6004830aa301b7c464f5bcf88d6daae631c93a8cd4",
    "generated/fifth/0486.json": "c1f0eb50e2b607bfec49a247457a70c55a49580b3307dea23dabd02717f84b4d",
    "generated/fifth/0487.json": "d2658324798b5067da24febd3e9a391a6ae2c8566ee137da4acf85dd46f13640",
    "generated/fifth/0488.json": "068dde3eec830ac6f374793c012c8a0b66d27744ad1efd07cad06ee419491230",
    "generated/fifth/0489.json": "e1945853c47e3ffbf745e710dc25821e1a76d3a6908e9a5f81e4f9c3f376a246",
    "generated/fifth/0490.json": "62cc937f8c9b8cea5a026610c7c12f4680690c5266a8d4ea8ccb1052ace573d8",
    "generated/fifth/0491.json": "5c047dae0ff4ab3436aea0f773441cad7ed5e3730ae2018a4739b36f93e32a50",
    "generated/fifth/0492.json": "c015cf53b34b6a4828c5d462e92df98f0b2b40412e23b7d60bd3baebe61328f1",
    "generated/fifth/0493.json": "0ab182ee1b893225ffaeb010d3b300a3ad9d3654f49bd51a47380f3ff53490b6",
    "generated/fifth/0494.json": "1eb275548237bb67040aa232bd12183569f376ec3130477e97f9fe61e9efd7e6",
    "generated/fifth/0495.json": "ddeac69a1d41ac397c3e86e89650a8925d7f8a836355b4f47fe7a5fb6c3adf1a",
    "generated/fifth/0496.json": "bb35a9792af1733f86494452685999f12fcd841e7a1a58fd0be89fb36978d76f",
    "generated/fifth/0497.json": "f499150ff1e30076f6177dd9d4f0f75ceb13aa4443f56f287835c821a0f0c840",
    "generated/fifth/0498.json": "d2dd03c4010d58521c9939a56a5d23ad165651f331b154a71d700f87f12eabfb",
    "generated/fifth/0499.json": "90bf8bc3ef95baf17fb31fbaf82beec0f6a25be78afb4d2db5e3cbe2db0574d0",
    "generated/fifth/0500.json": "131ddcd668d43ff45aeca10767aaa610d77d586797258f3f8811084b17847789",
    "generated/fifth/0501.json": "11a2c8d2f33e8515bd87fdc2a1920f2188df3e797d396b663c46fc61d199a6b9",
    "generated/fifth/0502.json": "fc1c4c6d888a3507c6ebccb97e1651b28849efdd1af52e980121add2758075dc",
    "generated/fifth/0503.json": "b61d06a86866786c87a87ccefa376b84910dc7befae792b4c0237231e659960e",
    "generated/fifth/0504.json": "3358953aa0d7490f8f535c3a0f8630a36efabc0f760143acc448e9a2ba569ee8",
    "generated/fifth/0505.json": "46e051fb1921a6f625e4c8ca364524c00bc0dc1cad2e64c2f9c689cea8a8f1fd",
    "generated/fifth/0506.json": "99d6511910e61576b9580f3996d94ba63e067c1167d72808438500a51759bd44",
    "generated/fifth/0507.json": "03115e5d7cf21155fc7f4e69bc429ef971f5105d04b2279215b6bcb877ed9435",
    "generated/fifth/0508.json": "af3c65f0fae5dd169c5381433af2bdbf361c48f8d4a609d1e56c89252dc41c99",
    "generated/fifth/0509.json": "57e391617456f2ea67df7d5557b4f7472cb48deede11e0e2eb1923f768030943",
    "generated/fifth/0510.json": "f153db79ee4e7148af3f71c9b805e98aa14a3dc26323458e5474fd641e4340cd",
    "generated/fifth/0511.json": "cdefce9e094c5c484650f70e39a2eb8c9829c159798cbb056ab3e0b26b989c24",
    "generated/fifth/0512.json": "a30ac3a1514b4927e8e2e9c782153208e8a5d47b049afbb03aad141fb949bd5e",
    "generated/fifth/0513.json": "e02f0bb9bf805a1b350695ca3eaac9e03f37a69e1ea0f9ae8989121886874470",
    "generated/fifth/0514.json": "e834f55c476b93817bad9e2f80390440b87e3faf4a4264f7d126f92fd6c308a6",
    "generated/fifth/0515.json": "db1d4dc19ba07744cd351df2dccf0a1988fe2cc5be0acaedf4b58ab23527bba0",
    "generated/fifth/0516.json": "99401ac5e99ac5e5d1b7347e03cdf197449d5961a7daa14304e3bba4aeb7a58f",
    "generated/fifth/0517.json": "0b2c46d830c3b252423906924743d4b65a78fdd84d3aeada6ff93a73eb8dd146",
    "generated/fifth/0518.json": "64a9edf840e3de9fa207a447bf2d609a43cb87c94d0676482965cddc0b7e8340",
    "generated/fifth/0519.json": "013372964174717f5719bb1d346c1bd636b5476c7254a2ac92ea5d91369e1920",
    "generated/fifth/0520.json": "f285e36e223169b6e4faa81f2bb356391c4e72f943da2eee7d6138bb3cf2536d",
    "generated/fifth/0521.json": "a685c96f00567696623af895820f962607b0a632f55ec0f61ac77079b11ec8f4",
    "generated/fifth/0522.json": "708644b1998a5b5fcf8cbae68845c90784cdf5d5f43d10171f6dbb2fad1ee581",
    "generated/fifth/0523.json": "1e1d46809c1bcb7677ad37ed360a8989e194e90be58a25d437ec335cdaa07717",
    "generated/fifth/0524.json": "4815a7781bd09099e49334f044d9a2e220f7fdead7f50a88501b332b34e6a359",
    "generated/fifth/0525.json": "d30dbf6729711e8e250d2a41e7a35490db3888d59fbca8e73fee3d0c788bb259",
    "generated/fifth/0526.json": "d35a1f6680b3503dbd4f968c1ad9880c18b1ea45fec5cf51c820c20b14924ebc",
    "generated/fifth/0527.json": "61b2642a47729c516e4dedb048140794d16be4eaa5560321a88b0685f326ccd9",
    "generated/fifth/0528.json": "7943875b8f23035d57b37a3948c64f1d844fd8dbbe20db6596d68cd01f4b1288",
    "generated/fifth/0529.json": "ecc115898d9a42d2282b476a3a82d6225c1952bdb860c7e00f5c4538843219ea",
    "generated/fifth/0530.json": "d918cb4fb9fce4ed0a50bd5bfb3b6aec0f0d0fc04cf0a64515e8a4a9da51bda7",
    "generated/fifth/0531.json": "b6a1aeb7aae48fdcdce9d3514818ce8a423118da0d729c4d18be695fe7ef252f",
    "generated/fifth/0532.json": "597bec5b3a4baa724f03f768693078b5a8faddbf8b0f09e3cf81a1446598755c",
    "generated/fifth/0533.json": "00de866a68dfdb22918f26fe357053b903e1fde7ddb00558c160e0fff8c474de",
    "generated/fifth/0534.json": "8e8358a0917b736a2ca6a2260d7bb659e43f984f85595886e8ac9dfc44d33cd6",
    "generated/fifth/0535.json": "f324bfbe4570703dc4b687131c22fd350af38b0159cd2740d5598e1096c8ea17",
    "generated/fifth/0536.json": "29d304f6c7e83e01b8bf7d8df784726f046215df03a5227d54f9b1ba8f996667",
    "generated/fifth/0537.json": "3c7fd8087688178ca5d9b846e1796bbecd34ecfdbcf07e90b726be4e2f97822b",
    "generated/fifth/0538.json": "95443e4ac986f3426e285b3b60d0ab1e10784d34662d52b4d94214d5f15f7bb2",
    "generated/fifth/0539.json": "c8d53fe1c973c23f4ab1448528815012478be9ecc7bfb71d21300068ac5ea1c4",
    "generated/fifth/0540.json": "d0334041c286b9dacc4f6b815ce66c22997ea6a09f8b028426effb916384391b",
    "generated/fifth/0541.json": "abb35989d4dac6296b13716bd97a493bd7548ad7ba5037b37246d2d7d6746791",
    "generated/fifth/0542.json": "0f8a563e2a2876f7cb8b65eb474d341f6b7303acef80b3a38dfe20d58eacbd02",
    "generated/fifth/0543.json": "221d1f1477da85435f4090c1e60c8edc4484e86bb67fd366747707d3e64b4cd4",
    "generated/fifth/0544.json": "a4f36c080d306986e4e7162822383d1bea429c65ceb5506979f1e12a0df3bf2f",
    "generated/fifth/0545.json": "d6b3a9d124ed17e0dde03e998b45a2fe5afdcb341ac901835f7d9dc883d6ebd4",
    "generated/fifth/0546.json": "35f2f68cb98b153c4fd80eec925df45e05dab015214a907a1c8df57a8c8d75c3",
    "generated/fifth/0547.json": "db458a68b2510383e33a4d96c59e0d6d60397bbbd9dcef8ca4f1d68ac8efe08a",
    "generated/fifth/0548.json": "d15191f28251fde3d0f71beb7c0ad0b4aa20f5fd9e1278829c0350fdff4acf93",
    "generated/fifth/0549.json": "dd99210861d10314dad62e3a64cdee0c7dc01e0a77c22a0f4f12e88e6dd87326",
    "generated/fifth/0550.json": "38c1379c2a9201bd178f805a935d82868ffc6cd03e10729c650204de75d17daf",
    "generated/fifth/0551.json": "9190db4c8337fe1ed0ee30c2e136ae16cc6082a56ac20114bf5ca3f311b47bdc",
    "generated/fifth/0552.json": "c93c50f1b9efd1b750cc1e25af837377b6db2c8d7dbccef61e7fdfab0c4906b3",
    "generated/fifth/0553.json": "67ea36b146a42a0a63776c8a3b7c0d694f6ec444d3b7355d50bea3d13857eeb1",
    "generated/fifth/0554.json": "54f293d1ddb7f4f765ef11edf43630cfb2be612eccd0c9ec68ed9750bd0b5b1c",
    "generated/fifth/0555.json": "0d0d760675552c5fd803ce031255f13b163d0c0ff5bc5369956c395bf7d9c0e1",
    "generated/fifth/0556.json": "3c183df56c937b4b185943170b22798e777b45cab35dffb2449bf8ecde263d34",
    "generated/fifth/0557.json": "66aee0c78c7b5dc94f2c4f79524e8a6779bb1874cb48e801c006254bac13f399",
    "generated/fifth/0558.json": "c3349556718f0959b3192e6cac23efbd3b339e749ebb119b749eac6e25800874",
    "generated/fifth/0559.json": "532fc51c43de48cf64d7c818ede8432349a3549395e9f08b3a1884a98edc8015",
    "generated/fifth/0560.json": "ec165c096b717c7bfca50deb89df9590f49e47860dc1dba038b5d87cfd5f0646",
    "generated/fifth/0561.json": "653d4472ede983346cdc4e92305bc3a335f4c69fe4f7f958d4b08ab435704635",
    "generated/fifth/0562.json": "300fc55ba8ecd488bc7cab1b8a5bee8db790c1f312462820541d51b9474e96ae",
    "generated/fifth/0563.json": "2f4c660259f21bfb00962a154f7010e86b3f6a0118bfa4bc331642bff2560d8d",
    "generated/fifth/0564.json": "0fe8bf553365a094833817f6faf211308c003e1e4f5923520471a6cd3baba91d",
    "generated/fifth/0565.json": "b2a748847e4347bc4d44823516d84648cf1eb957850e9160f53207b1d6e5fd2b",
    "generated/fifth/0566.json": "6f3139110b146956a29edc4797acf36fa5f60d5dd2c6b9258ebd570a610e4278",
    "generated/fifth/0567.json": "d1f45e775d3d378d860c89c39cf9d6ef2d872d9499589d31a652aac134a04332",
    "generated/fifth/0568.json": "abffd5b1d5e732ce8108101831b278c9cfdef7e9f16404add7a56e4bbea04e24",
    "generated/fifth/0569.json": "a5744da7057dc3f77758f9189482ee6469c60b871eb4d7a719b0a9d499223a9b",
    "generated/fifth/0570.json": "8d2352b0ac027592c6d53f3c15711f30483e4b641bfbb3b36ade96cea10448b3",
    "generated/fifth/0571.json": "d54d64c17dc98126b4e7eb81b52b87a9ad92f1918daea59656fe3cdfb8225188",
    "generated/fifth/0572.json": "1b2ae51194245a8918615695942c3ef950d5d31e8d13e60c227999c6022c6493",
    "generated/fifth/0573.json": "9e9ce7696ba715a74b4c4bc1c4948ccd62e2778e179e9447fb4008468756e2b4",
    "generated/fifth/0574.json": "e62cf1b6c90a0e2e3823fce5bb187c4eb8ed3a3d69276a54566d4fb260121f61",
    "generated/fifth/0575.json": "068a82287b9808ebd98a2e4d0446ab937d044bdeecb183348b798ecee75fc2c9",
    "generated/fifth/0576.json": "2308f678a3bb4e9911dcfd2db226fd36d74544348c3d2c553959aea1a47e6a41",
    "generated/fifth/0577.json": "f9aaf8aaac6695b81e0c978f161c48c32ea8acdf94cbd8b3111bf916cdde2f8c",
    "generated/fifth/0578.json": "201eabe93f9d2dd13b4fb9ee76661809fe6546c2a2b8cf1109f304b9b540a0ae",
    "generated/fifth/0579.json": "961fed46845900fcffb35a177c9bc929321d2966553e53e9f2079cf2a0308c83",
    "generated/fifth/0580.json": "d72f772db32d334ac0d30c5458b3284412e0ff7008bcd76e9f152c4fc958c9e6",
    "generated/fifth/0581.json": "a662cbe0491cb81eb331b726e670aecf345d675f853a3e29940ddc585b9ad2d2",
    "generated/fifth/0582.json": "2b2a9ab4282fd50e799303c06304498929dee57ab80458657b83e8c0a657ed44",
    "generated/fifth/0583.json": "062dfb88060e6f9c06fd20a9be39d981c7d723a5a65d9a7feb96f0f3cbb621fe",
    "generated/fifth/0584.json": "76bc467761847427dfe2aecf4166db299eb2980ef7518fde524b7b382ec79b66",
    "generated/fifth/0585.json": "bbf52978db7a37e8b648fe736e448f06243a6a098534891a659b753854426c2a",
    "generated/fifth/0586.json": "6d329ccf0f5a2a705baf522d9d788e4eaed7a774c9daa01c8063c1b221ed6c27",
    "generated/fifth/0587.json": "d10e93744b1d89a1965c23bc5e219f7a86c6117186b58e71f23a533863bf1545",
    "generated/fifth/0588.json": "6e0c3d7f2e71ef1a24969676236a3a6a0d2eb67d664fec5c58993355a67a2a07",
    "generated/fifth/0589.json": "3e370466cd98b4fa3b747d33c10b8b7dccae91269080345f7120d983239b52e7",
    "generated/fifth/0590.json": "bc84f2e23a5a9f48519cda699a5f523d733eaaa06c2b5ef5823bfe9bf68c664b",
    "generated/fifth/0591.json": "ed70e0ff75431644987d2bb14a00d36295be5b39b24b1f0360d799f0b78cbe7e",
    "generated/fifth/0592.json": "2949226e7531c9ae2ba0b8874bc49e70f9d89c4bd192eb570c37bb04ad54465f",
    "generated/fifth/0593.json": "e7d5f1453b12a48c5fa2878cae1e0616fbcb3941a7e5e69d29580ae4391721f8",
    "generated/fifth/0594.json": "f40c35911b6f11e280599535e9bd7ac7a5234c92e2592d424318c7ab653529fa",
    "generated/fifth/0595.json": "bd23a206715fe146d228ce7840b261863a3f0e4cd12f967fa905ddb08cca33e1",
    "generated/fifth/0596.json": "0adc47c47926d31c7353cb6396d0b0d10f662fea89edcc4c62009ab40a68bbe5",
    "generated/fifth/0597.json": "f13e30da9b6fdc31c7d631ad7cacd01d78a496dc0b87fcc7b8e6d8a312420b9b",
    "generated/fifth/0598.json": "dd44b8667e9e66c7a84903cf9f7ab70cb768f82b468003ce3f34c356741eb17f",
    "generated/fifth/0599.json": "aabb8f616357b47c7b8cdfd7effe08310964a69648be1b6e8b8c35f53b39e23a",
    "generated/fifth/0600.json": "4b782d963f2b941fd2ed66eb1f026feac0f677754471279b32883ca3a25b31d1",
    "generated/fifth/0601.json": "5c63a23344e7272983725808c48c4f57a91d1bd65246f5319fd64d75de6ba970",
    "generated/fifth/0602.json": "ea8154e30da18fd352018b5bce0eb42e6128db58e3e928b4b3d6ee59f55d2545",
    "generated/fifth/0603.json": "5958e6b268e0f3ad1739b50c200d824d7ffd88cfd73a3f5b2ae03c9e55cb3bcd",
    "generated/fifth/0604.json": "65ca8110c15a7de20f941169e0cce4de9299dacf4b55cfdf2572d9bb249db0f4",
    "generated/fifth/0605.json": "5489d89c96421fac60970383e57fb52cef535ad5f88ad19010d67cda27ff17bd",
    "generated/fifth/0606.json": "dfb618235e65c6fca5dedbfae763e6a681c067785f3ea13221d9351eb5f5a418",
    "generated/fifth/0607.json": "3938dfbab615e325a59e0cf6822354f88fd5d3ddc9ea6123a89c29ebedb802b8",
    "generated/fifth/0608.json": "445981770c28c804aa4c8c9b78f4d700e9deb70a2cb3385a296ea3eb8c96db95",
    "generated/fifth/0609.json": "eac91d9752a69ad020127909f2e8348a682da40e3b0b388c6ead6f255586cbf8",
    "generated/fifth/0610.json": "553d55f9392ed32a087fa25e788d0392a971d37d6d1a2524585b9465a17b8015",
    "generated/fifth/0611.json": "7e70b41beddc34ae0e6c6aa61d7a0d6f058a7ca59e51919ca2bba24b2cc9331d",
    "generated/fifth/0612.json": "bd7f1dde929de0d349b6d532cfa43e8260bf5971ff67ad4959ffa1ef02801151",
    "generated/fifth/0613.json": "c2f31671f6bc2c3277cd65ba217ccd7e715b6dbac544a10848aa43439adc587a",
    "generated/fifth/0614.json": "407d9a2bd4d18b7d80790669cd5f1a6294b2f56c504308c9d300b9cef36cd67d",
    "generated/fifth/0615.json": "56ca828363508f87f996a62e4829f2a2a8b58eac7bc8de70fcc53ab68b991e8a",
    "generated/fifth/0616.json": "d9f3850b7140c347651a7e4d7b8201c7c617f73db37743809ebec41c76578fe7",
    "generated/fifth/0617.json": "dc15caf351e8cbb0c3c04796fdda5bbcfa785cf6c95c33293bc025d5b5ed8108",
    "generated/fifth/0618.json": "4c32d33998ccd39ffdc555b4093ac6abc36700342f054b7c62a48c7b6621a921",
    "generated/fifth/0619.json": "1cd7c7dfb0df18a759211a3065f68fc28f25c836ee71379606107e2dd0079a46",
    "generated/fifth/0620.json": "5cb930094da4599e8c1109ef1e555f35420cf8b0608c9fa1a175fed38ccdc606",
    "generated/fifth/0621.json": "f7391b4226f0228e472ad9b66f938b147b693de0c5227761ec30be0bb413167d",
    "generated/fifth/0622.json": "659d38d7eec734b746c1d33688813969590f32eedae49140e777c168fa27242e",
    "generated/fifth/0623.json": "3704127142b315a7585f539e8a8316b0bae308514f55f14cdf998fd566f538bc",
    "generated/fifth/0624.json": "dfd9b0fcade7bd532729052ca6c306fbc73b04dfde879cf8ff5e1181335a34b0",
    "generated/fifth/0625.json": "e9d0dc18eb365287df8768d92b718b85a50284c79f5dde8d47f4e3fc26e78a61",
    "generated/fifth/0626.json": "1c9b0fdc8ccb896094cbabf4eaec4cae819a911864ca22f228f95ac28060fea6",
    "generated/fifth/0627.json": "f41d3a012fb42ba47685e8a2ef4abc1bda991f5dc6709b1f437d725bd10b0385",
    "generated/fifth/0628.json": "bc60a1c331c3bc2b905026221bdd00e164dd56fd7fa0b5c4d9cd518d6def0b5e",
    "generated/fifth/0629.json": "63085bc19e1ad234bf6a01a914eb523ccca93e2ca939b8a56897be9b6989575b",
    "generated/fifth/0630.json": "cb50ac444273f1c6424dbdca08ee3dddd6469caf0ea1fa33206947d846647405",
    "generated/fifth/0631.json": "f4fd1167dfaa4fb9ab5cf2672a03aeddca72f4624ac1688864833c07fcc2a556",
    "generated/fifth/0632.json": "2e042fea039076abf9bde970c0dc337705029f8ee95a92ac84b565834ccbc23b",
    "generated/fifth/0633.json": "994265ba1f683466d9c687c8c6d2d82c9bf28e9347eec84cc5455d03d0707306",
    "generated/fifth/0634.json": "e3d4bbc4ee1db34f196ed687a37e761e84c2ddce187514e2df22c13ecb164093",
    "generated/fifth/0635.json": "ea67fee073783acf5c9055b1964c70dcb29bc37e5bf2bb4a339fd61c9ef56afb",
    "generated/fifth/0636.json": "990ab36ee985c2e87cc949d2261c727f8b764b8cd4d5118d39c1cb0e11e9980b",
    "generated/fifth/0637.json": "c19df147914d8dd947199ea5c27008c24d0b42117b7d688f5a50396bde56bb77",
    "generated/fifth/0638.json": "63fa5879f36a62a744d367235617c4e0c51a17697893e2095616a3fa24733e01",
    "generated/fifth/0639.json": "83d5e1848b69b4157cc28a1528287bf9bc39af5dbc81955cc09d449abf7be02c",
    "generated/fifth/0640.json": "b3405e94d5fdff3130ee9e8d1ceb5e185a9f2a9e66f225abc6d4d41ac5733bb9",
    "generated/fifth/0641.json": "5b8f3a8bb6795b321f4cbb6663bd7979573f9a16a951b6f77e248fbc19ff1e25",
    "generated/fifth/0642.json": "12ff063aab479b4c2ad9fcf9049082555dabf3cef7931a68d4630fe659ccc8bc",
    "generated/fifth/0643.json": "cde788c313491dc151161e56a847dc97916f6447ead54074203ceeb2a3f56533",
    "generated/fifth/0644.json": "54b4f4caac99c19ddde6f5114c4784283726bd530876454032be0979ab078e80",
    "generated/fifth/0645.json": "a57c813334d72d8a29211b425c3b78ca955e57bf003acff6a5a65ba836a0e634",
    "generated/fifth/0646.json": "e05afccffbee79f0c92f5f107c536e852903a0eb2d1fe0e219962b74c5e1b9b8",
    "generated/fifth/0647.json": "a03ace83e25621a5dc8820d6597352940a05a4a5c6669c480b11a392e2774909",
    "generated/fifth/0648.json": "59928def26b8dae7ac9a87d2ac8aafbdaa2581ea450b8803292648c3cedeabd7",
    "generated/fifth/0649.json": "78344963615e42a2bb603bb38ad0e2bb7bc1af925ce4d8541e1821d471713e9e",
    "generated/fifth/0650.json": "3a989e52b7c34b1d9aa2962ed1c8f4d909daf909a31ca5e65212dbd497f1e3ac",
    "generated/fifth/0651.json": "2d2885abaeeaa4a58dc4de5447625cabdc6872cdab18ab21b90c452cc7f210bd",
    "generated/fifth/0652.json": "5088fe4728289e7cd0ab64d68a7f6c3f25ceccabd6096d567e1c4a8b12eb09d7",
    "generated/fifth/0653.json": "9d084b98d77d00f906619dd8779260b7b5f6c730dbd2417d236cdcf7df8a829f",
    "generated/fifth/0654.json": "133abf9012bc97ffaf45f64a04f292b4f5ea510f39c7d8bea56a33bff1616bab",
    "generated/fifth/0655.json": "26e6e34426e47fd7594a4e9614a62f75ca1cfa2ad16ccf37c08192a66719f17a",
    "generated/fifth/0656.json": "dd3c14bbfacd55c928cdc9e798305b62f33f44dbb89c426b3dd92e51e958f2b4",
    "generated/fifth/0657.json": "e2c8b1780e1fecbc2ce7a7664ed2baae56e4dab719d4bd4a363a01cf9e1ad566",
    "generated/fifth/0658.json": "7321d1afb3b8bbb36f3c5bd6ffd29dfdc118fe7a776be3227bdd31c9ad9e4d11",
    "generated/fifth/0659.json": "d43e9ca2bb3f2b622d1497dbbccacf68889047e77c679977c5e693d94249f663",
    "generated/fifth/0660.json": "f7ebd1ed05e8c7449f8208c3852e93d06bee8f1e79e850350be6d8aa7d038ff9",
    "generated/fifth/0661.json": "21b7651cc235ebb5ff0202b2d04247692fcb72dec6afbef2cc2b4c7e1a255dab",
    "generated/fourth_full_audit.json": "e647c246ac91c4d56519a8960bbce8789fff709c14ed1db90ecb3b0a2f8cee4a",
    "generated/geometry_fifth.json": "fe044bd2d48753a42c292eeab23fd5e2a40b40418b265688f24ef7e636806e97",
    "generated/one_plaquette_check.json": "3bea4487946d700fad86c2b64f840d1259d0803eac1d0be9222644132f7b0089",
    "generated/plaquette_response.json": "5d5c28f8b83e7d48fd440c7493a43fdf006967f9456113bd9b6f1cf35e9e771f",
    "generated/quotient/0000.json": "fed45ce3305443f399aaddc70d23d241463c48ac6acd10f1e63384cbb138a052",
    "generated/quotient/0001.json": "9009849cb82c08171b819e163f010e61d488a81fa35e0772e47c6c6b3c99e0de",
    "generated/quotient/0002.json": "a8d23218c227d0a399a246edef9e1188540fe994d6aa382b07c44cf750ef1a4a",
    "generated/quotient/0003.json": "b60affcf6e6932702a20085cbb00ac8e4c0e3e6d5bf09a13ba21f28ea83c0743",
    "generated/quotient/0004.json": "25f260c758899c3b968028f8b488414a3f86412ddeaf99dc90483e42a6fd8155",
    "generated/quotient/0005.json": "c728d53a9ca8ef5e9673f8e9f91aa2e7978339ba1b32de91afb6ea613b5cbb84",
    "generated/quotient/0006.json": "69ab57f11c857d2e1871a6f287ee196ba457c4b3dc4a17e05295fc32d98c9a80",
    "generated/quotient/0007.json": "c5ad4034adb782a6e4ca976e471fd72d236a6a66b6912a711b57cb5efaf7aa66",
    "generated/quotient/0008.json": "b7f7e485b409a3f133ba76e482856f3cf5a0c63a19534f2c18cc197e09b00f22",
    "generated/quotient/0009.json": "f25205785797e39b6b5ab323ec0614c10f0ad7da7bb96651a63766fbae11962c",
    "generated/quotient/0010.json": "fad3a9e9018f3063f3106f2b3fe35ed611b52455429f884141bae1342f725bff",
    "generated/quotient/0011.json": "381265119f013a8bfb72e15081a7dd8265191a839f845dab85c2e9bce2a8adac",
    "generated/quotient/0012.json": "ab83c387c7a5c0f0a087a17873a2858dcffa80cf33fb51e46c166bdc4f0d4dff",
    "generated/quotient/0013.json": "2475bd75507c9abf6d5c73307a6cf8cc1bcabcf76e845041b00a0d7ef9d76ef7",
    "generated/quotient/0014.json": "880b857bae0773d8c355080fd18c1aee61b5cd1d1beb9055e9dba2c30f02c298",
    "generated/quotient/0015.json": "8240b0f12a40ea1fac446749255580136e826d83caaeef54b7ed89ed41ec377f",
    "generated/quotient/0016.json": "4982b7dd3457e064d49dd7d4e814b496a8597b5da88213e8e719c99d1039f05e",
    "generated/quotient/0017.json": "1120dbbd6da3f3e3b12ff6b245026e859e0f9de7fbf37563fee00287ffb67091",
    "generated/quotient/0018.json": "18fdf94cc5903f46de9248b87e758616c91927d953dbe9ec38426cfae31abe7d",
    "generated/quotient/0019.json": "9ccd3ec7faa4003e24670c2218eccb43f8742cd8aa6095e58985d754a64bf05b",
    "generated/quotient/0020.json": "67e70e49002b680fc374bf5aed613de0608dbd1ae4b8206b990f4fe1b1b49e25",
    "generated/quotient/0021.json": "cc5ea0289a77d368f699eb6eda26b39e4bc36365cc0a35ecb2bcb89ad32f9336",
    "generated/quotient/0022.json": "685e1490a7310967831c43b68bcfb615f5f91c66604d7da3a9084043a5e2b717",
    "generated/quotient/0023.json": "35dfa8a1abee21110171d0b8f160a108c12453954e0fcd6b95f149786fab3b0e",
    "generated/quotient/0024.json": "b142b06bb42013e0cd2dc8d14edc250fe0ab26b0a999370ca97f8295ddb51833",
    "generated/quotient/0025.json": "d53d181b6f53a96256d7fa44a564daa7e133c7471054d264710ff450cbb8f74d",
    "generated/quotient/0026.json": "97a92baff467c798c64a1e751531add3930b33db6e1eecc3e71e4e58b39d7690",
    "generated/quotient/0027.json": "5093bda127bf506e737bfdda461e1415c5a882832b1c052b2c4ecfbee20b8043",
    "generated/quotient/0028.json": "9493a3a08800dae0bb1c05ac895156e22c5a481cfb754e6a8ead50a817525b2e",
    "generated/quotient/0029.json": "8f14ddaa58b354589652970851b81c30b905dee69abdcf148b6e45b3fefa645f",
    "generated/quotient/0030.json": "03aff791738013c9ac05f7c38da6fadbde6efdc3b4c6f5f754cda017ec34ae90",
    "generated/quotient/0031.json": "9534a64f645144515bd44e8bb67f06aefc4046580a3b7cbf5f40a60186ae1fac",
    "generated/quotient/0032.json": "7e07f0d95eae41ef6dbe7efaa17c1b0feda0a024f79e7f1e7a4a79faf33cf51c",
    "generated/quotient/0033.json": "d1f6bf2a2b99ceb1be4d71a36e0db682ba732d1e3106d824d6909f1e9b381574",
    "generated/quotient/0034.json": "a159469215e697abc7406c62b08c7cce68ffe12891c1013ce7eda83e6863135f",
    "generated/quotient/0035.json": "34c7a8f217b88697710e6c4467b9896a1dbc45d8b60742df2c1750145411f1b4",
    "generated/quotient/0036.json": "c51f9bf851bf3a28c29443caeef20176296928c3fd95289a95b5916783a38f3a",
    "generated/quotient/0037.json": "20ded81928731ddf34c0e6b588f0161abd90b3fe259c996f803f153b51152465",
    "generated/quotient/0038.json": "3dc0a50c7d8fa5a11fb67556061e85909e4fdb19f2f3e9f0b80e9d2d24f52fc2",
    "generated/quotient/0039.json": "79d0128b65ddedb3129869eec23a858211cc274285c83aaf14f41ab362250f3d",
    "generated/quotient/0040.json": "514483f497fb6f2424e2b23a83bedd3f1b6318a83b0e215c1d91c61885245c94",
    "generated/quotient/0041.json": "df5338bd4c94972210b06057ae853a23772552be4f42082c33dfc7ccc402408b",
    "generated/quotient/0042.json": "917289d24b7be8e1e541c2841cf354bcae8608fb711c95b6b37a0b9cf9bb11c9",
    "generated/quotient/0043.json": "cba0f08cdefcf8959fe33c00d6c63d9b881a09051ef3f69258685bc9eda084cc",
    "generated/quotient/0044.json": "3e6d52515400c7a51c559d28fc6775b7129e1cffcc64ae7f6f510543f9d40b3c",
    "generated/quotient/0045.json": "52e4bbea401ff467b28127f4eef0e662678985b88fbc1316079b342b40bef0b1",
    "generated/quotient/0046.json": "12e23094a7e1d5a9b34399374409d19e75afa2777d3303c0f514e4aad0179949",
    "generated/quotient/0047.json": "44a1589be27465fc543ebfc1c3d74acbb04d253110242e141b0865b90d8f5282",
    "generated/quotient/0048.json": "0f5d069abdd81d1e013847375a3959519aaa3ee86b787f8460ff622a723cd4c5",
    "generated/quotient/0049.json": "5b72449c2be15ad90ed451ad4950471aa78fcdc2b7dc0d2b8262e3916e7f239b",
    "generated/quotient/0050.json": "4b950ab2c6fa931bef2f007f3e87e70d228c7429dfd8e18b957165f8ec3e86a3",
    "generated/quotient/0051.json": "639708c61729a4950e40a3ad5272444ead9f0d3e83b69453fb00a4f19a289089",
    "generated/quotient/0052.json": "45dc2bd4b136d8ca504e39ef0add77a5240152bcc94e61939ebad35e8d6b8f91",
    "generated/quotient/0053.json": "e4afd8fed8c1b7f9bdd0b954ff13fc5e0cbea5b4afa3ac688c503771c3e82f75",
    "generated/quotient/0054.json": "eb2ea12e49e4ea20e8b06b0c410426418b959adcda6ff4359188f952c49ddeda",
    "generated/quotient/0055.json": "0af6253d3de0287b7643017dc2591495bb6b3cf8f0534879d682a94f5f3de7e5",
    "generated/quotient/0056.json": "f6c3949912d67ccc582b9221163f585cd27e03ac3f6cfecda8d3b7117bea2965",
    "generated/quotient/0057.json": "4a18924e30230743ab44a8c679d627ebd0fbe349e37e33f9146893872f80f153",
    "generated/quotient/0058.json": "57048c953d248c3416740d3729d2d43acaaa46e1cd6fd6fc9badc6b15309f6f5",
    "generated/quotient/0059.json": "d0a3f31cd61539370cd00bf36564d82ee731b4c953bab337ab0eba7b95d29658",
    "generated/quotient/0060.json": "0a75663f89307c947ca04726db9db9e3e7cbc7c1beb7a6baf1438bfa18ca7f22",
    "generated/quotient/0061.json": "019f45184925a88aad1f43546e79568716b4039eb839c22b801322cc13f891fa",
    "generated/quotient/0062.json": "eee7913cc18aebd9858ff9d3a01747d6f3c4eaee90268d1df948c943308a38c5",
    "generated/quotient/0063.json": "ac71622788bf2394abc4647c9ac10fa3aa9cb524f88575acbe7c5fbe4d09ad1b",
    "generated/quotient/0064.json": "7991c16757ae073a8705380124054c4a42d5931249f30a8f69ffdb53f1c0861e",
    "generated/quotient/0065.json": "e3ec14c8f7b463776c290628ac2555db1f1864fcc0d5f31ba186264d42347a27",
    "generated/quotient/0066.json": "12e0c55e27c8a182b688c45f03785787f4c2fce8d84ea6cac537ce55ced6b2ba",
    "generated/quotient/0067.json": "cb9ef96afb9a0b8946cf5914796355a37e6377c273caf1333b8bf5402d34e4e3",
    "generated/quotient/0068.json": "308281e998a458699754e8d76678bf70ffbc2f84c15a94bd3ad73e3fb0d215ab",
    "generated/quotient/0069.json": "b028761999a669cff73d2addd79c9f21ff2331e1701ed86a35ba3c348cf3fe96",
    "generated/quotient/0070.json": "42b93cd5370b17af2c8f714fc32a7a9b29d0d07c23d23c4b866d0ecea60eaff3",
    "generated/quotient/0071.json": "f0270bf12cd2619bf8d847ce1163118b28e22a53432945f03c6221990df5c424",
    "generated/quotient/0072.json": "56a35de9a20121d4e245bc8d8d8976c0a5677c80f5da04ccf6dc053ae79927fa",
    "generated/quotient/0073.json": "872d726232c1877da31447641114182536252cc66a55b2be86a157ae3a749fba",
    "generated/quotient/0074.json": "f8bf27716addae320fd389008e1ceda6255c480007958f0842542e23683323ed",
    "generated/quotient/0075.json": "41ddc130294d48a8a6e85477068387d1a2a47e13317cd261f0ad9d0c533d80ba",
    "generated/quotient/0076.json": "9e2aaad1d8b686975a7eb74d168926f08ce3c3d053192fee62248f08cadf28d7",
    "generated/quotient/0077.json": "890af8d0fc16a2d94fe2d7bcad9f16151d884b29bb607b06e0a1c396d0b62c57",
    "generated/quotient/0078.json": "78c3d8858d44066451604fc40645856b81ce65e9cceb19d9416c2af97d37dd5c",
    "generated/quotient/0079.json": "1707ff59523bd006b00c79ee0050fdb8461782e3ffa2c78d103f6490508bf242",
    "generated/quotient/0080.json": "a9c7e9449738dbe41d1095199002df8d638781b38b2d7ac562fc5fddbba6764a",
    "generated/quotient/0081.json": "ad769ca4a868df7bd396fc354cf951e011da67d995d450baf3513d75e5931923",
    "generated/quotient/0082.json": "da8f94256054208744fe85f6bd93d3e1061604d32b0ca9d3a1c3c6fe44fa511c",
    "generated/quotient/0083.json": "76b9470dd66d26d0b0890d57c399318adaef40ae4af54c58cfed640752ebe098",
    "generated/quotient/0084.json": "2123c28a09abe771fd2b1367c373871d8dfa05dc1899a07eabb56d8022333cf3",
    "generated/quotient/0085.json": "24b664ef91ba288ea8e8170ed5ec2d50d8e5812f6ecc409ee04507ad9db45abb",
    "generated/quotient/0086.json": "9a535f23b9911fc9797b581c8bc494eeaf3f3be5f7d543b324158f52221fce13",
    "generated/quotient/0087.json": "b3750121e8b7abadcc1d5021dbca15aa8ff4ee0bd825d53f23a63d68ed391956",
    "generated/quotient/0088.json": "d5a70e44a587ef0e591a676672951c0bd22479129d360f60b49c42278980a54a",
    "generated/quotient/0089.json": "4e39b0e4612b253cd31e9eb1845450e6de0782061976a5dfb441767d689f6c65",
    "generated/quotient/0090.json": "9e5021f2dd39cedd7888335b0d567f92716b6d7f0e960b9db0ec4068f6ac16d4",
    "generated/quotient/0091.json": "a0cd17062a72619efe6279eeab066d4966155a46430ad1bd19e4a13ae239a205",
    "generated/quotient/0092.json": "d7c4e0d5d9be97d0f4431158e479332e4ac666f6f80fd030d805a54b55fa7868",
    "generated/quotient/0093.json": "d38b23fbaeb72f722babef0ffa82f95611d3f4d25bf169700b70ea6a9b0d7215",
    "generated/quotient/0094.json": "f882e2e1754d9b4af11594b3f5bffdcb7d1f4236ca7539669fb6ce8dfc699e0c",
    "generated/quotient/0095.json": "7dae7e9ee184ca0afd4937b95aa91caed4ca2c9cb90016ed763ec0db7e79162e",
    "generated/quotient/0096.json": "927bf6e4a5524d942613b6f05c1a73bb474bccddd08052b314db38922d68063d",
    "generated/quotient/0097.json": "ca8168fb97238241bfb4bc2edffd0b7732a9365acf214c079ecd88becf3b4e68",
    "generated/quotient/0098.json": "2354a470b8faa7945c847289752a7546777d8eff425fcc6a3003b4496d101c24",
    "generated/quotient/0099.json": "0b5a1c45d451dce366a54d277b11a08ff962a4f71b1c5bf9fd7e63babff60f82",
    "generated/quotient/0100.json": "48f0676a662fad579c3eb47ce31e9d548c7592482b394197c9b44f011c18ad0e",
    "generated/quotient/0101.json": "be9dbf14f41894849ec0ea0510f51075867c54ec5bf023b69bab4073f6e4ed39",
    "generated/quotient/0102.json": "0904ab544ca922c496401422d82bc38827a536de711e03891ef2c41250283b7a",
    "generated/quotient/0103.json": "01fef8ab8f194726ccbdbe5cd16cee864c134780af00476d3cb3a64865767740",
    "generated/quotient/0104.json": "5a8155e26ea1bd55be14de40848b8a3f7f3e68763a50319127c73ba68623b9fb",
    "generated/quotient/0105.json": "de7dce6d6d799a1b98ccda82f2a13dce80a71e88f56e1bdd5697d1f43b8b850a",
    "generated/quotient/0106.json": "b982e2cf66e79ffee790407b27aeebf9acb838140537acb465ccac3e565500dd",
    "generated/quotient/0107.json": "431a0616df4d8bc68f2db40f3692725d9edb4115d4d119d2febcd30203833703",
    "generated/quotient/0108.json": "456d660f2ea4a60cc8d1f0711f2b62d5f183c669d59ad5a0b37778058653daf7",
    "generated/quotient/0109.json": "0b4df46e4e39c5d0593f569ef98b071f8200ab9b56277332cd123fc19dcad326",
    "generated/quotient/0110.json": "64acce4eca4c7f485a94717398feb53296a78c86b6c8689d02625026633446d7",
    "generated/quotient/0111.json": "7b9c0e1e258d011bc3d6515135d7878e75daeee21b4420e312d0dc484883c34e",
    "generated/quotient/0112.json": "6277007ffdeb9e2bca9ab341c66eca7705a3c219258920e8cfb0a88d21e7df5d",
    "generated/quotient/0113.json": "41d46e27100bbbb13ca7702c9560863d25775543877a1b7e504d731549deac18",
    "generated/quotient/0114.json": "6990079aee8b98197194cd3da5c262eda78fed3d4e78ff3ebc58d461c0f7fd4c",
    "generated/quotient/0115.json": "7ea8e3e009e0264a5d7467c0d36b651ef2017cc8188913f4309350494ff41795",
    "generated/quotient/0116.json": "819528c7f43d8041958b858bf3758f8238ebd7bdb8336b9af502997fef6cc84a",
    "generated/quotient/0117.json": "2e3bc15307ad20b43a4e1bb43ad39655f3ab55524deb27c9bf352123f4e3d742",
    "generated/quotient/0118.json": "9c9a3a941876f6e26332c2917dd428cf8bced3446b78e648898eafa4b2527573",
    "generated/quotient/0119.json": "d8c5b9da86e775443202d30c6dd185839d3f51b4d1d835e182464e0bc427e28d",
    "generated/quotient/0120.json": "c67ddac7061de2fb9f0be847a1c23db4a85914ecb639b01f57be0b44b4106b75",
    "generated/quotient/0121.json": "1414cd0807fec8c983b265825b5da4d0f70f8fc6a71681c98e162649b74d9144",
    "generated/quotient/0122.json": "decd8a4e796b6279cc05e8a182ac78af5f81dc8e77ded0c913cf6fa96213b3e9",
    "generated/quotient/0123.json": "814189e410e66b6d4189f257953399ed7aa3f16baa3a0409fc5bdb74947bbc06",
    "generated/quotient/0124.json": "478be06be314ce7b44a337d512e166091afc0f598b63cf26876003b250ffb03c",
    "generated/quotient/0125.json": "753483348e17df469691134a58550e91c870e7db112283add0c1c4c5f3797a1e",
    "generated/quotient/0126.json": "c2e1692f548f2c917885c081e04c1b28174c345736c78c94532bdec73e871129",
    "generated/quotient/0127.json": "3b35b7a2e74b5a391f40bdf6d828d236fd5fd52e65aa3540de28c4e27609b661",
    "generated/quotient/0128.json": "bf9f59f08aba508d3f651821880b4dff03d9a0d08d5252e250ff6197280d4a44",
    "generated/quotient/0129.json": "4eab28d90b98de512a2e4503240bbbe252862db567c2463aefb2f91ae2bad27e",
    "generated/quotient/0130.json": "f6a77d427e4c4967e013681d5733ed0db504f8e87d6af989602aa663096a4ab7",
    "generated/quotient/0131.json": "3c7426a583804302c63370cda480e29f4b0d42be77201b1be97d024611fe3d61",
    "generated/quotient/0132.json": "155d85b97007165c96a8df93cd77dbde133cbe4e60daa2481eb956245f862d33",
    "generated/quotient/0133.json": "6b33c1e06d3c5672f40176f7eb9dd827c6053890d262406a087aade786204a50",
    "generated/quotient/0134.json": "d4f2bdf250c32962699bba0a1340f2269600e4649bb5b2f161627bb90b7a3fb9",
    "generated/quotient/0135.json": "483d42ea0408fe9ea98878b774f49edb8e50512e6a27a454a52bfe7b4ddc1772",
    "generated/quotient/0136.json": "a8c1ea85196aefac606b4dc487abcbc1c0a62ab851f97155e8ae1fe881db1d09",
    "generated/quotient/0137.json": "55837926972b496fc71121d71fd8926947e37f42d40db0b5de6caeb885cb0a9c",
    "generated/quotient/0138.json": "c5f91d01cc5c6c627d0433c9f6580df1062337986465378f5f1af2931f64de11",
    "generated/quotient/0139.json": "cefa40f444451e2dc62d130a105f80a17abbc20beb47cf4144bcdc584481fb58",
    "generated/quotient/0140.json": "e100ec0f87dd4500964189b18277ca32bf550e9a8d53164904215cc1fee1c28d",
    "generated/quotient/0141.json": "d86f5c941d91f2cd6b8b57cdd80a0737ff77c921c303ada428f89b812194d8fe",
    "generated/quotient/0142.json": "0e358737844e2cad0a02cdbfdc237cb35459847e63314e99de5823d991f13da6",
    "generated/quotient/0143.json": "d0ccbc2fc6f415876b2f10bd6934bf5fc7f64d6f4559e0bec60c1f9e14001e94",
    "generated/quotient/0144.json": "1feb68fd35910122563314ab2784692e1f73977b865da54ff167d9445cfa7419",
    "generated/quotient/0145.json": "50a1d366202f664b8452e213d742455cd9beae5a4426bd9b47b785bbf7790d27",
    "generated/quotient/0146.json": "58bcce406bacdc83e114610ffc74ea2c1f8cf9623df5e6891970460eaaaeb08e",
    "generated/quotient/0147.json": "d0498fb886b81a779dbf072cda04531c44014ac7c43d491d2fbdd9efa4bddce2",
    "generated/quotient/0148.json": "03aa54603bf6f304f4fb9069e7da39e900525ca1bc0853cbc13dbd0a78ffd209",
    "generated/quotient/0149.json": "bb39c1fe305c79fdcc0a17bb86efcb463095b5ac2255c284c415b83774ee5bfa",
    "generated/quotient/0150.json": "724b0774b26b694ea346f0f7697ae1d325003e1dfd30b454f65eada65e0f2d15",
    "generated/quotient/0151.json": "fdfff09100c2397a24a7b25cecb5e087d284909596a40273624a9b8f9f3e6053",
    "generated/quotient/0152.json": "352cb76e6a9fe2afec822304860af93356d9806252b9cf0392afea8f9cad4f81",
    "generated/quotient/0153.json": "698fcbc6c3e531d0d9d0e01a4f4e66a2dacb8fbeeb2d1bb0015ecde8629bf193",
    "generated/quotient/0154.json": "d8d0e75f1583b89bf9a2458322e46c99593fbcd74fe5e7edfa678867f6b2c6e0",
    "generated/quotient/0155.json": "f0d5abaf26d32e5a7448e9034aea44e5e3c84ec38c675dc2d0700bccdb9320dc",
    "generated/quotient/0156.json": "858ed07ae316532cb4447975d1b83e5e365108fb1788dd18ca189bd87d65476e",
    "generated/quotient/0157.json": "70aae0e6661cea45a97b3e1b662042fea029d5f86e6a6fdbd86d58469cfa0d41",
    "generated/quotient/0158.json": "803697943eab36339d323d2d005c087256a940a5e544eb36b0c39229647d7fe8",
    "generated/quotient/0159.json": "fdeeb82b4aedbc07f44a7243de146a7beae5043b9fbd08f90119a1941098ec64",
    "generated/quotient/0160.json": "cb9da75914a93350b73a7d8c80d4d28a61578ff10151019280b32d9d935c44b5",
    "generated/quotient/0161.json": "d60e62d9761937018e4a2ec40a8ed7b22d4f6a86ba396187966db415819d49a2",
    "generated/quotient/0162.json": "785998df5561c719046fea3fc4aa82f234edb5b172a3d39a8eac5e6497174a45",
    "generated/quotient/0163.json": "5bcdccd55ed0b4a52eda0c3a57b14085d428ab187765b73a836219d11808de9d",
    "generated/quotient/0164.json": "9778ebc4a8392460b2b7a60a238f49206a6390cc0b714c2fc43cde8e5c13e46d",
    "generated/quotient/0165.json": "4392cc106acb5ea822554df0b738fc5a6eae997fd7f370c642d724525a66eec3",
    "generated/quotient/0166.json": "60d67c4f6496c2ff68032c03a55e20bb25dfab052e734847d485fae2b0c9d682",
    "generated/quotient/0167.json": "3df79e0b0436a342cc5b9efacc70f03b5cde5fd190d892f924a7713526905658",
    "generated/quotient/0168.json": "527cb0996c63ba63ba503c74877e3b10c4d8f235823b374d74975f8befa82622",
    "generated/quotient/0169.json": "c2cbb9eae239712d8ebfc64ecdda668a83ef4ce9287180e5c6b9ffb82196fe6a",
    "generated/quotient/0170.json": "e5ca8b340571c45f8ee8bb0db4444c4254a2e532011f163c5bd18550f3d400cd",
    "generated/quotient/0171.json": "aac82084d6c2eef19cc41e87044ed4988c3bd5db06bf087385ea9c6db4c3ea3c",
    "generated/quotient/0172.json": "4167b5277ac67e7c6110c0d0acd0b076301b5948b2bd90ca106c945ed64963cf",
    "generated/quotient/0173.json": "13b10ffbc32665a4149377bc04e750aba1f9469436f133f9e860da7b6c1f0b9a",
    "generated/quotient/0174.json": "61cffd8f52a0336f1c51808393e2167852828160f4fa1b335b1dcb1cabee7891",
    "generated/quotient/0175.json": "9bf03bfc8db969a45435eb3d96489a5fc1e8c0b1c5bdb46142d17f0c5a8088ce",
    "generated/quotient/0176.json": "52e05d7b338158c2afcafaeeb257eb18b4085619a84f6bf79611a2d3375e0df7",
    "generated/quotient/0177.json": "d557345ca29e8063358dbe4247b72b426e410d83bdc438dfc32fe7cc386f40dd",
    "generated/quotient/0178.json": "77a400d85aee919451d68137b90217f9e4aff3b455b56749fd3870553eea9832",
    "generated/quotient/0179.json": "d3a262ef69e918ff7d15f913c5344d8737681ab55ca60d2409b49990e31508d2",
    "generated/quotient/0180.json": "d9c5384b033b477e3482dc260f86779268b86681cfe843e44a6ec10ee8571804",
    "generated/quotient/0181.json": "3f744bd88edd22fb21efea2d44fac0f4892a49ed53cbf3494e7795e679d70194",
    "generated/quotient/0182.json": "1d0bdba7c79ab9eebbd8527f72b8e54c6d2d90492eae69c7a5e945a137449f37",
    "generated/quotient/0183.json": "dbec2172947d305a154190241a0806204f1f034716aa1f43c9c7992303623640",
    "generated/quotient/0184.json": "7773421bb113ee1aa96b977dc1a4f6afaba4befea18ee0f0d592ad9bc8c7d77d",
    "generated/quotient/0185.json": "cc09ea1d7d8aad8dfed415321d0bf8b9e0262a1feed60ca10d93270870de75ff",
    "generated/quotient/0186.json": "87f9afb015ae02e6d6899b0b9cd82c1bafe0ea060b8bd5a464ab94d2366ab44c",
    "generated/quotient/0187.json": "bf4031f9963f90102476c2c5a60874c86f22197a6cb9f8118e21ce4142dae79f",
    "generated/quotient/0188.json": "c48a27ba58a1ddd2e8c2d47c12ee9dd44198f8c6496ef0216664ba8d6d00145e",
    "generated/quotient/0189.json": "9cdd89a3ffe5c1ee183bd58ffb05b79196382c87fda1ba6a191cdf0b620b1454",
    "generated/quotient/0190.json": "c875509bc4336b6f1e5019fb66fec3970ed5112e743fd198dea95a27f4daacb8",
    "generated/quotient/0191.json": "3f626f7dd23407da8de6b5160e4195b5563e8ba60e9acfc270b94b91e2d6514e",
    "generated/quotient/0192.json": "8381244ccf74f87e863329826e549d5b1d66b1fd21bc60845c5ffb28eda0cade",
    "generated/quotient/0193.json": "fd817bb3c4e348ce34a82d5c4b2861babc9cddbc8d9ba38ac46eba138157b295",
    "generated/quotient/0194.json": "d328aee20a207e87b948cb5d0c69877f5e1b5d04f5ea1742d7c4d13b40104bcf",
    "generated/quotient/0195.json": "8dc2418fc5a5cd29f57cd8d88856dd48d90b9ef4b1fb395ae81937e5ad901e5b",
    "generated/quotient/0196.json": "111d2897a46d6b6f3aa6a65ead9ef46004d53fbdcb39b2225e1828b57423b993",
    "generated/quotient/0197.json": "a027e4d94bf65d12a0da245bff7e12dd2520dc5b91d889e564ae51abf653381d",
    "generated/quotient/0198.json": "f7d0d34ad5d925d638a9b4c95237453be89972f0a48775fe0c3615e9ac163c1d",
    "generated/quotient/0199.json": "e6de71929ad4403edabc37d2cb7d60b19822d10674ed5c044c0c02e2d6d9d80f",
    "generated/quotient/0200.json": "7e531a5d9087a7a349ff33ae1826e3456a67d3eacf15fd2936142778c545b2b4",
    "generated/quotient/0201.json": "b2db5f73dc9beab95116c80140d453ae3d10d011fc4d18fadd66e8f91d397273",
    "generated/quotient/0202.json": "8d14bfb5cc63d5e694f7e85bd88d55aede2eb0ee099a66f7255faf9576c41351",
    "generated/quotient/0203.json": "e411ad43903ccb2e384d96a7378f30ee949bea03760f149fc2d767baaffadf17",
    "generated/quotient/0204.json": "f077bb8e0f9ea28c9eacc821584cc08290acb2b3dcd7167fdcbf5363dc9fc176",
    "generated/quotient/0205.json": "69aaafb7f60dc4eb289d04c255279c4aaefdb654febd5a2fc0d7ded8944be2a4",
    "generated/quotient/0206.json": "0139948987ac6820666e7af28441e73c390673679bd3ad19120300a78ffe3be7",
    "generated/quotient/0207.json": "ec33619f6c8e01655345460ec726490416c194ab96b74be3da5d75bddf0609ea",
    "generated/quotient/0208.json": "3265e6efd5cb62c3b2537a1b49936be79fe7e37da9f33551f9932ef2df5daa52",
    "generated/quotient/0209.json": "cc6b41378a25fe0a3c671b56185c50bd51df174acba3f08ba36cda8ea0e5bc27",
    "generated/quotient/0210.json": "84bee395279ecd0b2ccac2d04f9f0748d29926da23f04e59243b8ed2c7738524",
    "generated/quotient/0211.json": "2cf7787252a7bdba5533f97b834c02d12a3121da89f745264a7032b3cc2c250e",
    "generated/quotient/0212.json": "92075d50860b2703686ea3f5d078f40b9f127d559318c914209257fc779f2668",
    "generated/quotient/0213.json": "f3cf5d37a4ba28e48dc4ff35dd25d2a22e2b9aa0d8e029e8879a9d920305357d",
    "generated/quotient/0214.json": "97f6d245af5e435091a996067c500259e3a92708f241296e3f3bc021a1e82ce2",
    "generated/quotient/0215.json": "51e45d961369a4b58054451fefe043c51c7e2674c2a250719bc2e52f4e3c48d4",
    "generated/quotient/0216.json": "76a37991ce5f9fc1c1d3c5893e9e94e44c003a90329a868530d5723183c1e663",
    "generated/quotient/0217.json": "67637804e668fe04c5be4def9d1037ef5df67cf3e539874d279a3084edcb9aaf",
    "generated/quotient/0218.json": "c84c3f393c8a353bfe7f25b89af89097c4c1d8f36f7382adb5228975f684ee21",
    "generated/quotient/0219.json": "e5f043cddee754f8f6d86322dd04ad8cf2ce4a8bae39a67aee1223dc97746e88",
    "generated/quotient/0220.json": "9c73434c05f3be0157289958e31a63e6a4fb071d6a63238753d15088bda43b0d",
    "generated/quotient/0221.json": "79a25a2bbc6bbe77cb0310564e11b41cb000520937490e70e15f64badfa53d68",
    "generated/quotient/0222.json": "850b331187717802f8ea4ab1e8fa7cf418ade80756523d2350d504eb9b9406b2",
    "generated/quotient/0223.json": "3b60445f6a2a1e564b5e4c5cea311ec180047d6a9af25c9cc626fb64af8b3e62",
    "generated/quotient/0224.json": "289a00fbb8e7af548221b8c6b9697d72c7041c2953aafd0461574ee42efa6bbe",
    "generated/quotient/0225.json": "31399a5c1037d25522f807cc4acd3a845806a5a2837a80bc6ad5ad4b435d3c19",
    "generated/quotient/0226.json": "78718a22bf415f10db2efa67e8b07a36a3221c54bf76d23583956af1be8b38e3",
    "generated/quotient/0227.json": "3f5a448a40d0ff72bcd851b0b5c014395d2f0778fd59d60943797634e3eb0d32",
    "generated/quotient/0228.json": "d90a04c3b061cae31c84b9aa1e7a92c8f32d54faaa7dae30859bde6cd2c878cf",
    "generated/quotient/0229.json": "e67987a8df01ca458c71267674f2a7444f0c2deb3f8bb997b30d403fd2a7831a",
    "generated/quotient/0230.json": "41036fa128c8aa84fb6668561b0fd67ecd7992d62b012b2d6da46102434daadd",
    "generated/quotient/0231.json": "e73850377956e6f15612562379a6c71c4524003e416a75ee58d19f7ad9f0bb7b",
    "generated/quotient/0232.json": "1a70ad4814c4ca101e07449cee1164b88b3025c9c0ee3a559e5e6a713cc18cf6",
    "generated/quotient/0233.json": "09114ed009bd437951808e657d5d5954dd297b1385b5077fe2b93d7d9fa63869",
    "generated/quotient/0234.json": "cd3727ce9ed71fcc4e513bec4a7ef5b3dc7de0313ae7198e7616cb183879b046",
    "generated/quotient/0235.json": "cc5010e94279201fd828b9f20966ef5ed9244aaf5b0db55c96371335394e9a5b",
    "generated/quotient/0236.json": "ab9ed91a72ffe51ea79ebcaefcf555bbe4b2c46b094cb616d51e7283e40d4f16",
    "generated/quotient/0237.json": "e82fb1d0a3b58c3e4213ba5d6b4decd213dbee831028f52faa91f22ad1bbd8d2",
    "generated/quotient/0238.json": "215f0ad3617f83911fd63d9441e2206a9c14395d6237dce3f50bce41f3a47544",
    "generated/quotient/0239.json": "d61d283349842719e780093a2a984b63d670fe2e66233aeeda5b846dd6dac887",
    "generated/quotient/0240.json": "6b524274fd6b5ade5166727aac2b4822198cea7887a78852fb19b49525f8e85d",
    "generated/quotient/0241.json": "d6463f880ae1cb6cd7f73f556a7227b5545df627c6e92d7004229010e4f26963",
    "generated/quotient/0242.json": "774864cb4044e002c80308ff781e47a4d0b47c311a79891c50931444110d0536",
    "generated/quotient/0243.json": "fc38d2fe812cc574178736cdb329e90a62b60d90f419e5251de5ce73c30fe56e",
    "generated/quotient/0244.json": "40c28d2fef2fd933baaa6c42af2701bcdbf36a081c905ef5e5378aca7bd93889",
    "generated/quotient/0245.json": "e46a5db61fa67c6acdbb88201b004e15d184b691f8b80b5f2f3610f0f7c28725",
    "generated/quotient/0246.json": "3c088dfd3eb57723b509f218351f343d67faad6685fcc155185c6a3e2b7439b1",
    "generated/quotient/0247.json": "a51158732e557c12cf99050266d9b77705fb7772d65cabe76e01e3e1f61ad9ce",
    "generated/quotient/0248.json": "5ce76015cc14cd147bcf8b5102d0822262f4ba36fdcd840c1665b8cb3c5afa4e",
    "generated/quotient/0249.json": "f6ed766866509b332ad8379b0c5097bbbac341dab61529ddebf7dd533088a5d2",
    "generated/quotient/0250.json": "8be2c1fe093050a3c01d4de155f756546204cdc1a21af982b7f3adda144c9eea",
    "generated/quotient/0251.json": "6025710844c6623b0d0e243664db35131a5dc15d166c14ff37abbd0b48f4665d",
    "generated/quotient/0252.json": "d0527aa1385816baa8f56443fda8752e5de02aa99b7279e94c6bdf72ebf6ad71",
    "generated/quotient/0253.json": "e5fb6628750e25622129dd9ac387bca3d411a36c53b3ca4a5d33c2d769b19c31",
    "generated/quotient/0254.json": "09f37c3151becdd3feaa419d6f665871be0f4e5564f00653ce400a761f6dddcf",
    "generated/quotient/0255.json": "25312599442a584cd4f3d009f063d469c7c6bdb0e8b3006e17aebd44c13f580e",
    "generated/quotient/0256.json": "d76b07d48b1e7a50aa8367a043c9d4a477c008dcfe4c2c9262b4cf7bfb97b440",
    "generated/quotient/0257.json": "039690fe33bfeb51886c4ae0de0f8c095c913d17209cb4c370cbf1b1cb7ebe54",
    "generated/quotient/0258.json": "26a9f75a1a977f8e370db855389d2de9f165bb7201b7e5d102d1855e01f8d21a",
    "generated/quotient/0259.json": "1bd15cdc393a2f2042e96049f62738afd46f71ba140ee8c2d138433effabe170",
    "generated/quotient/0260.json": "a88f7b33d869f6cfc1117069bb631943a6a1b598ecc24a0ce1127324d42dd596",
    "generated/quotient/0261.json": "e9a62629963a4845b03c828b49e6061fbfadd4ce07f37555e285260af4ef8f10",
    "generated/quotient/0262.json": "bcdd48664f6ee57ab7694fed8b1af5854565645a4b721fb92bc31ed77b00ff7e",
    "generated/quotient/0263.json": "23a83aa8b5505ba7c8352f7080918f760b7f152deca859869fc3d79b7fb82d61",
    "generated/quotient/0264.json": "ff0597bbf0f43b62facfbf80769ca44b1d0862546fc9d1927bafe071fe94826b",
    "generated/quotient/0265.json": "67640d785ea94f15d49ccfb233047d096ec85a5736a85c219002c52fc858f28e",
    "generated/quotient/0266.json": "b32b70c407123fcc09fdb9e76ed3f6d8e04007433c9d043ea5f2d7dcfa2fe907",
    "generated/quotient/0267.json": "16de60cc2a4b2c19d9be95ae3f746a2c663749651db526650c0d1821ef20d47b",
    "generated/quotient/0268.json": "265ba56ccc27eef5664e6bbeb462b9aecd26edf01240dcd3761009e2ed193726",
    "generated/quotient/0269.json": "1e362fb537997bdefd02e92948ce15d81d974ad3274f1e26ab909422424b4ba6",
    "generated/quotient/0270.json": "1a879b7e9771ad0e7fe5b17ac4b72cd5eb44108cfaf394036129156a61e5e2ce",
    "generated/quotient/0271.json": "a51e5223fd37a990902e7da660612bb74ae72027fa545b03c4440023cc2b4481",
    "generated/quotient/0272.json": "87789a7e26e4490a2af99efb43d8447b655f9c3515fb9f3caf0533e30b080132",
    "generated/quotient/0273.json": "07d2121335109b05e7c0b020b9b9e64822ead6532aa9585fddd3bab1eef80905",
    "generated/quotient/0274.json": "af7bbf0d70ff8440b1662b743528b2551fbbff674a3ebf10b4ee29616a3f68f3",
    "generated/quotient/0275.json": "381b05ca7c764993c28e46e4d6cd821b6e72e2bb80c3b775cedb21cd3c350b9f",
    "generated/quotient/0276.json": "34eccaeba22f93bb0f883009d967742e6564a8806cd8946823536f960d4b9a9d",
    "generated/quotient/0277.json": "16eab537493f04d80fa4120671020e1b7bac04f8ca7973654ed6408f85beb090",
    "generated/quotient/0278.json": "2935bca716d706855d428bd890d8f69691a1ecee4282f71022092fca18ccd0f9",
    "generated/quotient/0279.json": "f5921c0db743c2b1325974944cd067ed3d89c6167e4d3db73d33a75c4e619df8",
    "generated/quotient/0280.json": "3801af74a0fdf44d72290c9aec16c5cba14e0e09d7a7f1154843dcfc6793b8a0",
    "generated/quotient/0281.json": "1c8b51df0894bba2948743303c2d4a0a7b884fd7db332c016f8c277cf57eb232",
    "generated/quotient/0282.json": "410ca3bf22bdbdc025b44c54949251098682c0db7a926ad41afe9006a8820585",
    "generated/quotient/0283.json": "312ee682b279af9597c9d5e1bf553cf8ae4cdd2fa890641eb219172c1ca28871",
    "generated/quotient/0284.json": "899cddd8ca50bc06d6e315df0be309274f57683d3694cd49e638734bced02987",
    "generated/quotient/0285.json": "0157056473a293b4b6035c3ebc9ccba2826ab428e8567bb469bbba7554761854",
    "generated/quotient/0286.json": "1f5deb215d6e5afeaec8bfc2ec3357da99af1bff4dd1083a48adc10e9b1a3e4f",
    "generated/quotient/0287.json": "e25e9644317ff5341596dc68929e132a512ad8db3a7c7005b8f34fc63b923ae3",
    "generated/quotient/0288.json": "6e7a511a22778aada1d6f192b5f5e53b7a7f7e381b313e06b3dd49fb3bf61d15",
    "generated/quotient/0289.json": "9c03598d638f72229a2ca8b270708303a5b519f8dd1b4fba62dcfb92bd18fc19",
    "generated/quotient/0290.json": "4309a96554b563a2c5b5778ad427490c372d1860a239fa2b6996026cfa9bbb11",
    "generated/quotient/0291.json": "4b099477cd718d3798d6c5dad9e7e3baf8f7e758ff5b4e2bac26b469c28d95c4",
    "generated/quotient/0292.json": "d243193f70efbbf1353e9d0ddbbd939c7500a7966a195667dc63fea536c1bc61",
    "generated/quotient/0293.json": "933654247b33f42b6852b5e35a6d41aa92449228761e005dd83a553107c6966d",
    "generated/quotient/0294.json": "eb01e32aa7dd53fc12a1e157941f675197377fdbc61bd6c0671195a75738454e",
    "generated/quotient/0295.json": "f7791e18bf9d4eb1b1c20a0da6b6cd0d0f0518ec666a6f3e14a7dc1a77e0373e",
    "generated/quotient/0296.json": "5b9517fef3e8544c7d0cbfbeb9cf1915abc7212b66f8b8214407b29946148029",
    "generated/quotient/0297.json": "534c402a399b509d71635c42bc3b5cfa46b20eb01fa9333a0faa3ed38b777c44",
    "generated/quotient/0298.json": "cd6d6b6c9d661354ccdccbb572712700741b4264e0ba6f27a91eeb808fa35ccc",
    "generated/quotient/0299.json": "9c2fe4e111d6af2e20b8bf95859d05b7cc4a7d6e180e9a5735243fa2c403caf8",
    "generated/quotient/0300.json": "3c08b02c5bfe49d5de703e6ff88aa309cc63a2304e8ee1ea6c74a02fa10f86c0",
    "generated/quotient/0301.json": "00116143cb3377b5599dd3a47556fbbc7c8aab9972fc7d7fc0415d3cd2c6c543",
    "generated/quotient/0302.json": "cc528a2b6f041b5a9763fa913f0bbb292a95bc936c9ea5a25eb5cbd28468a81d",
    "generated/quotient/0303.json": "36f27f9fc89bfef51be8e20f9e20b476e9d418c8ca2ea3c56a4952bf3980eeda",
    "generated/quotient/0304.json": "a43754194768d905cea86129efd71ee6e999202971f8a10808e07b190df9a65f",
    "generated/quotient/0305.json": "4f49d23ee3e43d31a0f9dfa51448a1eb5344e20fa36256c667c8326abdf0e4d5",
    "generated/quotient/0306.json": "f7100d76c32b9bcb3f4e3e6e9eff6d35a31043d89583bd4e1ae99b8d59bd1164",
    "generated/quotient/0307.json": "62a65ffb163f6d60387b8b2d744ca7dda8846dfe5fa6e06e9827ef8332f7676a",
    "generated/quotient/0308.json": "97cfce3b6220c58fb6d8376587521d0db37e822d904f890e89aba6bf0f4104fb",
    "generated/quotient/0309.json": "194e7491fed605491c653b2630f66054900d19641e0797b2a85120da26dfe3f9",
    "generated/quotient/0310.json": "405530d19c9afb22ea16a915c3585612a7b8cf0f30415dca4c0b7e678cd985c3",
    "generated/quotient/0311.json": "fbf9ab9270f6ea068d0aee02ad9d358efc7d4ac5ee098014f05cdd3609b1a4cf",
    "generated/quotient/0312.json": "4a6012218d44c311a7847b25e9876376368a475f38c6ec07f9e61b1f3503fcbc",
    "generated/quotient/0313.json": "327e7316863f7515f61a5104e718b4f2100cd1cc8f1a361bc0152608d33c297a",
    "generated/quotient/0314.json": "994aecd54b821d99dbe2216472b22af32e0361ba07ae769b6a9f74b0fe83ff9a",
    "generated/quotient/0315.json": "b5a2cc9988ccd3dcffaba6b6d1e9b393d1af97f146e530d0b9850aedb7aac165",
    "generated/quotient/0316.json": "d7cd0fba9bd04a1685a628761f23999952743b3e9bf82f4c2791969ed0fe3cc9",
    "generated/quotient/0317.json": "3ffabb70c06dad06e655964cc83974de2eeb0e8cbfabe524051f01f4dd31435d",
    "generated/quotient/0318.json": "47a61719a6e162b5d90f718765920ec41d6879c5e8485594b99883cb06a14e3f",
    "generated/quotient/0319.json": "5de5af9e1de8f1e2b7ae41220e599e5c36d8bdbad0bc58ec577b9c5121570160",
    "generated/quotient/0320.json": "25b201274cb82929ac448ab1ea329713644054e59ab872134c780fbacba3bd15",
    "generated/quotient/0321.json": "5cfb551d3170a293732342a7d0cb2a60eef9f405cf63bcbeaf33a336d7c9ccc9",
    "generated/quotient/0322.json": "b8089dcec447f72da59b38e6a91b5302902f5ab719af2307161900bdd9104c26",
    "generated/quotient/0323.json": "bfc1230133da063170203cc01d23f582fe37bb012f50d1262f3418e8a7496426",
    "generated/quotient/0324.json": "71a2c9d4efa2b3ddf3979dd1a79fa1c4023552e005d486fe467988524ea6d2fc",
    "generated/quotient/0325.json": "46ffb92eddb7eac6089875eb570b9810393cde6334989381f2c0320a1f65cc89",
    "generated/quotient/0326.json": "d0f24b53a5ca9585d8721671e057d6da85b12492ceadc901604a995eec9a8fea",
    "generated/quotient/0327.json": "c8e5411efa73788fe37910067d9ebea5728ad8f756e50746c49e478977b24a32",
    "generated/quotient/0328.json": "3fe96f4638ac8b22f56cc39304e993c5b48c45dc0ec84d6f9beae455de5a4324",
    "generated/quotient/0329.json": "f28695b926b47a6bcec805c3c664dc422e84e30989ba23d916cf31f8e3dbd5f0",
    "generated/quotient/0330.json": "64ad8479fca7d03c96ad84ffdc9c5a9551fc1f634dd9b43a619c27bdc85d0541",
    "generated/quotient/0331.json": "edb0aa1db89631da2d7d86ced94404a489fd089d1ec515be8fb8354179dc6be9",
    "generated/quotient/0332.json": "4c72df219f6dc243e2983a3c499cae85aaea28d16f6b34c4481909869b114036",
    "generated/quotient/0333.json": "804457307f0cb9495d6e3d6b9de4dfc1f564ca1f0c8842374f9518c5de4089eb",
    "generated/quotient/0334.json": "5f2a277acdf8af0dd6d478b343078103ded199726b37690a84ded49296cfcc22",
    "generated/quotient/0335.json": "ef19123312024190c83c83afeebd88e8ed24a6379660dbfc155c28e7baf3151e",
    "generated/quotient/0336.json": "bdd260a8a0273c936720e57788521b5074001f06cce51854897dfae436573cf9",
    "generated/quotient/0337.json": "dcceee694984ef0f06aefc2e00b58cdb81df624c41a4bca32750e8789d7246f6",
    "generated/quotient/0338.json": "f93856c446bdc22e4afc0775601b297b05df70bc40aa55cf3210218eae74ac50",
    "generated/quotient/0339.json": "4dfef431e8d1600e1d1217d0af0f96d3d8a4a1b408f0b04731e36e658dd6353a",
    "generated/quotient/0340.json": "2c4edce51349845dfb7d923652caecbeda36fe4145e7006c1d6c66fc09518269",
    "generated/quotient/0341.json": "7bf15d3421e70222da508b92d73c2e548a8f97cc3b16731071371911f13343ce",
    "generated/quotient/0342.json": "6f8d6826fdc50d80f0f164bee397fd8c629f5fd59aedf8b3effb72a045fea00d",
    "generated/quotient/0343.json": "6bac602519930123586c24a624793dfcd8bad19d53656597737b4b24bdb896c6",
    "generated/quotient/0344.json": "5f03af803ed028875478346fa52940ae9fe58a430974ab9203e5829ee3e4f27f",
    "generated/quotient/0345.json": "586a07bc526186648d9e8cb7e4114ab1c92cc4cc3718cb74da698ce3db4461dc",
    "generated/quotient/0346.json": "a1d7b9ecdfb78c2b3e41bf95d6a95bb5d1f0b7661b3de26b613b7e4f31c74925",
    "generated/quotient/0347.json": "f790541ba3628d1186651760f21ecde812c62a5a3c808f337d3ccd00e09d1966",
    "generated/quotient/0348.json": "568bf6652164557b37b48eeb116b9ec67f99937b3b2cf1196c7ce598c3e42cd6",
    "generated/quotient/0349.json": "d0ac531f46ef18c423704b5c487f7b5b4595ba22e0c0a84af0446d1af446765b",
    "generated/quotient/0350.json": "722cc6cb1b1a7d1cc0d81ea219bfb78c04e62c08a03d0971f0d97903d956ff8d",
    "generated/quotient/0351.json": "88a5a8d9a8186e279f6ec7053abfd46f85714e2ad00b84dfa59a7997d41d134c",
    "generated/quotient/0352.json": "05f9bdd40f9e68476a5d518d9e4b26093c53839cc70c423d9939ac4d51e4d228",
    "generated/quotient/0353.json": "dbdfefdb4c7207f5c4659be672ecede39103b2bc0f35c827a4bdb5207cdd0672",
    "generated/quotient/0354.json": "7f555a0677db70e3fdaa804b145170af8a9203138bbe766f6db3110feef5264f",
    "generated/quotient/0355.json": "2392747c3514154d58fca9bba57a801772cc470422927df649270b342a172824",
    "generated/quotient/0356.json": "5a250f6d9da1f2a75e651bc94be7f418aa067e42ebe0def72d7676466e066c08",
    "generated/quotient/0357.json": "af8983b55fdd8c7650e63be247af947e163eadfd066f1bb217bdee563fa2450f",
    "generated/quotient/0358.json": "0b58144b9a5134f2becaa17cd7ca7dd279c053df95206f39a411447196f1ac0a",
    "generated/quotient/0359.json": "bfb1a1c262001183af3c70ad40424dd37e700aecdc4bf1aad443850dfb5bbd19",
    "generated/quotient/0360.json": "25497b5585ae6d672f3db4cb50f785485d769e4377de881753cbbf3f62f845dd",
    "generated/quotient/0361.json": "9ec95844deac9e046de42856bc1f64d90776d100e432953c91a63b07370bb69f",
    "generated/quotient/0362.json": "32f765fce56742e38799cc9f7e53474420ae745f49ee9a82a1990152cb4cb5df",
    "generated/quotient/0363.json": "2b9a093f839cc12a5f9533c72189dc0e8accd4977eabe18a4fd92bf4cc155ae6",
    "generated/quotient/0364.json": "ba24e77250f76f5838bcabcfbae7d56e8d9d4231493a9d0c9a053951c503370b",
    "generated/quotient/0365.json": "3dbecf69236bfc49355793b35f84da15400fc9c0c1656b1995329938f03c5180",
    "generated/quotient/0366.json": "e94c5a5323ac385e12e87be23a6b667dcab5b1768a5196a923f479c999dc62ab",
    "generated/quotient/0367.json": "37de869d4367dc7a77e6e8c13c9bdc7dbb4635e25b287ae566277d1baab0c16b",
    "generated/quotient/0368.json": "29cdbb5e85b868e10c63645af5b9b0f7a2c73b551b96f6b459da4d7c1bae01f8",
    "generated/quotient/0369.json": "8bd268538e3d2680441b5eda2357a36f7e43696751e944d19133758667def2f3",
    "generated/quotient/0370.json": "a77815ca712176d310113034a0f4ea4904fd984cd08fa559cd0c0efd5282baa7",
    "generated/quotient/0371.json": "528276ac141c2396ee76efc2ef93d70378dbbe009491818156e6092f868dc535",
    "generated/quotient/0372.json": "ab210b20693f61c2160424795b544d9261fa1ec1e0b04c1dc9a862fa5b26b296",
    "generated/quotient/0373.json": "8e286a49b92f7a1d8d3c7a85959ae7ddb544e93fbce11de69ced9489354ab107",
    "generated/quotient/0374.json": "b793bc0bd05253a417f573a71f91d8027f734727ce9ab8b3b635aef36e27d92a",
    "generated/quotient/0375.json": "960123524cca2e41e7f88d5e6e0ab4a358f9fd8e559e1a2bb9de4098deba666f",
    "generated/quotient/0376.json": "d3cb374efb9e8e95a05c96f65c1189c093fbe657af089f4ce65b109ccce33395",
    "generated/quotient/0377.json": "340ec109a710ea1278b64ce387fc4dff9249b61a7be90a7793bb9360f1af0fd4",
    "generated/quotient/0378.json": "b62d782eb9e7457739a13dd8dc244ad2cc3d58cf467adfc0796cede5e08a162b",
    "generated/quotient/0379.json": "d16219d53fc031b22dc390190dee301e23aae5a50126abbc44f815fa394d301e",
    "generated/quotient/0380.json": "9be137782144bd977f69ac93c2bf9f1136f3f2987f685b93b96fa11ee407fea4",
    "generated/quotient/0381.json": "6ef59a2833c155a8dbb1297520ff5c5aa219545a96d821857ac826ea204d379c",
    "generated/quotient/0382.json": "0dedf47d260abccc2f9358966d6dd80c23bd9daa181a2726d6f6b14ea85c08e5",
    "generated/quotient/0383.json": "35244bac0c6b8eaa8e52fc0eb22f8f175e3db4584ad62f2c340ba09606c7d31c",
    "generated/quotient/0384.json": "9903714b1dd871de110b53b160d9010c2c49853f4cc816a7bf9b729c766fec36",
    "generated/quotient/0385.json": "df52b1c79ded13d72b9dce92e4cb912d824cde987bf74da2a3933df1229c06b9",
    "generated/quotient/0386.json": "f2756649ede395bef076f98b7bce10bf5370772edfa793a1a99ed5defe88e233",
    "generated/quotient/0387.json": "198adcf8c18819d4e396112379942d9b59f8822a624e3298ef5dc210f77b9127",
    "generated/quotient/0388.json": "178f66f4731760e9dd9cdd42a0073236cbf46307ad9a50ea102365b71f079cec",
    "generated/quotient/0389.json": "19fe8b6a3d9b025afdd27eeb4cd16aadf59845310a6e7cf81c1e2e7f72b14b9b",
    "generated/quotient/0390.json": "965cd2845b356e85031abe7d9fec269de02895c4539a1102598a7fee83f0b6f1",
    "generated/quotient/0391.json": "88ac3927e7c8db807fc825d3d1a3a30e94137a1c28f5b0b96205d5d7bd017d3c",
    "generated/quotient/0392.json": "9a722b0dfdabe72ea8ec06c21bdd78768cc51446d0d8bacd875f409c40f09089",
    "generated/quotient/0393.json": "71d37b214ca8cc1a9f1eacaf8484aac8112f941b4e4ff5634a2ab27b9f166906",
    "generated/quotient/0394.json": "b2af86028414f7a94456ca896dd11b3f41cb11ac21635dcb47bc77909844a8dc",
    "generated/quotient/0395.json": "2c8aa3fd36bac715571b2725f22c1dfca6f32d99f01f829f4c9afa75137b248a",
    "generated/quotient/0396.json": "05095270c205643ca59cf4ed60a91b1284ead67224be4e79053b800e22510e1f",
    "generated/quotient/0397.json": "bb78d2685fed50d35864685b3669377c0c9e3d98feba133d2b37d1bbed4b21b7",
    "generated/quotient/0398.json": "f76c801b14b1c0bafcdb1f50e4cf1f74df15662156750d9e071b3c47427cdac4",
    "generated/quotient/0399.json": "93cb3a34c4690a362f782c92297f93bd24e6a3f464c8ea94bf2dccef58ace1a6",
    "generated/quotient/0400.json": "85ee70248e430f5f17c753155b70743cf08042805a9e0a72e8817c0ae74a33c3",
    "generated/quotient/0401.json": "6eddb11a93ac8b4033758a64eb500a54e69a258ef3d71d20c2af491cc9a7dea3",
    "generated/quotient/0402.json": "ce5d796529e579d7f15ab4d769c44198bd399c48edbb86f40609297a403795e5",
    "generated/quotient/0403.json": "798243f9bb44b0c0a67f4bc5e3e5fe2594bfd2d5605417d1a8e9dd6cfe000bbb",
    "generated/quotient/0404.json": "7b68342c9a39675996c56c953a4990d0fb67e22a0da7e841488f04d0eaa3740f",
    "generated/quotient/0405.json": "c4e9d0c899f47815c9dd1c5d8b84d79bb57b660066915e7e90b9c779cef745a3",
    "generated/quotient/0406.json": "d90d76555e244437bc877bec2ecd86005f93c279f5ecf9a9720d86f11bbec465",
    "generated/quotient/0407.json": "52aca44fec3c68e825d2335f18fe6d63e5e60d52decbf874e7f0ba122dd79652",
    "generated/quotient/0408.json": "dff876b8ec4da0f5605008756eb4c99d8035f69d54d3e543ca5c89df46411c1d",
    "generated/quotient/0409.json": "814aa8f5013403aad3e7cb06fb3d0d99dd14e67054d3b0cccee83bf7c7bdafd3",
    "generated/quotient/0410.json": "c0252ce55a964a4b572bb246d71c44f0fd80d03e8b7dfcac4275b2b9c3d95aed",
    "generated/quotient/0411.json": "fe6478c3c15658b37ba35bed6d774f771698ef66caa645e1d5a15da03acf37e2",
    "generated/quotient/0412.json": "02a47426ab9c2caffa24a13ec436e92e9528f786f76084d0d876453e77f183c8",
    "generated/quotient/0413.json": "ee2344d10d8bdbf07c27c82d80f2c437f7542759db291e9e378f4122d07b7186",
    "generated/quotient/0414.json": "eb45472e6705c6e6ab1ab70813fef043fc5479ad0ef5231451a08984234cf47f",
    "generated/quotient/0415.json": "ce7870be452ce75b4035d39012883423f61618343272f74fef38e83a7fb218f6",
    "generated/quotient/0416.json": "37a250deb30d190df908a87b3aa4c38d8846f226875e107e9730d4763177e336",
    "generated/quotient/0417.json": "338233ecac14841ab0a639523d76fbc4b4ffe3b6c6f6eac8bb51f034f14b969e",
    "generated/quotient/0418.json": "e8c21840c34c5e1b26a521ada50808a68fb12bf5aa5f77ac257c74a8aa67f63c",
    "generated/quotient/0419.json": "bdc6b33fbdd35996e3681fdc7ef7b6f57db8d1915b33936e73b349b945c90f33",
    "generated/quotient/0420.json": "c5e456bf08ac55015015ceed75f0f11792bee64a8b71ce82c7d1b0355fd877da",
    "generated/quotient/0421.json": "49d6be4ba2d256ae6878da5b4e85ce14af0a3731da4947276fc0beade34f395b",
    "generated/quotient/0422.json": "2b48e9dbe27e8fde23378f0e02911f1749e01411262b6cec5208effe5e371768",
    "generated/quotient/0423.json": "5cd5bc340bca28ba4bb4754d671e78e1f8e1b7b97c03d5d1b49d73151c5442e1",
    "generated/quotient/0424.json": "425959253620cb7637637731548c84d5a71a11c981981c7542cac96079088bed",
    "generated/quotient/0425.json": "9ce88d7ea717e99ee28d7099fcb1411fc4361436765787e0e63715234f2a25d2",
    "generated/quotient/0426.json": "f163319d2dd1222d3ee0f29814fea34981effd39afddb4cf88586c105098e259",
    "generated/quotient/0427.json": "73b264e2708c7443cc060292b552824b242a1b14a9c9560d3cf4dc718cae1c24",
    "generated/quotient/0428.json": "d729d4df841c1f0048758c435a44b9a4bf24c8a205c4978255efed937fdaf5fc",
    "generated/quotient/0429.json": "7b9afdf61b9d1140daedadc842afd9700ed39740d4748beb7b9b529e50a8232d",
    "generated/quotient/0430.json": "d09e9f455f1efdf55d67fda21ef6b3c6cb7c33a6b6766b5f225aa7dcb5c5d02b",
    "generated/quotient/0431.json": "dfc2f96d2172f734f4528f8242834059b1073eb6b58a893d7f8eabb4848de6ad",
    "generated/quotient/0432.json": "24d6ae29ca958f3e4db73979bf5289d9dd0501ae6df6c7a3c578c6d64095461e",
    "generated/quotient/0433.json": "86c85fb6d1cae27c0f438f16d59db5a0399f12a9b425ac16b454c6cd3c8e031f",
    "generated/quotient/0434.json": "cd54067f84abcd31fae8688ad6bb68adb8c668edbd97ff1ca4f9004f4436d619",
    "generated/quotient/0435.json": "88e3d0260285b837a78f2d206b1315d547a2a1275eceb17389ee77f88fd0e741",
    "generated/quotient/0436.json": "009d8c88f22e096a9efe141ff8f6b66ea9a5ee71a70d52c5a2c2cb044f413bff",
    "generated/quotient/0437.json": "0dbf8322df13b4abff450381307d77779966a2b10a3e7cbeeb81708af29844fa",
    "generated/quotient/0438.json": "1bf7a9681c6601566b5015d7187af015735599ab42e248000d1668efe73d2c40",
    "generated/quotient/0439.json": "35a67549a8ae5b0c6ad2eae9d6cc2e083d207eacbb1514be9d700edd2825f94a",
    "generated/quotient/0440.json": "0e2e4058b9db68690148d4e7c4f16ce37a94b2663e74bf7fb55cae133b6beda7",
    "generated/quotient/0441.json": "d814454fa5ed2415bc4da53485d3b6f9b386c5f59b8595ba0b1bfe4998469c4c",
    "generated/quotient/0442.json": "78f7144a195345ad5aaeb272330f8d0917d5a9e093cfaddb6f539e41eef9d4f7",
    "generated/quotient/0443.json": "6659229b7c3c83d34ad77caa0d43aad3d79a80ea5a262be12e46fa765901b919",
    "generated/quotient/0444.json": "e82499a46646d806f56ab3425b188f6d38246f69099bf3f5d315af9ae44247b7",
    "generated/quotient/0445.json": "f2216bcc55055f66af18ca4909608227b9b50c5335953c055b560c709f272e88",
    "generated/quotient/0446.json": "0f30c2ec7379118deb433eb714e567853a854ecb71d96ad3785e6faaa4d08032",
    "generated/quotient/0447.json": "04b2991ea7da8c3282053cfc390bf5221ede71d5edb455f42ae8cdccb2c20e13",
    "generated/quotient/0448.json": "4535075a4b5efd56ce364882565e4550895d8cdec1d061e70b6fad290d4663d9",
    "generated/quotient/0449.json": "0568bae11b051ec28a494a398c54649840b081f9904bde1bea8dd2b277c1b3c0",
    "generated/quotient/0450.json": "9bd652af37ecf8578438354f8da56cf4c63f3ea351277706862090c9700156e6",
    "generated/quotient/0451.json": "b626258c6c50119020e6b87b3a7763fa4aafa63c20241102b2a52fb27f3e82d2",
    "generated/quotient/0452.json": "7b11b64077c62cd3db6482fe55d1732cba0b6ed85cb370403da98d31689654d0",
    "generated/quotient/0453.json": "5ffe4a90cdf48360343068d1620c09aac2bedf1dac75b9a5bbcb6bfadca158ba",
    "generated/quotient/0454.json": "6302caee221fd60a0a3d9528486ad7261120a077f90620bc4c2e52f08b22f98c",
    "generated/quotient/0455.json": "40e52056002cae1a13f9e6595ddb61397ae8ae5164a565633566e3eafe4a52f3",
    "generated/quotient/0456.json": "ebb485460ba87ac147500a8268c9c3335bc5425d36ce3d237d54fcaf1b847a57",
    "generated/quotient/0457.json": "4028873d168a28175fefdb008808e4bee5eb51524021bbb6a79c4cd5342990c2",
    "generated/quotient/0458.json": "7cb067054a1968c7d5dfd34796f0e30885ad2adc604b8fb3be69997572adce9f",
    "generated/quotient/0459.json": "c7258d2473676a50580fc65224d8987f4c9ce3c614278ff6ad6827d66da40585",
    "generated/quotient/0460.json": "f7f4cab6adbd27584e95e627387492fed12fe87a2fbf85dcfe604a2c8c6a8997",
    "generated/quotient/0461.json": "657c774e9d7ed487b6bf17171eccf0dc3c637bc10608399a6fcf4a9770dcb86d",
    "generated/quotient/0462.json": "08b6234d1eafca8a2e0f1a7f29b2a51c357d255468d775823b3eefc432681d75",
    "generated/quotient/0463.json": "727728a50941f03ecad796ab335711b437987348f423f6ef9b5d7592245e05ed",
    "generated/quotient/0464.json": "68534fa39b88c853784f7f014bd5bb4ff0b79830850295ef3180ca1607e56bf3",
    "generated/quotient/0465.json": "2c88b298298d6b5935308983243b686f4f440f85764c502d6f8ba4b7af47252a",
    "generated/quotient/0466.json": "5c126a972cb12f48393212281e41b7ffdb0c1598b5cf8de61819ffff90e7c361",
    "generated/quotient/0467.json": "42fd61e340254df3735a90100258842e2244ddf7cbe2d5147a6a8d9ba80c6a7f",
    "generated/quotient/0468.json": "13030ea7c7f45cb704d23b228a0f4c8f9664cae6d32f07cea5da456de0328bf3",
    "generated/quotient/0469.json": "eb5f2adeded4ad42057cb3c2fafb78111e0e0d6c723117e711d31e1879daf7cd",
    "generated/quotient/0470.json": "a44852c33b304ec162b9673d28ac2dd614ab77c670d81d9cf5a7e0100330c9ce",
    "generated/quotient/0471.json": "e48b68503b72b6dd177e9d7981eb1051b3f75cf5ea11202867192d1e8b6a2286",
    "generated/quotient/0472.json": "868a9b026be200d9e33e6df5035dfa492f28901ef3f1b8fa6df7c7114fc5f942",
    "generated/quotient/0473.json": "e6342fbf8f7f8238e9ac2c64b7c62f7125899bd5a8a985c82d3474bb3a4ac7ce",
    "generated/quotient/0474.json": "68c6f5183de19a09b40b61cb1bcd0743dddf38f53a491f0051f484e92cf1ddc8",
    "generated/quotient/0475.json": "216cf950cab0a92b3f472fff19079a8112248185900cf0a681e55eb4e81d1beb",
    "generated/quotient/0476.json": "b2cb29e2a24f2658020885f182281d59df1be7195d62dc60c5de7a2b189ad7c1",
    "generated/quotient/0477.json": "e84935536e28ac2bce21b386602ea42bda872b3445ae9e967e2d116b0da89713",
    "generated/quotient/0478.json": "b910e7fc3262e6c68855134f25706bd78a58c08158c01a25177ef18156398ba8",
    "generated/quotient/0479.json": "3d4904503d60cc1c591ffe9f23e011e3bdcbc4c461e8f8b920353611a9c26e81",
    "generated/quotient/0480.json": "4d9e6993fc35f67b846547ae6be211211d6f141e47bf6556bdfc3c08b0d2f680",
    "generated/quotient/0481.json": "5a12f88b4d73b23ec58a8e52827eddd205a019ea3e0aad1d4a3cef2b35cbfc9d",
    "generated/quotient/0482.json": "3784338e807a6ab0f8f80b4f76a56595ac5ea4f75f1c8c3e505945524fdde8e4",
    "generated/quotient/0483.json": "4c41dc19188ee779ac195e6e9304114a579b472cbe4a5b9b7226deff5020646a",
    "generated/quotient/0484.json": "285acf8d4ad8548da89e3b41cc407b3dbadbd53e6f02a3a04b6dcb1e157bd7e5",
    "generated/quotient/0485.json": "f26af87f76d34eb9713b596761b3287f4b38e8b5395ebd438db6fa13cc7091cc",
    "generated/quotient/0486.json": "9e869b3e61a59363e9182ebe3045be12b0df2038546e112be1385e5fc1a7b3e9",
    "generated/quotient/0487.json": "bf38f1285855a8a157c8770fc3eff0ae0298c628bec419a9f435e629d88c3aa9",
    "generated/quotient/0488.json": "4d179e976ddc4bf2303c225514cf1515292ee87e668b22af8ffd1d88514621cd",
    "generated/quotient/0489.json": "63cf51e07fa3dee78e357f221b5756f17a5ec23c55ffd4b466fee2d468dbfef0",
    "generated/quotient/0490.json": "54cddef622c4db670c4b2757e297d1141a05394aa70f99d2d3008165b84f6a47",
    "generated/quotient/0491.json": "b964ded468e9c84bffbcb6e8621e55d305c96ee70fbbafaa355d5b804ac2a014",
    "generated/quotient/0492.json": "205ad476146bf80b4cbba784632c25bb96343d54e154f782f0729110570a40b4",
    "generated/quotient/0493.json": "ae8e31aee7ce73503f2ddbaea5808b0e4e510557e57f980e3ccc2fdc4b3d9d22",
    "generated/quotient/0494.json": "c6a6280a60e27f3e176b4e701df8e7f89f48ecbd99cb75a62c43301649fc3852",
    "generated/quotient/0495.json": "8398b27e0457dfa4df96a91cf7ebffe7599e722c23e9b53a42c1d55af7b0ddc6",
    "generated/quotient/0496.json": "7640eac7380b42ca960c69ce5c0f657527025119143478ac5638b639b4b4e58c",
    "generated/quotient/0497.json": "7b08f72d41a299f4c96b39e89251d57e2a38ba03eb2be581b02118d404061488",
    "generated/quotient/0498.json": "1a504f692229e2fb26ddb6cdabb94acf23ceed3cbe1e78f66bc7f123e54fb038",
    "generated/quotient/0499.json": "739ce2ac781c1c646ec955b5984d34ac8827c16fb70b55e3166a2a089d85937e",
    "generated/quotient/0500.json": "f611340a6c601f9915342bce2e84545a3085e156027420627735957d21251df6",
    "generated/quotient/0501.json": "77480dbe16815771277b3331d8f1552ec93cdbfe91faec562b49fbd13f9d9c04",
    "generated/quotient/0502.json": "b154d0a3bb251466dd5a6ab4f8c3c953e7ffb1e3b1f46ec2afaf12ef05b8d713",
    "generated/quotient/0503.json": "a5048dc84f736366e5eb7e6dc0fe5dd53b4bff1f0bdd5a4a912ef31844a67fa7",
    "generated/quotient/0504.json": "44ea780306b27a19cc7bb7a0f69ee00b1ea0604cf81bc09dd54303a396b1f75f",
    "generated/quotient/0505.json": "c5d82eb5c9ff8427bc87c05d50cd669b3ef4ade2edf67b1917c5c5d13f96f0aa",
    "generated/quotient/0506.json": "14e98c9bbf10e21e472cebdeb8fb3a979c26c2de6035406b756c17c58754cfd6",
    "generated/quotient/0507.json": "aaaeabe89dd929cd024549bf7d0c37c15ce74905a18868fd9cfe782d22954914",
    "generated/quotient/0508.json": "126f43881b6c0490ad7999971f9d30f222b45e7f29a2e76639cf15d420f1c2d3",
    "generated/quotient/0509.json": "201025c7ba91bdf13d1792d96d53b2b2bbb4cd5af3e802715d49e75df947f9bd",
    "generated/quotient/0510.json": "08ba324d8c95e6f032a20dd98b180420eff55459b5a7f644b9e675fb784d6251",
    "generated/quotient/0511.json": "8826474cf8c083938e87b32f82c199c096eb1360a92539fbac72defe6a8abb70",
    "generated/quotient/0512.json": "0ffbf9b7862b4b126228d3bb760d92f44c539da2235bbc9b9c0e8d8c036321e0",
    "generated/quotient/0513.json": "6df4f894a0849aa7e864958d73b2155b98b2f7c64bb7071d65904234c4f8782f",
    "generated/quotient/0514.json": "bc2155f22af0699af0c9f556f3d3f5ae2b3cc3cd0e78b9b85cdf3fa9f9807c0a",
    "generated/quotient/0515.json": "f72297be2652764803b8f5992b4aa9c3ffab60b8624cdda56b7fd53e707a051d",
    "generated/quotient/0516.json": "0e652d58ba0de1c0fbbbaa67be24328533653e8d93ec3f982eb3b38b4e9fe9d9",
    "generated/quotient/0517.json": "1ea83a4964b34c4fc8b039ca7166fd9dd2c61dcf5ba6612476c68c3f6c0b3dbb",
    "generated/quotient/0518.json": "c86a43852de2611bdab4824b924cfbc759d5c08c0fa73e3217fb1f6cae90bd89",
    "generated/quotient/0519.json": "afeae2d18830364a16cab8adeb82a0d5139a6fc952e11b54085742ff86710855",
    "generated/quotient/0520.json": "e0980921222812d4cef370bd2422937c1916e88c7a350313d5d0da1b76519fcb",
    "generated/quotient/0521.json": "1b991256ce82bce9ba64f80d8a4ca2b983d3f6998809e6cb5a0960a357ef1dc0",
    "generated/quotient/0522.json": "b751e3a8d3b7ac294818b4da2d06a4ed5cb0d919343e803c646e3c0c38756c17",
    "generated/quotient/0523.json": "15dbd7c8144106a6b66f0b33fc1dcf6a5b7e2777a8e00a4554f73b0841b8db75",
    "generated/quotient/0524.json": "2b3e48efdff83ca4be5cd6f76fea58d2f17a35cab895f5746d13ca584aae7ec6",
    "generated/quotient/0525.json": "f44ef5b2efe650d742136cd69c7f3d254e51c992e369eb1c36a7b8d57ad6ced6",
    "generated/quotient/0526.json": "c46308e5b400e2e461377b02ec54bb5eb742b2d22e0e9c34815b4228503d103e",
    "generated/quotient/0527.json": "8620eca23d83844e617b21e78f28dbcbba70253ffe6b08b4cd432bcf6079c32a",
    "generated/quotient/0528.json": "ac03a97e092346b45dfecce6892046c73cfdecf80e959a645fe62f61a1dbf7c0",
    "generated/quotient/0529.json": "616c3504a5cac64dd7f8e7e7c3c1391dacc2e2493f505d59c468a1d370de6d11",
    "generated/quotient/0530.json": "15eeea13f1a23650b5ff09c1421d0deefac7a979122afe9fe1e3d773382454df",
    "generated/quotient/0531.json": "89eafa2d411718591e2b1dd8ee2393cd7acbc553591be35b0bededbe508bb661",
    "generated/quotient/0532.json": "b282549779e74faae80d89b76926980d6b87293e5855fd75ca156bc4c3f37962",
    "generated/quotient/0533.json": "cb4d98ee4a11cdf90dce269b65c35e061d0b9ef5da8eba95df073ad98c84ad68",
    "generated/quotient/0534.json": "ffb458397f32b1e359cbfac81a5b4fbcdac1d8301726cca9f2d17a7164a6d682",
    "generated/quotient/0535.json": "c25f0ec0e322a83c3211250318d54bc5d26bb83bfa850838c07c783a937735db",
    "generated/quotient/0536.json": "be0d508e0880a4a7bdfe0236845e47a78aa1698b6b209bd7bef1b32ad6a39c8c",
    "generated/quotient/0537.json": "d09854872ba8ac1f7ae21aff06041a4941050889475d86d689d718fcf218ffaf",
    "generated/quotient/0538.json": "6e392750364caef51875e58f72e8cda0057628329da68ef828c78afa250ccd25",
    "generated/quotient/0539.json": "cf8a38d69462ab86eda7d9434b08e4050caeac52f887307f531a4a319599c50c",
    "generated/quotient/0540.json": "124559dab395a2302f3cdf32c0444fc30cad10a87407e79842e6805ab0156fbc",
    "generated/quotient/0541.json": "7aa80af101d46b53010abb22d715c1c3fb86e114c327b14cafab6e29a30472a9",
    "generated/quotient/0542.json": "f459ee35810e4fa761285b9fb3fd2b0d6ec4d7e48fd5749f9bbf48d5797d5679",
    "generated/quotient/0543.json": "2d44f1a45792c243eadb8456b269c267cac14404c6bd0882fe3b933e7e7f62b1",
    "generated/quotient/0544.json": "2f95994309b75fc40e4371f0029e5742e2738f1c9be6946baf3835c3b53c78de",
    "generated/quotient/0545.json": "6d23ed0a4d46007ff0d326980b6eeef645ddc113b8c63871eb30e6d6e8e7b284",
    "generated/quotient/0546.json": "c4b69c9dace6afcbeef0972d298bebf8deaf45540089f0392095f121922b91bd",
    "generated/quotient/0547.json": "38b0cd76828e4ed8324083827537f4a629e204f2cbdcf8e893cf87b9b617c152",
    "generated/quotient/0548.json": "6853c62977cc42599dc8313602c6ec48c24c05115ed8eb8cf136e1d1548662c9",
    "generated/quotient/0549.json": "3044ed55b3e1f50bf6fe5f7c2f7d52a485cb9a9bc31bbaebf8d8dfd39e02af59",
    "generated/quotient/0550.json": "034ebd7de96b1fd92a2a6a3499d10978c429e6f02f1d8efed3dcd5199a50fb64",
    "generated/quotient/0551.json": "b06fcaf4ec2d24ed39b4448bf8301446350d02506f064bd8a7c14987199f6e9f",
    "generated/quotient/0552.json": "7f5318dc9eb58a9d8f7c2c588ec9dd4f26baf7464c5034e5c60b9d880e738a88",
    "generated/quotient/0553.json": "7d8233c0530904c100e700a6b4384cac0f1c0793ced3b9fd780405fa2346eb5e",
    "generated/quotient/0554.json": "46645e0a9792a8a1f2eb12062758421539ca2e110c1dba1cb613be735c8fb9b6",
    "generated/quotient/0555.json": "30d26a58ea6cfdcd92754da306c615b20f5b285587ae2d221c378a96108e68c9",
    "generated/quotient/0556.json": "2ac21794119b72cbdc56659bf8a0b96695810a0a28d0f14bace7775576cb282f",
    "generated/quotient/0557.json": "01bd768fe140ffb980d53f953956a724695f574e2789ec44690c10c151959e74",
    "generated/quotient/0558.json": "cf83abc92861eaa0c185b8e233ca8064824be46ca64cf8b8a02b3d7da433900a",
    "generated/quotient/0559.json": "a38bf01c094519e70a7695f8de9e80a0346413fe55a15491c0c05b7eaec0149e",
    "generated/quotient/0560.json": "1dc5df4b18a397a70f2d552117c22149345d14e05f4223ba9dd1ec2580fd4b8c",
    "generated/quotient/0561.json": "41eecf9a2041ce5b12a0f5213cc6418d8e75da403231c222e049d3cff3a45f31",
    "generated/quotient/0562.json": "a448abedeb74fc93ed44746439eca8ad982b9c23142bea585e06566ed23bfc4a",
    "generated/quotient/0563.json": "2ce08aee38c367ffcca41179d17cf736c85ad29d8f0ce6d052d546eae70f87ad",
    "generated/quotient/0564.json": "4d7459b0f2f23df7d9df2683deb6c2848c9419e59b1ccccadf8131ad852d924d",
    "generated/quotient/0565.json": "675d65893fd78029ffeb2b585400e63eb2022b6e40bec84ce692eeefc0875a21",
    "generated/quotient/0566.json": "a2f19a693dc697dae9f9ae3525cd5959a02c7985ee3d466b5fb9b7dce5245691",
    "generated/quotient/0567.json": "e69328b9fea97caa5f163325057f38109c40e51d2e7a3fac8ec58368ccbdcca4",
    "generated/quotient/0568.json": "c9626bbd06c91f32eb291f5ab92f2b06a68f129101291b342c6163d3506ce1c9",
    "generated/quotient/0569.json": "674e4f77153ed5a2758b99fdaa5b4ba36fc06d4d7f59c2b95d15872b5f528295",
    "generated/quotient/0570.json": "435cf2680e1253523dad90685180b69ca218224c87bc2ab40e622362e8c50bfd",
    "generated/quotient/0571.json": "682f7831e5ecba4016fa40ce4e9d9d521b6cfe244822fa883a125e59923af8d7",
    "generated/quotient/0572.json": "a3afec443cd29b37be2500c29b0ab4beff981911c6222df16830406abaef5e5f",
    "generated/quotient/0573.json": "abc0421e88b4af63b3f97749d32b5eccee6cdfc0b5fd4a65b21974802d953d02",
    "generated/quotient/0574.json": "d2dad098952481486eff2acc88713f4c4eeeb564c07ddb568846b725b68ef75d",
    "generated/quotient/0575.json": "5ca66feb09ee34593025b2a31f1b3de509cb442e696f12b5ec889ca82e613ec2",
    "generated/quotient/0576.json": "88c41f8199ef85e5acd4907facef96c6611555c68cc6844d09007b2fb715a8d1",
    "generated/quotient/0577.json": "e63e544594258684ccdd325314dcfafcfdf88dc82848e9caf7555e51a95375f5",
    "generated/quotient/0578.json": "9877d188bd8ac23c6d353859e38e1f7702eaf11e7c99c4929945ac736973eb21",
    "generated/quotient/0579.json": "996ca89b0dfc26091b4e28eadb326a396cbb4294579853cd3fd52df5ef44fedc",
    "generated/quotient/0580.json": "d6252e61df371d179b9c66136430fdf51369d8aa02d262482109d68d24eb9a67",
    "generated/quotient/0581.json": "a1cf540c65d4763800f701ff7ec06cb875d3fdfe9bafa8c572b6744159c9d528",
    "generated/quotient/0582.json": "c946381c7b733a17d38b9efc7f9bd95e059fccab506ca73c9282fda261baad8b",
    "generated/quotient/0583.json": "6b2c553db9ff18e8bbf3b04a7bf5f23ee5f6db41184308d3ca647ca2bb50317a",
    "generated/quotient/0584.json": "3a538458acc5df172dd8225a31ca4ffc78473787e4367aabe7233d763c388522",
    "generated/quotient/0585.json": "b9c246927a75f53d7993c08ac7716fd5d329cfcedba8b189f895bb21b36d4f9f",
    "generated/quotient/0586.json": "389cfa7d22af4d0152dad18385cbbc9d0bf9110c6fd5223053d5dcbabd495b45",
    "generated/quotient/0587.json": "b72f0a24b1596d1b0b4f964e450b8d2006de45c9bbd35d0aed3218863c522a41",
    "generated/quotient/0588.json": "b115e77e9508dc5f5f4fdfc99cdb2d4e931e66387b9967240d0dd498001fae66",
    "generated/quotient/0589.json": "9bbfa169b6c32c54ad903947bdce22ca05e435e2002a9770c710cbb2126e0794",
    "generated/quotient/0590.json": "9c479fa1f9c359d044258f48581a3b9ba20a63b086fe2e7c613547fd342ea716",
    "generated/quotient/0591.json": "9f4ffb5a6c104ea01d51be03fc4da92e0a66ea3b26fea0dfb80239aaffdb2d17",
    "generated/quotient/0592.json": "83dbbb271adffb0401bf86503f93ff5348da7e9a06c1d4491f454f45882bcfbb",
    "generated/quotient/0593.json": "8b71c4f048de48bd5eac33c61fa6180f9e9d48b91bc589e65087049017bf29a8",
    "generated/quotient/0594.json": "53df478fbe5f843662e45c6775d463260612e6828de8cacd4f06e866a9a6a03b",
    "generated/quotient/0595.json": "e8668ed07af2dd18dafda3cd4103e7a6022eb39fc8e2d7da919e4ad80c93386c",
    "generated/quotient/0596.json": "bc0c01be6aa0ace9a9063424bcaf0ccc084b3fda54db71775307089efdbd7023",
    "generated/quotient/0597.json": "cc7c3e2391e2824eb062a75faa4c4889e3ebe9952025608116d5ef308fadb168",
    "generated/quotient/0598.json": "e3a0dabffe46e1724d3cae4b81ad963e388ea9ae4b0c0d4374d0d1e5930c04b6",
    "generated/quotient/0599.json": "5cf5d1a5d1b1001fb17d621d13d8b8ddab4bb03a90488fa6ce3a32a88a2bec5f",
    "generated/quotient/0600.json": "b5ca241b342a2c2657a11f3b04449153aa5969ba66a77ce704ee5e759abe96ca",
    "generated/quotient/0601.json": "caffd4d2f5ad5b7872c40197bd89e573ad86bde64331f43a19d80416fecc55df",
    "generated/quotient/0602.json": "abd3ac31fe5199f59fbe89657b44ca6b2aced20968ca0b5253be2bb53e4ec238",
    "generated/quotient/0603.json": "25ee5b325a3d6fff457f7c66f20429622b6cdafd2f66e443c6a0e22d60dddd73",
    "generated/quotient/0604.json": "59fc83004498d8bc66867fb024b48e67be31fc8db8901316a2e447a7827724e2",
    "generated/quotient/0605.json": "317c58cebdcede31205bd417bb3b6d6ca24538ff66c9b217aa7b979ddbf27f22",
    "generated/quotient/0606.json": "f908a2743cf6969a26ba3c4aafc7fcce98576ab21f3e1d2c92c3eb8b38d11575",
    "generated/quotient/0607.json": "5471059ff0ee393fcd2af582e9cf927346ed8f81b8848aff37c9a979c5951aeb",
    "generated/quotient/0608.json": "0cd31bb65df264a2ae37c41e56ac9955b13d6ee09716f2fdd7a4422f74451157",
    "generated/quotient/0609.json": "43c7552fed7af497b3bfb5a11768c220de4e9917d7aca13ab8e81e2b5f481481",
    "generated/quotient/0610.json": "3235e8c441b85f1543a3b88a4b7626a6c78cf73d4897b45dea8647413bb15919",
    "generated/quotient/0611.json": "3d6f4918a6525c565a0fab6a6d9b0ce80e0a37835a635409a423a709baabf5b3",
    "generated/quotient/0612.json": "7af88561edcb8e30d6be196bce65f171b85efb34216304cd8790d9fd8315ecbd",
    "generated/quotient/0613.json": "58c47ca6bc04f71def5cddf7fdfe7d6a16b43008589f29bea2c9a9ae0a776fff",
    "generated/quotient/0614.json": "359151138c40d75bdb74bfb5d524b00d3a670dd974357067e5c5fce733f96222",
    "generated/quotient/0615.json": "afca775788fe4fdcbd54a587ab6701da42ddf68cfbbb6e987b70af3d97e30f91",
    "generated/quotient/0616.json": "e854c0403d4a28c088a49d2ed66f35ede06c0893a838f6f8042782225a555937",
    "generated/quotient/0617.json": "64a54a2e53c4bd018390a83e6a51a33ba7a9c1fb0086019acda873f902e4599d",
    "generated/quotient/0618.json": "6f7c3b63443682a79a20f524d194c73ba8afd873a48ec6ebe8cc15562269be3e",
    "generated/quotient/0619.json": "58e51f9904608af036d0e8ee9a87b308d9d4e168ccfe5ca7ca1d1b9ed4e85209",
    "generated/quotient/0620.json": "1d062fa5cabe8e6bebf33750ccefe79f64b12d4586c0244032df33e76d8e4c1f",
    "generated/quotient/0621.json": "58102305cece4674f5c7fff154585be5d554dc14ef3af53e1bf126aed2ce6f03",
    "generated/quotient/0622.json": "18828694e75bd0e85f888c7aadcbdec350f312673b186b0f122e59c4338081c1",
    "generated/quotient/0623.json": "8e3bd6a6713687188834a5edd5a582cbf01d2924e329fef52645753e8c5f7138",
    "generated/quotient/0624.json": "8ace3b0e253a0b11ed1bacf2cc5d392603e222615a3cc5aa4d458912a794c939",
    "generated/quotient/0625.json": "5a33da86b63f57879816f197b18932d037859bb4faeb71ce9decdea153f795fa",
    "generated/quotient/0626.json": "ff4dbbd7b795b63981e16b3338abccc836bb25772f97caa93cf606521833e16d",
    "generated/quotient/0627.json": "4572e08833805c8819f1a829d029385b3c418db05e48d1bb9560fff65ea821d0",
    "generated/quotient/0628.json": "d97ce7e69132bd200faa96d8526d40b8c1a09138f8cc276f8fe7ffb4b370bc09",
    "generated/quotient/0629.json": "bdbff6854a3c624f871282d2056d885d7c59135c688d1b1b2edc0f706ae29438",
    "generated/quotient/0630.json": "18439be5c85b6b81137fd3d0cb667ae768f9ca5e78509df870af0d3c9748dbf8",
    "generated/quotient/0631.json": "bb34d258cf447d9205506d14c585e1ba96cfa0c4f2ceb0f7592260d8f967f372",
    "generated/quotient/0632.json": "9e7b3c27f3e4122c08e134210c4f4efe190dbc9b5d637efd9583b068d6444060",
    "generated/quotient/0633.json": "3fff186ea4f873d07e3cdc3f80439be14d4ef690e4813bf70e6343b6b53dd5ed",
    "generated/quotient/0634.json": "d46c26adafda199acfa4525db040447ff8682aa5348a1e28790b6b9f7d9ede51",
    "generated/quotient/0635.json": "4efa9db6749b5896607542bb24cdd4e1520ef91c66bbf4275f48bd1940123deb",
    "generated/quotient/0636.json": "3287a2e185780edca3a1ef574f90026bec53ffcff425d9b7b94a90c0d0ebf088",
    "generated/quotient/0637.json": "5e82eefd07dc0402d4114051afaeac70739e28ea00ae8bef12897982314f2735",
    "generated/quotient/0638.json": "043d889047520aea3c3bbf632cf9eb64a26107f3efd9116625396689f1e43c39",
    "generated/quotient/0639.json": "6d16ecfe795fc0436f64dba060371a79957b54ee8d597e58b78a4eebd7aacad1",
    "generated/quotient/0640.json": "92f0cbd682ec44ed2ca36b1d420e47add5791cf8994d2fcbb2f3e0ce10ba3bc1",
    "generated/quotient/0641.json": "05ea656641384fd7b17c967b9e97e57d0c61dc8fee94338dee4807aab672852b",
    "generated/quotient/0642.json": "6c4068ec450327b7e3ee594177862c5c0cba5ac2cfda2e5040eb296a2aaae569",
    "generated/quotient/0643.json": "a73d494ab1d3ab375f51bccecf771647efafb24df2d849583771fcabda231421",
    "generated/quotient/0644.json": "196db9e172ae1b19a7b8e3b3d2987862a1ae5499eb869597558651225c4999c3",
    "generated/quotient/0645.json": "b5686c5b0671ac3ba66f62e60138c425b6c1960a78f13a8588a8a801e5dc3b3a",
    "generated/quotient/0646.json": "a431acfcd4d6ecb880c2cd30736ec734852169e1a3323d0d4baeb0cec979c563",
    "generated/quotient/0647.json": "a67fa4457a4b691ec8c979f5bc188a4350fe64b61494089ad87af5bf1fe7ad29",
    "generated/quotient/0648.json": "f7b337ce8b01166c68e70580da9cb79a1b82c4829ad1eb85cfea8479e28d083a",
    "generated/quotient/0649.json": "c8a13e276714f4423ecd5ae19f698569899b26d0ab735c0f80670a2e9d8b9cbe",
    "generated/quotient/0650.json": "f4208e01a57831118e8abe26d938eece13eb6cb685d964bbc6103abcfa23747e",
    "generated/quotient/0651.json": "94b070261eaa1f79dedbec70d0193b81303ca204e1bafe47ed0680c6c1cda801",
    "generated/quotient/0652.json": "61855dba44b478acb6e84280064b4fc2d5b119872740fd14dbff4b1815baa9f0",
    "generated/quotient/0653.json": "c0b97f7e109f7078db6ab5e798957a58c78588a5aaa01403639a990bc93fb80c",
    "generated/quotient/0654.json": "bff6c981a969116b313f1587f85c88e5bc7be49540fce8773adbe00c23b888ea",
    "generated/quotient/0655.json": "cc24cf56f8294a2f38e92c5b5c14a10d310af45968578ed1aa55af44b8143fc4",
    "generated/quotient/0656.json": "281d76aa9654c9db3700089199bca5e251bea1d2896d2c1710757df48cb99f60",
    "generated/quotient/0657.json": "cd17462f52a61f9d488bcd7d3a564a5872e8cb723c9e96aa1f8e448c6bfdffbe",
    "generated/quotient/0658.json": "520cedced4e7c5f6adbffaf014062a0d790de053784fd14e99f820c5d420a0f0",
    "generated/quotient/0659.json": "e9771af28e45bf01941695979699a538def3a1d4254141415af77204d1ef516d",
    "generated/quotient/0660.json": "98b34695e7a7bc57aa88c5a43c8d726159626aff5e61318b53ab8817c204bdc9",
    "generated/quotient/0661.json": "56ebb8189f285874e285f4d76a9e3018ca1cba5561c91ddde08ab4ad431c59f1",
    "generated/response_L2.json": "5f7311dc369b4419de57f1ce1e94f87905f087bbbb8d67276caa625117b9e856",
    "generated/response_L3.json": "959933ce0f9966fa3d0b7d8e24fdf36852978f3c2221daafa7d65e0d5ddb872e",
    "plaquette_response.py": "14d5abebdefc5fe1ec1bf5e380d7ccdc82d8339b36e747290218ad17d167bfa7",
    "produce_fifth.py": "599c874eaa2bba98496d8d2dfc621754dab5e5fa05333aef7bf8d728ee261428",
    "replay.py": "8ce36b445cef9bad0d0df3e76ba73717ed98c1f91bd8d7279e3fda26b7b6f3b3",
    "sphere_quotient.py": "ce617bdef9a1256857593562a860b84b6b03b8f19a09a3b82a9d9e08fa93a875",
    "verify_fifth.py": "f7a98db3465337eba6375118d6fc79d4a68abae41c56ddd5ac0b6adef39c3166"
  }
}
